2026-09-27 14:30:04,827 INFO [STARTUP CHECK] INTERNAL_BOT_KEY is SET (length=64) — X-Internal-Auth header WILL be sent on every WordPress request.
2026-09-27 14:30:04,828 INFO 🚀 Computrabajo Colombia scraper — starting… (Ctrl+C to stop, safe to resume)
2026-09-27 14:30:04,829 DEBUG Starting new HTTPS connection (1): colombia.mimusjobs.com:443
2026-09-27 14:30:06,263 DEBUG https://colombia.mimusjobs.com:443 "GET /wp-json/wp/v2/job_listing_type?slug=full-time HTTP/1.1" 200 None
2026-09-27 14:30:07,352 DEBUG https://colombia.mimusjobs.com:443 "GET /wp-json/wp/v2/job_listing_type?slug=part-time HTTP/1.1" 200 None
2026-09-27 14:30:07,928 DEBUG https://colombia.mimusjobs.com:443 "GET /wp-json/wp/v2/job_listing_type?slug=contract HTTP/1.1" 200 None
2026-09-27 14:30:08,922 DEBUG https://colombia.mimusjobs.com:443 "GET /wp-json/wp/v2/job_listing_type?slug=temporary HTTP/1.1" 200 None
2026-09-27 14:30:09,969 DEBUG https://colombia.mimusjobs.com:443 "GET /wp-json/wp/v2/job_listing_type?slug=internship HTTP/1.1" 200 None
2026-09-27 14:30:11,145 DEBUG https://colombia.mimusjobs.com:443 "GET /wp-json/wp/v2/job_listing_type?slug=volunteer HTTP/1.1" 200 None
2026-09-27 14:30:11,146 INFO 📋 0 jobs already in tracker.
2026-09-27 14:30:11,146 INFO Fetching homepage: https://co.computrabajo.com/
2026-09-27 14:30:11,147 DEBUG Starting new HTTPS connection (1): co.computrabajo.com:443
2026-09-27 14:30:11,410 DEBUG https://co.computrabajo.com:443 "GET / HTTP/1.1" 200 None
2026-09-27 14:30:11,464 DEBUG     GET https://co.computrabajo.com/ → HTTP 200 (123,705 chars)
2026-09-27 14:30:11,488 INFO 📍 Found 46 location URLs via the div.lL container.
2026-09-27 14:30:11,488 INFO 📍 Found 46 location URLs on the homepage.
2026-09-27 14:30:11,488 DEBUG     [0] https://co.computrabajo.com/empleos-en-bogota-dc
2026-09-27 14:30:11,488 DEBUG     [1] https://co.computrabajo.com/empleos-en-bogota-dc-ciudad
2026-09-27 14:30:11,488 DEBUG     [2] https://co.computrabajo.com/empleos-en-antioquia
2026-09-27 14:30:11,488 DEBUG     [3] https://co.computrabajo.com/empleos-en-medellin
2026-09-27 14:30:11,488 DEBUG     [4] https://co.computrabajo.com/empleos-en-itagui
2026-09-27 14:30:11,488 DEBUG     [5] https://co.computrabajo.com/empleos-en-antioquia-en-rionegro
2026-09-27 14:30:11,488 DEBUG     [6] https://co.computrabajo.com/empleos-en-valle-del-cauca
2026-09-27 14:30:11,488 DEBUG     [7] https://co.computrabajo.com/empleos-en-cali
2026-09-27 14:30:11,488 DEBUG     [8] https://co.computrabajo.com/empleos-en-palmira
2026-09-27 14:30:11,488 DEBUG     [9] https://co.computrabajo.com/empleos-en-yumbo
2026-09-27 14:30:11,488 DEBUG     [10] https://co.computrabajo.com/empleos-en-cundinamarca
2026-09-27 14:30:11,488 DEBUG     [11] https://co.computrabajo.com/empleos-en-chia
2026-09-27 14:30:11,488 DEBUG     [12] https://co.computrabajo.com/empleos-en-funza
2026-09-27 14:30:11,488 DEBUG     [13] https://co.computrabajo.com/empleos-en-cundinamarca-en-mosquera
2026-09-27 14:30:11,488 DEBUG     [14] https://co.computrabajo.com/empleos-en-atlantico
2026-09-27 14:30:11,488 DEBUG     [15] https://co.computrabajo.com/empleos-en-barranquilla
2026-09-27 14:30:11,488 DEBUG     [16] https://co.computrabajo.com/empleos-en-soledad
2026-09-27 14:30:11,488 DEBUG     [17] https://co.computrabajo.com/empleos-en-malambo
2026-09-27 14:30:11,488 DEBUG     [18] https://co.computrabajo.com/empleos-en-santander
2026-09-27 14:30:11,489 DEBUG     [19] https://co.computrabajo.com/empleos-en-bucaramanga
2026-09-27 14:30:11,489 DEBUG     [20] https://co.computrabajo.com/empleos-en-barrancabermeja
2026-09-27 14:30:11,489 DEBUG     [21] https://co.computrabajo.com/empleos-en-floridablanca
2026-09-27 14:30:11,489 DEBUG     [22] https://co.computrabajo.com/empleos-en-risaralda
2026-09-27 14:30:11,489 DEBUG     [23] https://co.computrabajo.com/empleos-en-pereira
2026-09-27 14:30:11,489 DEBUG     [24] https://co.computrabajo.com/empleos-en-dosquebradas
2026-09-27 14:30:11,489 DEBUG     [25] https://co.computrabajo.com/empleos-en-santa-rosa-de-cabal
2026-09-27 14:30:11,489 DEBUG     [26] https://co.computrabajo.com/empleos-en-bolivar
2026-09-27 14:30:11,489 DEBUG     [27] https://co.computrabajo.com/empleos-en-cartagena-de-indias
2026-09-27 14:30:11,489 DEBUG     [28] https://co.computrabajo.com/empleos-en-magangue
2026-09-27 14:30:11,489 DEBUG     [29] https://co.computrabajo.com/empleos-en-turbaco
2026-09-27 14:30:11,489 DEBUG     [30] https://co.computrabajo.com/empleos-en-meta
2026-09-27 14:30:11,489 DEBUG     [31] https://co.computrabajo.com/empleos-en-villavicencio
2026-09-27 14:30:11,489 DEBUG     [32] https://co.computrabajo.com/empleos-en-puerto-gaitan
2026-09-27 14:30:11,489 DEBUG     [33] https://co.computrabajo.com/empleos-en-acacias
2026-09-27 14:30:11,489 DEBUG     [34] https://co.computrabajo.com/empleos-en-tolima
2026-09-27 14:30:11,489 DEBUG     [35] https://co.computrabajo.com/empleos-en-ibague
2026-09-27 14:30:11,489 DEBUG     [36] https://co.computrabajo.com/empleos-en-espinal
2026-09-27 14:30:11,489 DEBUG     [37] https://co.computrabajo.com/empleos-en-melgar
2026-09-27 14:30:11,489 DEBUG     [38] https://co.computrabajo.com/empleos-en-caldas
2026-09-27 14:30:11,489 DEBUG     [39] https://co.computrabajo.com/empleos-en-manizales
2026-09-27 14:30:11,489 DEBUG     [40] https://co.computrabajo.com/empleos-en-la-dorada
2026-09-27 14:30:11,489 DEBUG     [41] https://co.computrabajo.com/empleos-en-chinchina
2026-09-27 14:30:11,489 DEBUG     [42] https://co.computrabajo.com/empleos-en-boyaca
2026-09-27 14:30:11,489 DEBUG     [43] https://co.computrabajo.com/empleos-en-tunja
2026-09-27 14:30:11,489 DEBUG     [44] https://co.computrabajo.com/empleos-en-sogamoso
2026-09-27 14:30:11,489 DEBUG     [45] https://co.computrabajo.com/empleos-en-duitama
2026-09-27 14:30:11,489 INFO 🚀 Starting Computrabajo Colombia scrape across 46 locations, resuming at location #0 (https://co.computrabajo.com/empleos-en-bogota-dc), page 1.
2026-09-27 14:30:11,489 INFO Fetching listing page 1: https://co.computrabajo.com/empleos-en-bogota-dc
2026-09-27 14:30:11,599 DEBUG https://co.computrabajo.com:443 "GET /empleos-en-bogota-dc HTTP/1.1" 200 None
2026-09-27 14:30:11,655 DEBUG     GET https://co.computrabajo.com/empleos-en-bogota-dc → HTTP 200 (328,337 chars)
2026-09-27 14:30:11,693 INFO Found 20 job URLs on page 1
2026-09-27 14:30:11,693 DEBUG     job 1: https://co.computrabajo.com/ofertas-de-trabajo/oferta-de-trabajo-de-docentes-de-ciencias-sociales-bilingue-b2-colsubsidio-bogota-en-bogota-dc-5726EBAD9923EB9B61373E686DCF3405
2026-09-27 14:30:11,693 DEBUG     job 2: https://co.computrabajo.com/ofertas-de-trabajo/oferta-de-trabajo-de-pasteleropastillaje-fines-de-semana-se-trabaja-de-jueves-a-domingo-en-bogota-dc-C6308969826BCF8861373E686DCF3405
2026-09-27 14:30:11,693 DEBUG     job 3: https://co.computrabajo.com/ofertas-de-trabajo/oferta-de-trabajo-de-docentes-de-quimica-colegios-colsubsidio-bogota-en-bogota-dc-F7A5BB3F6BF792C961373E686DCF3405
2026-09-27 14:30:11,693 DEBUG     job 4: https://co.computrabajo.com/ofertas-de-trabajo/oferta-de-trabajo-de-docentes-de-fisica-colegios-colsubsidio-bogota-en-bogota-dc-847A7D72A47F816361373E686DCF3405
2026-09-27 14:30:11,693 DEBUG     job 5: https://co.computrabajo.com/ofertas-de-trabajo/oferta-de-trabajo-de-recepcionista-bilingue-bogota-en-bogota-dc-33873A993A5CB70D61373E686DCF3405
2026-09-27 14:30:11,694 DEBUG     job 6: https://co.computrabajo.com/ofertas-de-trabajo/oferta-de-trabajo-de-docentes-de-matematicas-colegios-colsubsidio-bogota-en-bogota-dc-6D3C4013F6F05EBB61373E686DCF3405
2026-09-27 14:30:11,694 DEBUG     job 7: https://co.computrabajo.com/ofertas-de-trabajo/oferta-de-trabajo-de-docentes-de-lenguaje-colegios-colsubsidio-bogota-en-bogota-dc-F1E70E150B7BB2AF61373E686DCF3405
2026-09-27 14:30:11,694 DEBUG     job 8: https://co.computrabajo.com/ofertas-de-trabajo/oferta-de-trabajo-de-docentes-de-educacion-fisica-bilingue-b2-colsubsidio-bogota-en-bogota-dc-BB8F5395E9A0644961373E686DCF3405
2026-09-27 14:30:11,694 DEBUG     job 9: https://co.computrabajo.com/ofertas-de-trabajo/oferta-de-trabajo-de-docentes-de-ingles-bilingue-b2-colsubsidio-bogota-en-bogota-dc-1418BC6435FC610861373E686DCF3405
2026-09-27 14:30:11,694 DEBUG     job 10: https://co.computrabajo.com/ofertas-de-trabajo/oferta-de-trabajo-de-docentes-de-sociales-colegios-colsubsidio-bogota-en-bogota-dc-40E8A469D706FA0F61373E686DCF3405
2026-09-27 14:30:11,694 DEBUG     job 11: https://co.computrabajo.com/ofertas-de-trabajo/oferta-de-trabajo-de-escuela-de-vendedores-conductor-preventista-venta-tienda-a-tienda-autoventa-licencia-c1-y-c2-en-bogota-dc-9F79F75D2B10575661373E686DCF3405
2026-09-27 14:30:11,694 DEBUG     job 12: https://co.computrabajo.com/ofertas-de-trabajo/oferta-de-trabajo-de-director-comercial-o-gerente-comercial-proyecto-2-meses-solo-4-horas-ala-semana-en-bogota-dc-95BE23F11F46BBAC61373E686DCF3405
2026-09-27 14:30:11,694 DEBUG     job 13: https://co.computrabajo.com/ofertas-de-trabajo/oferta-de-trabajo-de-asesor-comercial-con-o-sin-experiencia-en-bogota-dc-A36162A19173A8D061373E686DCF3405
2026-09-27 14:30:11,694 DEBUG     job 14: https://co.computrabajo.com/ofertas-de-trabajo/oferta-de-trabajo-de-auxiliar-administrativo-contratacion-inmediata-en-bogota-dc-F6487B7681A1B9E261373E686DCF3405
2026-09-27 14:30:11,694 DEBUG     job 15: https://co.computrabajo.com/ofertas-de-trabajo/oferta-de-trabajo-de-conductor-de-camion-sencillo-contratacion-inmediata-en-bogota-dc-8FBFEF4DDC7CCD6261373E686DCF3405
2026-09-27 14:30:11,694 DEBUG     job 16: https://co.computrabajo.com/ofertas-de-trabajo/oferta-de-trabajo-de-formadora-contact-center-sector-salud-y-arl-en-bogota-dc-E6E67D7413B1938E61373E686DCF3405
2026-09-27 14:30:11,694 DEBUG     job 17: https://co.computrabajo.com/ofertas-de-trabajo/oferta-de-trabajo-de-profesional-en-contaduria-manejo-programa-odoo-en-bogota-dc-6A665B0213B8500E61373E686DCF3405
2026-09-27 14:30:11,694 DEBUG     job 18: https://co.computrabajo.com/ofertas-de-trabajo/oferta-de-trabajo-de-oficial-de-obra-en-bogota-dc-774CFA4BF81E74F861373E686DCF3405
2026-09-27 14:30:11,694 DEBUG     job 19: https://co.computrabajo.com/ofertas-de-trabajo/oferta-de-trabajo-de-ayudante-de-distribuccion-y-recoleccion-ruta-bodega-experiencia-en-direcciones-y-mensajeria-en-bogota-dc-36C30D78B6C0C65A61373E686DCF3405
2026-09-27 14:30:11,694 DEBUG     job 20: https://co.computrabajo.com/ofertas-de-trabajo/oferta-de-trabajo-de-supervisor-de-cobranza-cartera-castigada-en-bogota-dc-53EEEFBC4372A67F61373E686DCF3405
2026-09-27 14:30:11,694 INFO ── https://co.computrabajo.com/empleos-en-bogota-dc | page 1 | job 1/20: https://co.computrabajo.com/ofertas-de-trabajo/oferta-de-trabajo-de-docentes-de-ciencias-sociales-bilingue-b2-colsubsidio-bogota-en-bogota-dc-5726EBAD9923EB9B61373E686DCF3405
2026-09-27 14:30:11,778 DEBUG https://co.computrabajo.com:443 "GET /ofertas-de-trabajo/oferta-de-trabajo-de-docentes-de-ciencias-sociales-bilingue-b2-colsubsidio-bogota-en-bogota-dc-5726EBAD9923EB9B61373E686DCF3405 HTTP/1.1" 200 None
2026-09-27 14:30:11,781 DEBUG     GET https://co.computrabajo.com/ofertas-de-trabajo/oferta-de-trabajo-de-docentes-de-ciencias-sociales-bilingue-b2-colsubsidio-bogota-en-bogota-dc-5726EBAD9923EB9B61373E686DCF3405 → HTTP 200 (165,174 chars)
2026-09-27 14:30:11,817 INFO     ┌─ SCRAPED JOB ─────────────────────────────────────────
    │ URL          : https://co.computrabajo.com/ofertas-de-trabajo/oferta-de-trabajo-de-docentes-de-ciencias-sociales-bilingue-b2-colsubsidio-bogota-en-bogota-dc-5726EBAD9923EB9B61373E686DCF3405
    │ Title        : Docentes de Ciencias Sociales Bilingüe B2 Colsubsidio - Bogotá
    │ Company      : CENTRO DE EMPLEO Y TALENTO COLSUBSIDIO
    │ Location     : Bogotá, D.C.
    │ Job type     : full-time
    │ Salary       : 4816000 COP
    │ Industry     : RRHH / Personal
    │ Date posted  : 2026-09-27
    │ Deadline     : 2026-11-26
    │ External ID  : 7AA3FDE1981F3DFE
    │ Description  : Docente de Ciencias Sociales Bilingüe B2 | Colsubsidio
¡Haz parte de Colsubsidio, la quinta empresa empleadora más grande del país y una de las organizaciones más reconocidas por su compromiso con la …
    └───────────────────────────────────────────────────────
2026-09-27 14:30:12,575 DEBUG https://colombia.mimusjobs.com:443 "GET /wp-json/wp/v2/companies?slug=centro-de-empleo-y-talento-colsubsidio HTTP/1.1" 200 None
2026-09-27 14:30:12,576 INFO ⏭ Company exists: CENTRO DE EMPLEO Y TALENTO COLSUBSIDIO
2026-09-27 14:30:13,783 DEBUG https://colombia.mimusjobs.com:443 "GET /wp-json/wp/v2/job-listings?slug=docentes-de-ciencias-sociales-biling-e-b2-colsubsidio---bogot- HTTP/1.1" 200 None
2026-09-27 14:30:13,785 DEBUG Starting new HTTPS connection (1): ii.ct-stc.com:443
2026-09-27 14:30:14,071 DEBUG https://ii.ct-stc.com:443 "GET /1/logos/empresas/2026/04/08//agenciadeempleocolsubsidio215531thumbnail.png HTTP/1.1" 200 12609
2026-09-27 14:30:15,949 DEBUG https://colombia.mimusjobs.com:443 "POST /wp-json/wp/v2/media HTTP/1.1" 201 None
2026-09-27 14:30:17,280 DEBUG https://colombia.mimusjobs.com:443 "GET /wp-json/wp/v2/job_listing_region?slug=bogot---d-c- HTTP/1.1" 200 None
2026-09-27 14:30:18,698 DEBUG https://colombia.mimusjobs.com:443 "POST /wp-json/wp/v2/job-listings HTTP/1.1" 201 None
2026-09-27 14:30:18,699 INFO ✅ Job posted: 'Docentes de Ciencias Sociales Bilingüe B2 Colsubsidio - Bogotá' → WP ID 39922
2026-09-27 14:30:18,699 INFO ✅ SUCCESS — 'Docentes de Ciencias Sociales Bilingüe B2 Colsubsidio - Bogotá' → WP ID=39922 🔗 https://colombia.mimusjobs.com/job/docentes-de-ciencias-sociales-bilingue-b2-colsubsidio-bogota/
2026-09-27 14:30:19,699 INFO ── https://co.computrabajo.com/empleos-en-bogota-dc | page 1 | job 2/20: https://co.computrabajo.com/ofertas-de-trabajo/oferta-de-trabajo-de-pasteleropastillaje-fines-de-semana-se-trabaja-de-jueves-a-domingo-en-bogota-dc-C6308969826BCF8861373E686DCF3405
2026-09-27 14:30:19,801 DEBUG https://co.computrabajo.com:443 "GET /ofertas-de-trabajo/oferta-de-trabajo-de-pasteleropastillaje-fines-de-semana-se-trabaja-de-jueves-a-domingo-en-bogota-dc-C6308969826BCF8861373E686DCF3405 HTTP/1.1" 200 None
2026-09-27 14:30:19,804 DEBUG     GET https://co.computrabajo.com/ofertas-de-trabajo/oferta-de-trabajo-de-pasteleropastillaje-fines-de-semana-se-trabaja-de-jueves-a-domingo-en-bogota-dc-C6308969826BCF8861373E686DCF3405 → HTTP 200 (150,327 chars)
2026-09-27 14:30:19,819 WARNING No JobPosting JSON-LD found, using HTML fallback: https://co.computrabajo.com/ofertas-de-trabajo/oferta-de-trabajo-de-pasteleropastillaje-fines-de-semana-se-trabaja-de-jueves-a-domingo-en-bogota-dc-C6308969826BCF8861373E686DCF3405
2026-09-27 14:30:19,821 INFO     ┌─ SCRAPED JOB ─────────────────────────────────────────
    │ URL          : https://co.computrabajo.com/ofertas-de-trabajo/oferta-de-trabajo-de-pasteleropastillaje-fines-de-semana-se-trabaja-de-jueves-a-domingo-en-bogota-dc-C6308969826BCF8861373E686DCF3405
    │ Title        : PasteleroPastillaje Fines de Semana - se trabaja de jueves a domingo
    │ Company      : Importante empresa del sector
    │ Location     : Bogotá, D.C., Bogotá, D.C.
    │ Job type     : full-time
    │ Salary       : A convenir COP
    │ Industry     : (none)
    │ Date posted  : (unknown)
    │ Deadline     : (estimated: )
    │ External ID  : (none)
    │ Description  : Se busca un Decorador Pastillaje para trabajar fines de semana de forma presencial.
Funciones
Realizar diseños de pastillaje.
Asegurar la calidad y coherencia de los acabados.
Colaborar con otros comp…
    └───────────────────────────────────────────────────────
2026-09-27 14:30:20,834 DEBUG https://colombia.mimusjobs.com:443 "GET /wp-json/wp/v2/companies?slug=importante-empresa-del-sector HTTP/1.1" 200 None
2026-09-27 14:30:20,835 INFO ⏭ Company exists: Importante empresa del sector
2026-09-27 14:30:21,576 DEBUG https://colombia.mimusjobs.com:443 "GET /wp-json/wp/v2/job-listings?slug=pasteleropastillaje-fines-de-semana---se-trabaja-de-jueves-a-domingo HTTP/1.1" 200 None
2026-09-27 14:30:22,385 DEBUG https://colombia.mimusjobs.com:443 "GET /wp-json/wp/v2/job_listing_region?slug=bogot---d-c---bogot---d-c- HTTP/1.1" 200 None
2026-09-27 14:30:23,365 DEBUG https://colombia.mimusjobs.com:443 "POST /wp-json/wp/v2/job-listings HTTP/1.1" 201 None
2026-09-27 14:30:23,366 INFO ✅ Job posted: 'PasteleroPastillaje Fines de Semana - se trabaja de jueves a domingo' → WP ID 39924
2026-09-27 14:30:23,366 INFO ✅ SUCCESS — 'PasteleroPastillaje Fines de Semana - se trabaja de jueves a domingo' → WP ID=39924 🔗 https://colombia.mimusjobs.com/job/pasteleropastillaje-fines-de-semana-se-trabaja-de-jueves-a-domingo/
2026-09-27 14:30:24,366 INFO ── https://co.computrabajo.com/empleos-en-bogota-dc | page 1 | job 3/20: https://co.computrabajo.com/ofertas-de-trabajo/oferta-de-trabajo-de-docentes-de-quimica-colegios-colsubsidio-bogota-en-bogota-dc-F7A5BB3F6BF792C961373E686DCF3405
2026-09-27 14:30:24,487 DEBUG https://co.computrabajo.com:443 "GET /ofertas-de-trabajo/oferta-de-trabajo-de-docentes-de-quimica-colegios-colsubsidio-bogota-en-bogota-dc-F7A5BB3F6BF792C961373E686DCF3405 HTTP/1.1" 200 None
2026-09-27 14:30:24,491 DEBUG     GET https://co.computrabajo.com/ofertas-de-trabajo/oferta-de-trabajo-de-docentes-de-quimica-colegios-colsubsidio-bogota-en-bogota-dc-F7A5BB3F6BF792C961373E686DCF3405 → HTTP 200 (164,877 chars)
2026-09-27 14:30:24,519 INFO     ┌─ SCRAPED JOB ─────────────────────────────────────────
    │ URL          : https://co.computrabajo.com/ofertas-de-trabajo/oferta-de-trabajo-de-docentes-de-quimica-colegios-colsubsidio-bogota-en-bogota-dc-F7A5BB3F6BF792C961373E686DCF3405
    │ Title        : Docentes de Química Colegios Colsubsidio - Bogotá
    │ Company      : CENTRO DE EMPLEO Y TALENTO COLSUBSIDIO
    │ Location     : Bogotá, D.C.
    │ Job type     : full-time
    │ Salary       : 2936100 COP
    │ Industry     : RRHH / Personal
    │ Date posted  : 2026-09-27
    │ Deadline     : 2026-11-26
    │ External ID  : 7AA3FDE1981F3DFE
    │ Description  : Docente de Lenguaje Colegios Colsubsidio
¡Haz parte de Colsubsidio, la quinta empresa empleadora más grande del país y una de las organizaciones más reconocidas por su compromiso con la educación y el…
    └───────────────────────────────────────────────────────
2026-09-27 14:30:25,307 DEBUG https://colombia.mimusjobs.com:443 "GET /wp-json/wp/v2/companies?slug=centro-de-empleo-y-talento-colsubsidio HTTP/1.1" 200 None
2026-09-27 14:30:25,308 INFO ⏭ Company exists: CENTRO DE EMPLEO Y TALENTO COLSUBSIDIO
2026-09-27 14:30:26,230 DEBUG https://colombia.mimusjobs.com:443 "GET /wp-json/wp/v2/job-listings?slug=docentes-de-qu-mica-colegios-colsubsidio---bogot- HTTP/1.1" 200 None
2026-09-27 14:30:26,255 DEBUG https://ii.ct-stc.com:443 "GET /1/logos/empresas/2026/04/08//agenciadeempleocolsubsidio215531thumbnail.png HTTP/1.1" 200 12609
2026-09-27 14:30:28,402 DEBUG https://colombia.mimusjobs.com:443 "POST /wp-json/wp/v2/media HTTP/1.1" 201 None
2026-09-27 14:30:31,315 DEBUG https://colombia.mimusjobs.com:443 "POST /wp-json/wp/v2/job-listings HTTP/1.1" 201 None
2026-09-27 14:30:31,316 INFO ✅ Job posted: 'Docentes de Química Colegios Colsubsidio - Bogotá' → WP ID 39927
2026-09-27 14:30:31,316 INFO ✅ SUCCESS — 'Docentes de Química Colegios Colsubsidio - Bogotá' → WP ID=39927 🔗 https://colombia.mimusjobs.com/job/docentes-de-quimica-colegios-colsubsidio-bogota/
2026-09-27 14:30:32,316 INFO ── https://co.computrabajo.com/empleos-en-bogota-dc | page 1 | job 4/20: https://co.computrabajo.com/ofertas-de-trabajo/oferta-de-trabajo-de-docentes-de-fisica-colegios-colsubsidio-bogota-en-bogota-dc-847A7D72A47F816361373E686DCF3405
2026-09-27 14:30:32,396 DEBUG https://co.computrabajo.com:443 "GET /ofertas-de-trabajo/oferta-de-trabajo-de-docentes-de-fisica-colegios-colsubsidio-bogota-en-bogota-dc-847A7D72A47F816361373E686DCF3405 HTTP/1.1" 200 None
2026-09-27 14:30:32,399 DEBUG     GET https://co.computrabajo.com/ofertas-de-trabajo/oferta-de-trabajo-de-docentes-de-fisica-colegios-colsubsidio-bogota-en-bogota-dc-847A7D72A47F816361373E686DCF3405 → HTTP 200 (164,709 chars)
2026-09-27 14:30:32,418 INFO     ┌─ SCRAPED JOB ─────────────────────────────────────────
    │ URL          : https://co.computrabajo.com/ofertas-de-trabajo/oferta-de-trabajo-de-docentes-de-fisica-colegios-colsubsidio-bogota-en-bogota-dc-847A7D72A47F816361373E686DCF3405
    │ Title        : Docentes de Física Colegios Colsubsidio - Bogotá
    │ Company      : CENTRO DE EMPLEO Y TALENTO COLSUBSIDIO
    │ Location     : Bogotá, D.C.
    │ Job type     : full-time
    │ Salary       : 2936100 COP
    │ Industry     : RRHH / Personal
    │ Date posted  : 2026-09-27
    │ Deadline     : 2026-11-26
    │ External ID  : 7AA3FDE1981F3DFE
    │ Description  : Docente de Lenguaje Colegios Colsubsidio
¡Haz parte de Colsubsidio, la quinta empresa empleadora más grande del país y una de las organizaciones más reconocidas por su compromiso con la educación y el…
    └───────────────────────────────────────────────────────
2026-09-27 14:30:33,154 DEBUG https://colombia.mimusjobs.com:443 "GET /wp-json/wp/v2/companies?slug=centro-de-empleo-y-talento-colsubsidio HTTP/1.1" 200 None
2026-09-27 14:30:33,155 INFO ⏭ Company exists: CENTRO DE EMPLEO Y TALENTO COLSUBSIDIO
2026-09-27 14:30:33,865 DEBUG https://colombia.mimusjobs.com:443 "GET /wp-json/wp/v2/job-listings?slug=docentes-de-f-sica-colegios-colsubsidio---bogot- HTTP/1.1" 200 None
2026-09-27 14:30:33,869 DEBUG https://ii.ct-stc.com:443 "GET /1/logos/empresas/2026/04/08//agenciadeempleocolsubsidio215531thumbnail.png HTTP/1.1" 200 12609
2026-09-27 14:30:35,379 DEBUG https://colombia.mimusjobs.com:443 "POST /wp-json/wp/v2/media HTTP/1.1" 201 None
2026-09-27 14:30:36,922 DEBUG https://colombia.mimusjobs.com:443 "POST /wp-json/wp/v2/job-listings HTTP/1.1" 201 None
2026-09-27 14:30:36,922 INFO ✅ Job posted: 'Docentes de Física Colegios Colsubsidio - Bogotá' → WP ID 39929
2026-09-27 14:30:36,922 INFO ✅ SUCCESS — 'Docentes de Física Colegios Colsubsidio - Bogotá' → WP ID=39929 🔗 https://colombia.mimusjobs.com/job/docentes-de-fisica-colegios-colsubsidio-bogota/
2026-09-27 14:30:37,923 INFO ── https://co.computrabajo.com/empleos-en-bogota-dc | page 1 | job 5/20: https://co.computrabajo.com/ofertas-de-trabajo/oferta-de-trabajo-de-recepcionista-bilingue-bogota-en-bogota-dc-33873A993A5CB70D61373E686DCF3405
2026-09-27 14:30:38,008 DEBUG https://co.computrabajo.com:443 "GET /ofertas-de-trabajo/oferta-de-trabajo-de-recepcionista-bilingue-bogota-en-bogota-dc-33873A993A5CB70D61373E686DCF3405 HTTP/1.1" 200 None
2026-09-27 14:30:38,011 DEBUG     GET https://co.computrabajo.com/ofertas-de-trabajo/oferta-de-trabajo-de-recepcionista-bilingue-bogota-en-bogota-dc-33873A993A5CB70D61373E686DCF3405 → HTTP 200 (171,773 chars)
2026-09-27 14:30:38,033 INFO     ┌─ SCRAPED JOB ─────────────────────────────────────────
    │ URL          : https://co.computrabajo.com/ofertas-de-trabajo/oferta-de-trabajo-de-recepcionista-bilingue-bogota-en-bogota-dc-33873A993A5CB70D61373E686DCF3405
    │ Title        : Recepcionista Bilingüe - Bogotá
    │ Company      : Securitas Colombia S.A.
    │ Location     : Bogotá, D.C.
    │ Job type     : full-time
    │ Salary       : (not listed)
    │ Industry     : Servicios Profesionales
    │ Date posted  : 2026-09-27
    │ Deadline     : 2026-11-26
    │ External ID  : ABD2A5E237A0989A
    │ Description  : Multinacional líder en Soluciones de seguridad requiere RECEPCIONISTA BILINGÜE para laborar en Siberia.
Experiencia seis meses en el cargo. Conocimientos en sistemas, servicio al cliente e inglés nive…
    └───────────────────────────────────────────────────────
2026-09-27 14:30:39,057 DEBUG https://colombia.mimusjobs.com:443 "GET /wp-json/wp/v2/companies?slug=securitas-colombia-s-a- HTTP/1.1" 200 None
2026-09-27 14:30:39,057 INFO ⏭ Company exists: Securitas Colombia S.A.
2026-09-27 14:30:42,151 DEBUG https://colombia.mimusjobs.com:443 "GET /wp-json/wp/v2/job-listings?slug=recepcionista-biling-e---bogot- HTTP/1.1" 200 None
2026-09-27 14:30:42,176 DEBUG https://ii.ct-stc.com:443 "GET /1/logos/empresas/2021/12/11/7df4528d14b24dc098df180700383thumbnail.png HTTP/1.1" 200 7148
2026-09-27 14:30:43,603 DEBUG https://colombia.mimusjobs.com:443 "POST /wp-json/wp/v2/media HTTP/1.1" 201 None
2026-09-27 14:30:45,095 DEBUG https://colombia.mimusjobs.com:443 "POST /wp-json/wp/v2/job-listings HTTP/1.1" 201 None
2026-09-27 14:30:45,095 INFO ✅ Job posted: 'Recepcionista Bilingüe - Bogotá' → WP ID 39934
2026-09-27 14:30:45,096 INFO ✅ SUCCESS — 'Recepcionista Bilingüe - Bogotá' → WP ID=39934 🔗 https://colombia.mimusjobs.com/job/recepcionista-bilingue-bogota-4/
2026-09-27 14:30:46,096 INFO ── https://co.computrabajo.com/empleos-en-bogota-dc | page 1 | job 6/20: https://co.computrabajo.com/ofertas-de-trabajo/oferta-de-trabajo-de-docentes-de-matematicas-colegios-colsubsidio-bogota-en-bogota-dc-6D3C4013F6F05EBB61373E686DCF3405
2026-09-27 14:30:46,175 DEBUG https://co.computrabajo.com:443 "GET /ofertas-de-trabajo/oferta-de-trabajo-de-docentes-de-matematicas-colegios-colsubsidio-bogota-en-bogota-dc-6D3C4013F6F05EBB61373E686DCF3405 HTTP/1.1" 200 None
2026-09-27 14:30:46,177 DEBUG     GET https://co.computrabajo.com/ofertas-de-trabajo/oferta-de-trabajo-de-docentes-de-matematicas-colegios-colsubsidio-bogota-en-bogota-dc-6D3C4013F6F05EBB61373E686DCF3405 → HTTP 200 (164,815 chars)
2026-09-27 14:30:46,195 INFO     ┌─ SCRAPED JOB ─────────────────────────────────────────
    │ URL          : https://co.computrabajo.com/ofertas-de-trabajo/oferta-de-trabajo-de-docentes-de-matematicas-colegios-colsubsidio-bogota-en-bogota-dc-6D3C4013F6F05EBB61373E686DCF3405
    │ Title        : Docentes de Matemáticas Colegios Colsubsidio - Bogotá
    │ Company      : CENTRO DE EMPLEO Y TALENTO COLSUBSIDIO
    │ Location     : Bogotá, D.C.
    │ Job type     : full-time
    │ Salary       : 2936100 COP
    │ Industry     : RRHH / Personal
    │ Date posted  : 2026-09-27
    │ Deadline     : 2026-11-26
    │ External ID  : 7AA3FDE1981F3DFE
    │ Description  : Docente de Matemáticas Colegios Colsubsidio
¡Haz parte de Colsubsidio, la quinta empresa empleadora más grande del país y una de las organizaciones más reconocidas por su compromiso con la educación y…
    └───────────────────────────────────────────────────────
2026-09-27 14:30:47,423 DEBUG https://colombia.mimusjobs.com:443 "GET /wp-json/wp/v2/companies?slug=centro-de-empleo-y-talento-colsubsidio HTTP/1.1" 200 None
2026-09-27 14:30:47,423 INFO ⏭ Company exists: CENTRO DE EMPLEO Y TALENTO COLSUBSIDIO
2026-09-27 14:30:48,010 DEBUG https://colombia.mimusjobs.com:443 "GET /wp-json/wp/v2/job-listings?slug=docentes-de-matem-ticas-colegios-colsubsidio---bogot- HTTP/1.1" 200 None
2026-09-27 14:30:48,013 DEBUG https://ii.ct-stc.com:443 "GET /1/logos/empresas/2026/04/08//agenciadeempleocolsubsidio215531thumbnail.png HTTP/1.1" 200 12609
2026-09-27 14:30:50,173 DEBUG https://colombia.mimusjobs.com:443 "POST /wp-json/wp/v2/media HTTP/1.1" 201 None
2026-09-27 14:30:51,785 DEBUG https://colombia.mimusjobs.com:443 "POST /wp-json/wp/v2/job-listings HTTP/1.1" 201 None
2026-09-27 14:30:51,785 INFO ✅ Job posted: 'Docentes de Matemáticas Colegios Colsubsidio - Bogotá' → WP ID 39937
2026-09-27 14:30:51,785 INFO ✅ SUCCESS — 'Docentes de Matemáticas Colegios Colsubsidio - Bogotá' → WP ID=39937 🔗 https://colombia.mimusjobs.com/job/docentes-de-matematicas-colegios-colsubsidio-bogota/
2026-09-27 14:30:52,786 INFO ── https://co.computrabajo.com/empleos-en-bogota-dc | page 1 | job 7/20: https://co.computrabajo.com/ofertas-de-trabajo/oferta-de-trabajo-de-docentes-de-lenguaje-colegios-colsubsidio-bogota-en-bogota-dc-F1E70E150B7BB2AF61373E686DCF3405
2026-09-27 14:30:52,868 DEBUG https://co.computrabajo.com:443 "GET /ofertas-de-trabajo/oferta-de-trabajo-de-docentes-de-lenguaje-colegios-colsubsidio-bogota-en-bogota-dc-F1E70E150B7BB2AF61373E686DCF3405 HTTP/1.1" 200 None
2026-09-27 14:30:52,870 DEBUG     GET https://co.computrabajo.com/ofertas-de-trabajo/oferta-de-trabajo-de-docentes-de-lenguaje-colegios-colsubsidio-bogota-en-bogota-dc-F1E70E150B7BB2AF61373E686DCF3405 → HTTP 200 (164,682 chars)
2026-09-27 14:30:52,889 INFO     ┌─ SCRAPED JOB ─────────────────────────────────────────
    │ URL          : https://co.computrabajo.com/ofertas-de-trabajo/oferta-de-trabajo-de-docentes-de-lenguaje-colegios-colsubsidio-bogota-en-bogota-dc-F1E70E150B7BB2AF61373E686DCF3405
    │ Title        : Docentes de Lenguaje Colegios Colsubsidio - Bogotá
    │ Company      : CENTRO DE EMPLEO Y TALENTO COLSUBSIDIO
    │ Location     : Bogotá, D.C.
    │ Job type     : full-time
    │ Salary       : 2936100 COP
    │ Industry     : RRHH / Personal
    │ Date posted  : 2026-09-27
    │ Deadline     : 2026-11-26
    │ External ID  : 7AA3FDE1981F3DFE
    │ Description  : Docente de Lenguaje Colegios Colsubsidio
¡Haz parte de Colsubsidio, la quinta empresa empleadora más grande del país y una de las organizaciones más reconocidas por su compromiso con la educación y el…
    └───────────────────────────────────────────────────────
2026-09-27 14:30:53,630 DEBUG https://colombia.mimusjobs.com:443 "GET /wp-json/wp/v2/companies?slug=centro-de-empleo-y-talento-colsubsidio HTTP/1.1" 200 None
2026-09-27 14:30:53,630 INFO ⏭ Company exists: CENTRO DE EMPLEO Y TALENTO COLSUBSIDIO
2026-09-27 14:30:54,311 DEBUG https://colombia.mimusjobs.com:443 "GET /wp-json/wp/v2/job-listings?slug=docentes-de-lenguaje-colegios-colsubsidio---bogot- HTTP/1.1" 200 None
2026-09-27 14:30:54,314 DEBUG https://ii.ct-stc.com:443 "GET /1/logos/empresas/2026/04/08//agenciadeempleocolsubsidio215531thumbnail.png HTTP/1.1" 200 12609
2026-09-27 14:30:56,572 DEBUG https://colombia.mimusjobs.com:443 "POST /wp-json/wp/v2/media HTTP/1.1" 201 None
2026-09-27 14:30:57,820 DEBUG https://colombia.mimusjobs.com:443 "POST /wp-json/wp/v2/job-listings HTTP/1.1" 201 None
2026-09-27 14:30:57,821 INFO ✅ Job posted: 'Docentes de Lenguaje Colegios Colsubsidio - Bogotá' → WP ID 39941
2026-09-27 14:30:57,821 INFO ✅ SUCCESS — 'Docentes de Lenguaje Colegios Colsubsidio - Bogotá' → WP ID=39941 🔗 https://colombia.mimusjobs.com/job/docentes-de-lenguaje-colegios-colsubsidio-bogota/
2026-09-27 14:30:58,821 INFO ── https://co.computrabajo.com/empleos-en-bogota-dc | page 1 | job 8/20: https://co.computrabajo.com/ofertas-de-trabajo/oferta-de-trabajo-de-docentes-de-educacion-fisica-bilingue-b2-colsubsidio-bogota-en-bogota-dc-BB8F5395E9A0644961373E686DCF3405
2026-09-27 14:30:58,948 DEBUG https://co.computrabajo.com:443 "GET /ofertas-de-trabajo/oferta-de-trabajo-de-docentes-de-educacion-fisica-bilingue-b2-colsubsidio-bogota-en-bogota-dc-BB8F5395E9A0644961373E686DCF3405 HTTP/1.1" 200 None
2026-09-27 14:30:58,951 DEBUG     GET https://co.computrabajo.com/ofertas-de-trabajo/oferta-de-trabajo-de-docentes-de-educacion-fisica-bilingue-b2-colsubsidio-bogota-en-bogota-dc-BB8F5395E9A0644961373E686DCF3405 → HTTP 200 (165,640 chars)
2026-09-27 14:30:58,970 INFO     ┌─ SCRAPED JOB ─────────────────────────────────────────
    │ URL          : https://co.computrabajo.com/ofertas-de-trabajo/oferta-de-trabajo-de-docentes-de-educacion-fisica-bilingue-b2-colsubsidio-bogota-en-bogota-dc-BB8F5395E9A0644961373E686DCF3405
    │ Title        : Docentes de Educación Física Bilingüe B2 Colsubsidio - Bogotá
    │ Company      : CENTRO DE EMPLEO Y TALENTO COLSUBSIDIO
    │ Location     : Bogotá, D.C.
    │ Job type     : full-time
    │ Salary       : 3838400 COP
    │ Industry     : RRHH / Personal
    │ Date posted  : 2026-09-27
    │ Deadline     : 2026-11-26
    │ External ID  : 7AA3FDE1981F3DFE
    │ Description  : Docente de Educación Física Bilingüe B2 | Colsubsidio
¡Haz parte de Colsubsidio, la quinta empresa empleadora más grande del país y una de las organizaciones más reconocidas por su compromiso con la e…
    └───────────────────────────────────────────────────────
2026-09-27 14:31:00,568 DEBUG https://colombia.mimusjobs.com:443 "GET /wp-json/wp/v2/companies?slug=centro-de-empleo-y-talento-colsubsidio HTTP/1.1" 200 None
2026-09-27 14:31:00,569 INFO ⏭ Company exists: CENTRO DE EMPLEO Y TALENTO COLSUBSIDIO
2026-09-27 14:31:01,421 DEBUG https://colombia.mimusjobs.com:443 "GET /wp-json/wp/v2/job-listings?slug=docentes-de-educaci-n-f-sica-biling-e-b2-colsubsidio---bogot- HTTP/1.1" 200 None
2026-09-27 14:31:01,425 DEBUG https://ii.ct-stc.com:443 "GET /1/logos/empresas/2026/04/08//agenciadeempleocolsubsidio215531thumbnail.png HTTP/1.1" 200 12609
2026-09-27 14:31:03,965 DEBUG https://colombia.mimusjobs.com:443 "POST /wp-json/wp/v2/media HTTP/1.1" 201 None
2026-09-27 14:31:05,361 DEBUG https://colombia.mimusjobs.com:443 "POST /wp-json/wp/v2/job-listings HTTP/1.1" 201 None
2026-09-27 14:31:05,361 INFO ✅ Job posted: 'Docentes de Educación Física Bilingüe B2 Colsubsidio - Bogotá' → WP ID 39943
2026-09-27 14:31:05,361 INFO ✅ SUCCESS — 'Docentes de Educación Física Bilingüe B2 Colsubsidio - Bogotá' → WP ID=39943 🔗 https://colombia.mimusjobs.com/job/docentes-de-educacion-fisica-bilingue-b2-colsubsidio-bogota/
2026-09-27 14:31:06,361 INFO ── https://co.computrabajo.com/empleos-en-bogota-dc | page 1 | job 9/20: https://co.computrabajo.com/ofertas-de-trabajo/oferta-de-trabajo-de-docentes-de-ingles-bilingue-b2-colsubsidio-bogota-en-bogota-dc-1418BC6435FC610861373E686DCF3405
2026-09-27 14:31:06,478 DEBUG https://co.computrabajo.com:443 "GET /ofertas-de-trabajo/oferta-de-trabajo-de-docentes-de-ingles-bilingue-b2-colsubsidio-bogota-en-bogota-dc-1418BC6435FC610861373E686DCF3405 HTTP/1.1" 200 None
2026-09-27 14:31:06,481 DEBUG     GET https://co.computrabajo.com/ofertas-de-trabajo/oferta-de-trabajo-de-docentes-de-ingles-bilingue-b2-colsubsidio-bogota-en-bogota-dc-1418BC6435FC610861373E686DCF3405 → HTTP 200 (164,916 chars)
2026-09-27 14:31:06,500 INFO     ┌─ SCRAPED JOB ─────────────────────────────────────────
    │ URL          : https://co.computrabajo.com/ofertas-de-trabajo/oferta-de-trabajo-de-docentes-de-ingles-bilingue-b2-colsubsidio-bogota-en-bogota-dc-1418BC6435FC610861373E686DCF3405
    │ Title        : Docentes de Ingles Bilingüe B2 Colsubsidio - Bogotá
    │ Company      : CENTRO DE EMPLEO Y TALENTO COLSUBSIDIO
    │ Location     : Bogotá, D.C.
    │ Job type     : full-time
    │ Salary       : 4816000 COP
    │ Industry     : RRHH / Personal
    │ Date posted  : 2026-09-27
    │ Deadline     : 2026-11-26
    │ External ID  : 7AA3FDE1981F3DFE
    │ Description  : Docente de Ingles Bilingüe B2 | Colsubsidio
¡Haz parte de Colsubsidio, la quinta empresa empleadora más grande del país y una de las organizaciones más reconocidas por su compromiso con la educación y…
    └───────────────────────────────────────────────────────
2026-09-27 14:31:07,584 DEBUG https://colombia.mimusjobs.com:443 "GET /wp-json/wp/v2/companies?slug=centro-de-empleo-y-talento-colsubsidio HTTP/1.1" 200 None
2026-09-27 14:31:07,585 INFO ⏭ Company exists: CENTRO DE EMPLEO Y TALENTO COLSUBSIDIO
2026-09-27 14:31:08,671 DEBUG https://colombia.mimusjobs.com:443 "GET /wp-json/wp/v2/job-listings?slug=docentes-de-ingles-biling-e-b2-colsubsidio---bogot- HTTP/1.1" 200 None
2026-09-27 14:31:08,675 DEBUG https://ii.ct-stc.com:443 "GET /1/logos/empresas/2026/04/08//agenciadeempleocolsubsidio215531thumbnail.png HTTP/1.1" 200 12609
2026-09-27 14:31:11,580 DEBUG https://colombia.mimusjobs.com:443 "POST /wp-json/wp/v2/media HTTP/1.1" 201 None
2026-09-27 14:31:13,859 DEBUG https://colombia.mimusjobs.com:443 "POST /wp-json/wp/v2/job-listings HTTP/1.1" 201 None
2026-09-27 14:31:13,860 INFO ✅ Job posted: 'Docentes de Ingles Bilingüe B2 Colsubsidio - Bogotá' → WP ID 39946
2026-09-27 14:31:13,860 INFO ✅ SUCCESS — 'Docentes de Ingles Bilingüe B2 Colsubsidio - Bogotá' → WP ID=39946 🔗 https://colombia.mimusjobs.com/job/docentes-de-ingles-bilingue-b2-colsubsidio-bogota/
2026-09-27 14:31:14,860 INFO ── https://co.computrabajo.com/empleos-en-bogota-dc | page 1 | job 10/20: https://co.computrabajo.com/ofertas-de-trabajo/oferta-de-trabajo-de-docentes-de-sociales-colegios-colsubsidio-bogota-en-bogota-dc-40E8A469D706FA0F61373E686DCF3405
2026-09-27 14:31:14,947 DEBUG https://co.computrabajo.com:443 "GET /ofertas-de-trabajo/oferta-de-trabajo-de-docentes-de-sociales-colegios-colsubsidio-bogota-en-bogota-dc-40E8A469D706FA0F61373E686DCF3405 HTTP/1.1" 200 None
2026-09-27 14:31:14,950 DEBUG     GET https://co.computrabajo.com/ofertas-de-trabajo/oferta-de-trabajo-de-docentes-de-sociales-colegios-colsubsidio-bogota-en-bogota-dc-40E8A469D706FA0F61373E686DCF3405 → HTTP 200 (164,710 chars)
2026-09-27 14:31:14,969 INFO     ┌─ SCRAPED JOB ─────────────────────────────────────────
    │ URL          : https://co.computrabajo.com/ofertas-de-trabajo/oferta-de-trabajo-de-docentes-de-sociales-colegios-colsubsidio-bogota-en-bogota-dc-40E8A469D706FA0F61373E686DCF3405
    │ Title        : Docentes de Sociales Colegios Colsubsidio - Bogotá
    │ Company      : CENTRO DE EMPLEO Y TALENTO COLSUBSIDIO
    │ Location     : Bogotá, D.C.
    │ Job type     : full-time
    │ Salary       : 2936100 COP
    │ Industry     : RRHH / Personal
    │ Date posted  : 2026-09-27
    │ Deadline     : 2026-11-26
    │ External ID  : 7AA3FDE1981F3DFE
    │ Description  : Docente de Lenguaje Colegios Colsubsidio
¡Haz parte de Colsubsidio, la quinta empresa empleadora más grande del país y una de las organizaciones más reconocidas por su compromiso con la educación y el…
    └───────────────────────────────────────────────────────
2026-09-27 14:31:17,374 DEBUG https://colombia.mimusjobs.com:443 "GET /wp-json/wp/v2/companies?slug=centro-de-empleo-y-talento-colsubsidio HTTP/1.1" 200 None
2026-09-27 14:31:17,374 INFO ⏭ Company exists: CENTRO DE EMPLEO Y TALENTO COLSUBSIDIO
2026-09-27 14:31:18,917 DEBUG https://colombia.mimusjobs.com:443 "GET /wp-json/wp/v2/job-listings?slug=docentes-de-sociales-colegios-colsubsidio---bogot- HTTP/1.1" 200 None
2026-09-27 14:31:18,920 DEBUG https://ii.ct-stc.com:443 "GET /1/logos/empresas/2026/04/08//agenciadeempleocolsubsidio215531thumbnail.png HTTP/1.1" 200 12609
2026-09-27 14:31:20,738 DEBUG https://colombia.mimusjobs.com:443 "POST /wp-json/wp/v2/media HTTP/1.1" 201 None
2026-09-27 14:31:22,639 DEBUG https://colombia.mimusjobs.com:443 "POST /wp-json/wp/v2/job-listings HTTP/1.1" 201 None
2026-09-27 14:31:22,640 INFO ✅ Job posted: 'Docentes de Sociales Colegios Colsubsidio - Bogotá' → WP ID 39950
2026-09-27 14:31:22,640 INFO ✅ SUCCESS — 'Docentes de Sociales Colegios Colsubsidio - Bogotá' → WP ID=39950 🔗 https://colombia.mimusjobs.com/job/docentes-de-sociales-colegios-colsubsidio-bogota/
2026-09-27 14:31:23,640 INFO ── https://co.computrabajo.com/empleos-en-bogota-dc | page 1 | job 11/20: https://co.computrabajo.com/ofertas-de-trabajo/oferta-de-trabajo-de-escuela-de-vendedores-conductor-preventista-venta-tienda-a-tienda-autoventa-licencia-c1-y-c2-en-bogota-dc-9F79F75D2B10575661373E686DCF3405
2026-09-27 14:31:23,724 DEBUG https://co.computrabajo.com:443 "GET /ofertas-de-trabajo/oferta-de-trabajo-de-escuela-de-vendedores-conductor-preventista-venta-tienda-a-tienda-autoventa-licencia-c1-y-c2-en-bogota-dc-9F79F75D2B10575661373E686DCF3405 HTTP/1.1" 200 None
2026-09-27 14:31:23,727 DEBUG     GET https://co.computrabajo.com/ofertas-de-trabajo/oferta-de-trabajo-de-escuela-de-vendedores-conductor-preventista-venta-tienda-a-tienda-autoventa-licencia-c1-y-c2-en-bogota-dc-9F79F75D2B10575661373E686DCF3405 → HTTP 200 (173,042 chars)
2026-09-27 14:31:23,749 INFO     ┌─ SCRAPED JOB ─────────────────────────────────────────
    │ URL          : https://co.computrabajo.com/ofertas-de-trabajo/oferta-de-trabajo-de-escuela-de-vendedores-conductor-preventista-venta-tienda-a-tienda-autoventa-licencia-c1-y-c2-en-bogota-dc-9F79F75D2B10575661373E686DCF3405
    │ Title        : Escuela de vendedores conductor / Preventista / Venta Tienda a Tienda / Autoventa - Licencia C1 y C2
    │ Company      : HUEVOS KIKES
    │ Location     : Bogotá, D.C.
    │ Job type     : full-time
    │ Salary       : (not listed)
    │ Industry     : Agricultura / Pesca / Ganadería
    │ Date posted  : 2026-09-27
    │ Deadline     : 2026-11-26
    │ External ID  : E7FAAAF50801B499
    │ Description  : Únete a la gran Escuela de asesores de HUEVOS KIKES! Formate como asesor comercial Tat y convierte en el mejor asesor de nuestro equipo, Somos una empresa líder en la producción y distribución de huev…
    └───────────────────────────────────────────────────────
2026-09-27 14:31:24,940 DEBUG https://colombia.mimusjobs.com:443 "GET /wp-json/wp/v2/companies?slug=huevos-kikes HTTP/1.1" 200 None
2026-09-27 14:31:24,940 INFO ⏭ Company exists: HUEVOS KIKES
2026-09-27 14:31:25,727 DEBUG https://colombia.mimusjobs.com:443 "GET /wp-json/wp/v2/job-listings?slug=escuela-de-vendedores-conductor---preventista---venta-tienda-a-tienda---autovent HTTP/1.1" 200 None
2026-09-27 14:31:25,754 DEBUG https://ii.ct-stc.com:443 "GET /1/logos/empresas/2017/11/28/incubadora-santander-sa-E7FAAAF50801B499101009thumbnail.png HTTP/1.1" 200 6495
2026-09-27 14:31:26,720 DEBUG https://colombia.mimusjobs.com:443 "POST /wp-json/wp/v2/media HTTP/1.1" 201 None
2026-09-27 14:31:27,917 DEBUG https://colombia.mimusjobs.com:443 "POST /wp-json/wp/v2/job-listings HTTP/1.1" 201 None
2026-09-27 14:31:27,917 INFO ✅ Job posted: 'Escuela de vendedores conductor / Preventista / Venta Tienda a Tienda / Autoventa - Licencia C1 y C2' → WP ID 39953
2026-09-27 14:31:27,918 INFO ✅ SUCCESS — 'Escuela de vendedores conductor / Preventista / Venta Tienda a Tienda / Autoventa - Licencia C1 y C2' → WP ID=39953 🔗 https://colombia.mimusjobs.com/job/escuela-de-vendedores-conductor-preventista-venta-tienda-a-tienda-autoventa-licencia-c1-y-c2-2/
2026-09-27 14:31:28,918 INFO ── https://co.computrabajo.com/empleos-en-bogota-dc | page 1 | job 12/20: https://co.computrabajo.com/ofertas-de-trabajo/oferta-de-trabajo-de-director-comercial-o-gerente-comercial-proyecto-2-meses-solo-4-horas-ala-semana-en-bogota-dc-95BE23F11F46BBAC61373E686DCF3405
2026-09-27 14:31:28,977 DEBUG https://co.computrabajo.com:443 "GET /ofertas-de-trabajo/oferta-de-trabajo-de-director-comercial-o-gerente-comercial-proyecto-2-meses-solo-4-horas-ala-semana-en-bogota-dc-95BE23F11F46BBAC61373E686DCF3405 HTTP/1.1" 200 None
2026-09-27 14:31:28,978 DEBUG     GET https://co.computrabajo.com/ofertas-de-trabajo/oferta-de-trabajo-de-director-comercial-o-gerente-comercial-proyecto-2-meses-solo-4-horas-ala-semana-en-bogota-dc-95BE23F11F46BBAC61373E686DCF3405 → HTTP 200 (167,285 chars)
2026-09-27 14:31:28,997 INFO     ┌─ SCRAPED JOB ─────────────────────────────────────────
    │ URL          : https://co.computrabajo.com/ofertas-de-trabajo/oferta-de-trabajo-de-director-comercial-o-gerente-comercial-proyecto-2-meses-solo-4-horas-ala-semana-en-bogota-dc-95BE23F11F46BBAC61373E686DCF3405
    │ Title        : Director comercial o gerente comercial - Proyecto 2 meses solo 4 horas ala semana
    │ Company      : HOME NATURAL COMPANY
    │ Location     : Bogotá, D.C.
    │ Job type     : temporary
    │ Salary       : (not listed)
    │ Industry     : Venta al por mayor
    │ Date posted  : 2026-09-27
    │ Deadline     : 2026-11-26
    │ External ID  : 42669952136CB54D
    │ Description  : Oportunidad de Alianza Comercial: Embajador(a) de Marca - Cocinas de Gama Alta (Proyecto de 2 Meses) Buscamos a un Director(a) Comercial o Gerente Comercial con excelente red de contactos personales p…
    └───────────────────────────────────────────────────────
2026-09-27 14:31:29,981 DEBUG https://colombia.mimusjobs.com:443 "GET /wp-json/wp/v2/companies?slug=home-natural-company HTTP/1.1" 200 None
2026-09-27 14:31:29,982 INFO ⏭ Company exists: HOME NATURAL COMPANY
2026-09-27 14:31:30,918 DEBUG https://colombia.mimusjobs.com:443 "GET /wp-json/wp/v2/job-listings?slug=director-comercial-o-gerente-comercial---proyecto-2-meses-solo-4-horas-ala-seman HTTP/1.1" 200 None
2026-09-27 14:31:30,943 DEBUG https://ii.ct-stc.com:443 "GET /1/logos/empresas/2021/08/25/56f758df0cba4a43ba64162808389thumbnail.jpg HTTP/1.1" 200 10029
2026-09-27 14:31:32,304 DEBUG https://colombia.mimusjobs.com:443 "POST /wp-json/wp/v2/media HTTP/1.1" 201 None
2026-09-27 14:31:33,412 DEBUG https://colombia.mimusjobs.com:443 "POST /wp-json/wp/v2/job-listings HTTP/1.1" 201 None
2026-09-27 14:31:33,413 INFO ✅ Job posted: 'Director comercial o gerente comercial - Proyecto 2 meses solo 4 horas ala semana' → WP ID 39955
2026-09-27 14:31:33,413 INFO ✅ SUCCESS — 'Director comercial o gerente comercial - Proyecto 2 meses solo 4 horas ala semana' → WP ID=39955 🔗 https://colombia.mimusjobs.com/job/director-comercial-o-gerente-comercial-proyecto-2-meses-solo-4-horas-ala-semana/
2026-09-27 14:31:34,413 INFO ── https://co.computrabajo.com/empleos-en-bogota-dc | page 1 | job 13/20: https://co.computrabajo.com/ofertas-de-trabajo/oferta-de-trabajo-de-asesor-comercial-con-o-sin-experiencia-en-bogota-dc-A36162A19173A8D061373E686DCF3405
2026-09-27 14:31:34,506 DEBUG https://co.computrabajo.com:443 "GET /ofertas-de-trabajo/oferta-de-trabajo-de-asesor-comercial-con-o-sin-experiencia-en-bogota-dc-A36162A19173A8D061373E686DCF3405 HTTP/1.1" 200 None
2026-09-27 14:31:34,509 DEBUG     GET https://co.computrabajo.com/ofertas-de-trabajo/oferta-de-trabajo-de-asesor-comercial-con-o-sin-experiencia-en-bogota-dc-A36162A19173A8D061373E686DCF3405 → HTTP 200 (153,222 chars)
2026-09-27 14:31:34,526 WARNING No JobPosting JSON-LD found, using HTML fallback: https://co.computrabajo.com/ofertas-de-trabajo/oferta-de-trabajo-de-asesor-comercial-con-o-sin-experiencia-en-bogota-dc-A36162A19173A8D061373E686DCF3405
2026-09-27 14:31:34,527 INFO     ┌─ SCRAPED JOB ─────────────────────────────────────────
    │ URL          : https://co.computrabajo.com/ofertas-de-trabajo/oferta-de-trabajo-de-asesor-comercial-con-o-sin-experiencia-en-bogota-dc-A36162A19173A8D061373E686DCF3405
    │ Title        : Asesor comercial - Con o sin experiencia
    │ Company      : Importante empresa del sector
    │ Location     : Bogotá, D.C., Bogotá, D.C.
    │ Job type     : full-time
    │ Salary       : $ 3.000.000,00 (Mensual) COP
    │ Industry     : (none)
    │ Date posted  : (unknown)
    │ Deadline     : (estimated: )
    │ External ID  : (none)
    │ Description  : VACANTE DISPONIBLE! Cargo: Asesor(a) Comercial ¿Buscas una oportunidad laboral con excelentes ingresos y horarios flexibles? ¡Esta oportunidad es para ti! Ofrecemos: Ingresos de $2.000.000 a $3.000.00…
    └───────────────────────────────────────────────────────
2026-09-27 14:31:36,198 DEBUG https://colombia.mimusjobs.com:443 "GET /wp-json/wp/v2/companies?slug=importante-empresa-del-sector HTTP/1.1" 200 None
2026-09-27 14:31:36,198 INFO ⏭ Company exists: Importante empresa del sector
2026-09-27 14:31:37,183 DEBUG https://colombia.mimusjobs.com:443 "GET /wp-json/wp/v2/job-listings?slug=asesor-comercial---con-o-sin-experiencia HTTP/1.1" 200 None
2026-09-27 14:31:37,183 INFO ⏭ Job already on WP: Asesor comercial - Con o sin experiencia
2026-09-27 14:31:37,183 INFO ✅ SUCCESS — 'Asesor comercial - Con o sin experiencia' → WP ID=10922 🔗 https://colombia.mimusjobs.com/job/asesor-comercial-con-o-sin-experiencia/
2026-09-27 14:31:38,184 INFO ── https://co.computrabajo.com/empleos-en-bogota-dc | page 1 | job 14/20: https://co.computrabajo.com/ofertas-de-trabajo/oferta-de-trabajo-de-auxiliar-administrativo-contratacion-inmediata-en-bogota-dc-F6487B7681A1B9E261373E686DCF3405
2026-09-27 14:31:38,280 DEBUG https://co.computrabajo.com:443 "GET /ofertas-de-trabajo/oferta-de-trabajo-de-auxiliar-administrativo-contratacion-inmediata-en-bogota-dc-F6487B7681A1B9E261373E686DCF3405 HTTP/1.1" 200 None
2026-09-27 14:31:38,283 DEBUG     GET https://co.computrabajo.com/ofertas-de-trabajo/oferta-de-trabajo-de-auxiliar-administrativo-contratacion-inmediata-en-bogota-dc-F6487B7681A1B9E261373E686DCF3405 → HTTP 200 (181,312 chars)
2026-09-27 14:31:38,306 INFO     ┌─ SCRAPED JOB ─────────────────────────────────────────
    │ URL          : https://co.computrabajo.com/ofertas-de-trabajo/oferta-de-trabajo-de-auxiliar-administrativo-contratacion-inmediata-en-bogota-dc-F6487B7681A1B9E261373E686DCF3405
    │ Title        : Auxiliar administrativo - Contratacion inmediata
    │ Company      : Alianza Temporal S.A.S
    │ Location     : Bogotá, D.C.
    │ Job type     : full-time
    │ Salary       : 1750905 COP
    │ Industry     : RRHH / Personal
    │ Date posted  : 2026-09-27
    │ Deadline     : 2026-11-26
    │ External ID  : 7FB06E91D0D90AA1
    │ Description  : Importante empresa de transporte logistico se encuentra en busqueda de Auxiliar Administrativo para su equipo de trabajo Horario: Lunes a Sábado 42 horas / horarios de oficina Nivel academico: Bachile…
    └───────────────────────────────────────────────────────
2026-09-27 14:31:38,964 DEBUG https://colombia.mimusjobs.com:443 "GET /wp-json/wp/v2/companies?slug=alianza-temporal-s-a-s HTTP/1.1" 200 None
2026-09-27 14:31:38,965 INFO ⏭ Company exists: Alianza Temporal S.A.S
2026-09-27 14:31:39,663 DEBUG https://colombia.mimusjobs.com:443 "GET /wp-json/wp/v2/job-listings?slug=auxiliar-administrativo---contratacion-inmediata HTTP/1.1" 200 None
2026-09-27 14:31:39,938 DEBUG https://ii.ct-stc.com:443 "GET /1/logos/empresas/2024/02/26/alianza-temporal-sas-7FB06E91D0D90AA1185612thumbnail.jpeg HTTP/1.1" 200 316005
2026-09-27 14:31:47,980 DEBUG https://colombia.mimusjobs.com:443 "POST /wp-json/wp/v2/media HTTP/1.1" 201 None
2026-09-27 14:31:49,731 DEBUG https://colombia.mimusjobs.com:443 "POST /wp-json/wp/v2/job-listings HTTP/1.1" 201 None
2026-09-27 14:31:49,732 INFO ✅ Job posted: 'Auxiliar administrativo - Contratacion inmediata' → WP ID 39960
2026-09-27 14:31:49,732 INFO ✅ SUCCESS — 'Auxiliar administrativo - Contratacion inmediata' → WP ID=39960 🔗 https://colombia.mimusjobs.com/job/auxiliar-administrativo-contratacion-inmediata/
2026-09-27 14:31:50,732 INFO ── https://co.computrabajo.com/empleos-en-bogota-dc | page 1 | job 15/20: https://co.computrabajo.com/ofertas-de-trabajo/oferta-de-trabajo-de-conductor-de-camion-sencillo-contratacion-inmediata-en-bogota-dc-8FBFEF4DDC7CCD6261373E686DCF3405
2026-09-27 14:31:50,837 DEBUG https://co.computrabajo.com:443 "GET /ofertas-de-trabajo/oferta-de-trabajo-de-conductor-de-camion-sencillo-contratacion-inmediata-en-bogota-dc-8FBFEF4DDC7CCD6261373E686DCF3405 HTTP/1.1" 200 None
2026-09-27 14:31:50,840 DEBUG     GET https://co.computrabajo.com/ofertas-de-trabajo/oferta-de-trabajo-de-conductor-de-camion-sencillo-contratacion-inmediata-en-bogota-dc-8FBFEF4DDC7CCD6261373E686DCF3405 → HTTP 200 (179,398 chars)
2026-09-27 14:31:50,863 INFO     ┌─ SCRAPED JOB ─────────────────────────────────────────
    │ URL          : https://co.computrabajo.com/ofertas-de-trabajo/oferta-de-trabajo-de-conductor-de-camion-sencillo-contratacion-inmediata-en-bogota-dc-8FBFEF4DDC7CCD6261373E686DCF3405
    │ Title        : Conductor de camión sencillo / Contratación inmediata
    │ Company      : Alianza Temporal S.A.S
    │ Location     : Bogotá, D.C.
    │ Job type     : full-time
    │ Salary       : 3000000 COP
    │ Industry     : RRHH / Personal
    │ Date posted  : 2026-09-27
    │ Deadline     : 2026-11-26
    │ External ID  : 7FB06E91D0D90AA1
    │ Description  : ¡Estamos Contratando! Conductor de Zona – Licencia C2 Importante empresa de transporte logistico se encuentra en busqueda de Conductor de Zona con licencia C2 para su equipo de trabajo Salario: Pago x…
    └───────────────────────────────────────────────────────
2026-09-27 14:31:51,902 DEBUG https://colombia.mimusjobs.com:443 "GET /wp-json/wp/v2/companies?slug=alianza-temporal-s-a-s HTTP/1.1" 200 None
2026-09-27 14:31:51,902 INFO ⏭ Company exists: Alianza Temporal S.A.S
2026-09-27 14:31:52,979 DEBUG https://colombia.mimusjobs.com:443 "GET /wp-json/wp/v2/job-listings?slug=conductor-de-cami-n-sencillo---contrataci-n-inmediata HTTP/1.1" 200 None
2026-09-27 14:31:53,047 DEBUG https://ii.ct-stc.com:443 "GET /1/logos/empresas/2024/02/26/alianza-temporal-sas-7FB06E91D0D90AA1185612thumbnail.jpeg HTTP/1.1" 200 316005
2026-09-27 14:32:00,576 DEBUG https://colombia.mimusjobs.com:443 "POST /wp-json/wp/v2/media HTTP/1.1" 201 None
2026-09-27 14:32:02,255 DEBUG https://colombia.mimusjobs.com:443 "POST /wp-json/wp/v2/job-listings HTTP/1.1" 201 None
2026-09-27 14:32:02,255 INFO ✅ Job posted: 'Conductor de camión sencillo / Contratación inmediata' → WP ID 39965
2026-09-27 14:32:02,255 INFO ✅ SUCCESS — 'Conductor de camión sencillo / Contratación inmediata' → WP ID=39965 🔗 https://colombia.mimusjobs.com/job/conductor-de-camion-sencillo-contratacion-inmediata-2/
2026-09-27 14:32:03,256 INFO ── https://co.computrabajo.com/empleos-en-bogota-dc | page 1 | job 16/20: https://co.computrabajo.com/ofertas-de-trabajo/oferta-de-trabajo-de-formadora-contact-center-sector-salud-y-arl-en-bogota-dc-E6E67D7413B1938E61373E686DCF3405
2026-09-27 14:32:03,370 DEBUG https://co.computrabajo.com:443 "GET /ofertas-de-trabajo/oferta-de-trabajo-de-formadora-contact-center-sector-salud-y-arl-en-bogota-dc-E6E67D7413B1938E61373E686DCF3405 HTTP/1.1" 200 None
2026-09-27 14:32:03,373 DEBUG     GET https://co.computrabajo.com/ofertas-de-trabajo/oferta-de-trabajo-de-formadora-contact-center-sector-salud-y-arl-en-bogota-dc-E6E67D7413B1938E61373E686DCF3405 → HTTP 200 (177,170 chars)
2026-09-27 14:32:03,393 INFO     ┌─ SCRAPED JOB ─────────────────────────────────────────
    │ URL          : https://co.computrabajo.com/ofertas-de-trabajo/oferta-de-trabajo-de-formadora-contact-center-sector-salud-y-arl-en-bogota-dc-E6E67D7413B1938E61373E686DCF3405
    │ Title        : Formador(a) - Contact Center Sector Salud y ARL
    │ Company      : UT PREPACOL - 3T CAPITAL
    │ Location     : Bogotá, D.C.
    │ Job type     : full-time
    │ Salary       : (not listed)
    │ Industry     : Informática / Software
    │ Date posted  : 2026-07-30
    │ Deadline     : 2026-09-28
    │ External ID  : 7E9499B8C216C6D7
    │ Description  : Formador Formador(a) de Contact Center - Sector Salud y ARL en Bogotá. Requisito clave del perfil: Ser Tecnólogo o estudiante de mínimo 6° semestre en áreas de la salud (indispensable) y tener experie…
    └───────────────────────────────────────────────────────
2026-09-27 14:32:04,186 DEBUG https://colombia.mimusjobs.com:443 "GET /wp-json/wp/v2/companies?slug=ut-prepacol---3t-capital HTTP/1.1" 200 None
2026-09-27 14:32:04,187 INFO ⏭ Company exists: UT PREPACOL - 3T CAPITAL
2026-09-27 14:32:05,569 DEBUG https://colombia.mimusjobs.com:443 "GET /wp-json/wp/v2/job-listings?slug=formador-a----contact-center-sector-salud-y-arl HTTP/1.1" 200 None
2026-09-27 14:32:05,592 DEBUG https://ii.ct-stc.com:443 "GET /1/logos/empresas/2026/05/06/04670b4feb33421b861c230030432thumbnail.jpg HTTP/1.1" 200 8077
2026-09-27 14:32:06,689 DEBUG https://colombia.mimusjobs.com:443 "POST /wp-json/wp/v2/media HTTP/1.1" 201 None
2026-09-27 14:32:08,657 DEBUG https://colombia.mimusjobs.com:443 "POST /wp-json/wp/v2/job-listings HTTP/1.1" 201 None
2026-09-27 14:32:08,658 INFO ✅ Job posted: 'Formador(a) - Contact Center Sector Salud y ARL' → WP ID 39968
2026-09-27 14:32:08,658 INFO ✅ SUCCESS — 'Formador(a) - Contact Center Sector Salud y ARL' → WP ID=39968 🔗 https://colombia.mimusjobs.com/job/formadora-contact-center-sector-salud-y-arl-2/
2026-09-27 14:32:09,658 INFO ── https://co.computrabajo.com/empleos-en-bogota-dc | page 1 | job 17/20: https://co.computrabajo.com/ofertas-de-trabajo/oferta-de-trabajo-de-profesional-en-contaduria-manejo-programa-odoo-en-bogota-dc-6A665B0213B8500E61373E686DCF3405
2026-09-27 14:32:09,775 DEBUG https://co.computrabajo.com:443 "GET /ofertas-de-trabajo/oferta-de-trabajo-de-profesional-en-contaduria-manejo-programa-odoo-en-bogota-dc-6A665B0213B8500E61373E686DCF3405 HTTP/1.1" 200 None
2026-09-27 14:32:09,778 DEBUG     GET https://co.computrabajo.com/ofertas-de-trabajo/oferta-de-trabajo-de-profesional-en-contaduria-manejo-programa-odoo-en-bogota-dc-6A665B0213B8500E61373E686DCF3405 → HTTP 200 (164,105 chars)
2026-09-27 14:32:09,820 INFO     ┌─ SCRAPED JOB ─────────────────────────────────────────
    │ URL          : https://co.computrabajo.com/ofertas-de-trabajo/oferta-de-trabajo-de-profesional-en-contaduria-manejo-programa-odoo-en-bogota-dc-6A665B0213B8500E61373E686DCF3405
    │ Title        : Profesional en Contaduría (Manejo programa Odoo)
    │ Company      : Agencia de Empleo Cafam
    │ Location     : Bogotá, D.C.
    │ Job type     : full-time
    │ Salary       : 700000 COP
    │ Industry     : Servicios Profesionales
    │ Date posted  : 2026-08-26
    │ Deadline     : 2026-10-25
    │ External ID  : 37632AC73B684A7D
    │ Description  : Importante empresa requiere para su equipo de trabajo CONSULTOR FUNCIONAL ODOO para desempeñar las siguientes funciones: análisis de datos, presentación de informes, visita a clientes corporativos, en…
    └───────────────────────────────────────────────────────
2026-09-27 14:32:10,517 DEBUG https://colombia.mimusjobs.com:443 "GET /wp-json/wp/v2/companies?slug=agencia-de-empleo-cafam HTTP/1.1" 200 None
2026-09-27 14:32:10,517 INFO ⏭ Company exists: Agencia de Empleo Cafam
2026-09-27 14:32:11,359 DEBUG https://colombia.mimusjobs.com:443 "GET /wp-json/wp/v2/job-listings?slug=profesional-en-contadur-a--manejo-programa-odoo- HTTP/1.1" 200 None
2026-09-27 14:32:12,651 DEBUG https://colombia.mimusjobs.com:443 "POST /wp-json/wp/v2/job-listings HTTP/1.1" 201 None
2026-09-27 14:32:12,651 INFO ✅ Job posted: 'Profesional en Contaduría (Manejo programa Odoo)' → WP ID 39970
2026-09-27 14:32:12,651 INFO ✅ SUCCESS — 'Profesional en Contaduría (Manejo programa Odoo)' → WP ID=39970 🔗 https://colombia.mimusjobs.com/job/profesional-en-contaduria-manejo-programa-odoo-2/
2026-09-27 14:32:13,652 INFO ── https://co.computrabajo.com/empleos-en-bogota-dc | page 1 | job 18/20: https://co.computrabajo.com/ofertas-de-trabajo/oferta-de-trabajo-de-oficial-de-obra-en-bogota-dc-774CFA4BF81E74F861373E686DCF3405
2026-09-27 14:32:13,753 DEBUG https://co.computrabajo.com:443 "GET /ofertas-de-trabajo/oferta-de-trabajo-de-oficial-de-obra-en-bogota-dc-774CFA4BF81E74F861373E686DCF3405 HTTP/1.1" 200 None
2026-09-27 14:32:13,756 DEBUG     GET https://co.computrabajo.com/ofertas-de-trabajo/oferta-de-trabajo-de-oficial-de-obra-en-bogota-dc-774CFA4BF81E74F861373E686DCF3405 → HTTP 200 (163,844 chars)
2026-09-27 14:32:13,775 INFO     ┌─ SCRAPED JOB ─────────────────────────────────────────
    │ URL          : https://co.computrabajo.com/ofertas-de-trabajo/oferta-de-trabajo-de-oficial-de-obra-en-bogota-dc-774CFA4BF81E74F861373E686DCF3405
    │ Title        : Oficial de Obra
    │ Company      : Agencia de Empleo Cafam
    │ Location     : Bogotá, D.C.
    │ Job type     : full-time
    │ Salary       : 2000000 COP
    │ Industry     : Servicios Profesionales
    │ Date posted  : 2026-08-25
    │ Deadline     : 2026-10-24
    │ External ID  : 37632AC73B684A7D
    │ Description  : Importante empresa del sector requiere para su equipo de trabajo OFICIALES DE OBRA, realizara funciones como: trabajos de mampostería, reparar y aplicar mezclas y morteros, realizar pañetes, revoques …
    └───────────────────────────────────────────────────────
2026-09-27 14:32:14,367 DEBUG https://colombia.mimusjobs.com:443 "GET /wp-json/wp/v2/companies?slug=agencia-de-empleo-cafam HTTP/1.1" 200 None
2026-09-27 14:32:14,368 INFO ⏭ Company exists: Agencia de Empleo Cafam
2026-09-27 14:32:15,195 DEBUG https://colombia.mimusjobs.com:443 "GET /wp-json/wp/v2/job-listings?slug=oficial-de-obra HTTP/1.1" 200 None
2026-09-27 14:32:15,195 INFO ⏭ Job already on WP: Oficial de Obra
2026-09-27 14:32:15,195 INFO ✅ SUCCESS — 'Oficial de Obra' → WP ID=2033 🔗 https://colombia.mimusjobs.com/job/oficial-de-obra/
2026-09-27 14:32:16,195 INFO ── https://co.computrabajo.com/empleos-en-bogota-dc | page 1 | job 19/20: https://co.computrabajo.com/ofertas-de-trabajo/oferta-de-trabajo-de-ayudante-de-distribuccion-y-recoleccion-ruta-bodega-experiencia-en-direcciones-y-mensajeria-en-bogota-dc-36C30D78B6C0C65A61373E686DCF3405
2026-09-27 14:32:16,278 DEBUG https://co.computrabajo.com:443 "GET /ofertas-de-trabajo/oferta-de-trabajo-de-ayudante-de-distribuccion-y-recoleccion-ruta-bodega-experiencia-en-direcciones-y-mensajeria-en-bogota-dc-36C30D78B6C0C65A61373E686DCF3405 HTTP/1.1" 200 None
2026-09-27 14:32:16,281 DEBUG     GET https://co.computrabajo.com/ofertas-de-trabajo/oferta-de-trabajo-de-ayudante-de-distribuccion-y-recoleccion-ruta-bodega-experiencia-en-direcciones-y-mensajeria-en-bogota-dc-36C30D78B6C0C65A61373E686DCF3405 → HTTP 200 (180,800 chars)
2026-09-27 14:32:16,304 INFO     ┌─ SCRAPED JOB ─────────────────────────────────────────
    │ URL          : https://co.computrabajo.com/ofertas-de-trabajo/oferta-de-trabajo-de-ayudante-de-distribuccion-y-recoleccion-ruta-bodega-experiencia-en-direcciones-y-mensajeria-en-bogota-dc-36C30D78B6C0C65A61373E686DCF3405
    │ Title        : Ayudante de Distribucción y Recolección / Ruta / Bodega - Experiencia en direcciones y mensajeria
    │ Company      : Alianza Temporal S.A.S
    │ Location     : Bogotá, D.C.
    │ Job type     : full-time
    │ Salary       : 1750905 COP
    │ Industry     : RRHH / Personal
    │ Date posted  : 2026-09-27
    │ Deadline     : 2026-11-26
    │ External ID  : 7FB06E91D0D90AA1
    │ Description  : Importante empresa de transporte logistico se encuentra en busqueda de Auxiliar de Camioneta de Distribución y Recolección para su equipo de trabajo Horario: Lunes a Sábado 6am y 2pm a cierre de opera…
    └───────────────────────────────────────────────────────
2026-09-27 14:32:17,825 DEBUG https://colombia.mimusjobs.com:443 "GET /wp-json/wp/v2/companies?slug=alianza-temporal-s-a-s HTTP/1.1" 200 None
2026-09-27 14:32:17,826 INFO ⏭ Company exists: Alianza Temporal S.A.S
2026-09-27 14:32:18,627 DEBUG https://colombia.mimusjobs.com:443 "GET /wp-json/wp/v2/job-listings?slug=ayudante-de-distribucci-n-y-recolecci-n---ruta---bodega---experiencia-en-direcci HTTP/1.1" 200 None
2026-09-27 14:32:18,631 DEBUG https://ii.ct-stc.com:443 "GET /1/logos/empresas/2024/02/26/alianza-temporal-sas-7FB06E91D0D90AA1185612thumbnail.jpeg HTTP/1.1" 200 316005
2026-09-27 14:32:25,201 DEBUG https://colombia.mimusjobs.com:443 "POST /wp-json/wp/v2/media HTTP/1.1" 201 None
2026-09-27 14:32:26,659 DEBUG https://colombia.mimusjobs.com:443 "POST /wp-json/wp/v2/job-listings HTTP/1.1" 201 None
2026-09-27 14:32:26,660 INFO ✅ Job posted: 'Ayudante de Distribucción y Recolección / Ruta / Bodega - Experiencia en direcciones y mensajeria' → WP ID 39977
2026-09-27 14:32:26,660 INFO ✅ SUCCESS — 'Ayudante de Distribucción y Recolección / Ruta / Bodega - Experiencia en direcciones y mensajeria' → WP ID=39977 🔗 https://colombia.mimusjobs.com/job/ayudante-de-distribuccion-y-recoleccion-ruta-bodega-experiencia-en-direcciones-y-mensajeria/
2026-09-27 14:32:27,660 INFO ── https://co.computrabajo.com/empleos-en-bogota-dc | page 1 | job 20/20: https://co.computrabajo.com/ofertas-de-trabajo/oferta-de-trabajo-de-supervisor-de-cobranza-cartera-castigada-en-bogota-dc-53EEEFBC4372A67F61373E686DCF3405
2026-09-27 14:32:27,756 DEBUG https://co.computrabajo.com:443 "GET /ofertas-de-trabajo/oferta-de-trabajo-de-supervisor-de-cobranza-cartera-castigada-en-bogota-dc-53EEEFBC4372A67F61373E686DCF3405 HTTP/1.1" 200 None
2026-09-27 14:32:27,758 DEBUG     GET https://co.computrabajo.com/ofertas-de-trabajo/oferta-de-trabajo-de-supervisor-de-cobranza-cartera-castigada-en-bogota-dc-53EEEFBC4372A67F61373E686DCF3405 → HTTP 200 (168,038 chars)
2026-09-27 14:32:27,777 INFO     ┌─ SCRAPED JOB ─────────────────────────────────────────
    │ URL          : https://co.computrabajo.com/ofertas-de-trabajo/oferta-de-trabajo-de-supervisor-de-cobranza-cartera-castigada-en-bogota-dc-53EEEFBC4372A67F61373E686DCF3405
    │ Title        : Supervisor de Cobranza – Cartera Castigada
    │ Company      : Solventa Colombia SAS
    │ Location     : Bogotá, D.C.
    │ Job type     : full-time
    │ Salary       : 3600000 COP
    │ Industry     : Finanzas / Banca
    │ Date posted  : 2026-08-14
    │ Deadline     : 2026-10-13
    │ External ID  : 0D46B1FCA3E513DD
    │ Description  : ¿Tienes experiencia liderando equipos de cobranza y conoces el manejo de cartera castigada?
En Solventa buscamos un/a Supervisor(a) de Cobranza con liderazgo, orientación a resultados y experiencia en…
    └───────────────────────────────────────────────────────
2026-09-27 14:32:28,943 DEBUG https://colombia.mimusjobs.com:443 "GET /wp-json/wp/v2/companies?slug=solventa-colombia-sas HTTP/1.1" 200 None
2026-09-27 14:32:28,943 INFO ⏭ Company exists: Solventa Colombia SAS
2026-09-27 14:32:30,672 DEBUG https://colombia.mimusjobs.com:443 "GET /wp-json/wp/v2/job-listings?slug=supervisor-de-cobranza---cartera-castigada HTTP/1.1" 200 None
2026-09-27 14:32:30,673 INFO ⏭ Job already on WP: Supervisor de Cobranza – Cartera Castigada
2026-09-27 14:32:30,673 INFO ✅ SUCCESS — 'Supervisor de Cobranza – Cartera Castigada' → WP ID=17154 🔗 https://colombia.mimusjobs.com/job/supervisor-de-cobranza-cartera-castigada/
2026-09-27 14:32:31,673 INFO 📊 Running totals — posted: 20 | skipped: 0 | failed: 0
2026-09-27 14:32:31,673 INFO Fetching listing page 2: https://co.computrabajo.com/empleos-en-bogota-dc?p=2
2026-09-27 14:32:31,784 DEBUG https://co.computrabajo.com:443 "GET /empleos-en-bogota-dc?p=2 HTTP/1.1" 200 None
2026-09-27 14:32:31,789 DEBUG     GET https://co.computrabajo.com/empleos-en-bogota-dc?p=2 → HTTP 200 (330,820 chars)
2026-09-27 14:32:31,826 INFO Found 20 job URLs on page 2
2026-09-27 14:32:31,827 DEBUG     job 1: https://co.computrabajo.com/ofertas-de-trabajo/oferta-de-trabajo-de-profesional-en-contaduria-manejo-programa-odoo-en-bogota-dc-6A665B0213B8500E61373E686DCF3405
2026-09-27 14:32:31,827 DEBUG     job 2: https://co.computrabajo.com/ofertas-de-trabajo/oferta-de-trabajo-de-oficial-de-obra-en-bogota-dc-774CFA4BF81E74F861373E686DCF3405
2026-09-27 14:32:31,827 DEBUG     job 3: https://co.computrabajo.com/ofertas-de-trabajo/oferta-de-trabajo-de-ayudante-de-distribuccion-y-recoleccion-ruta-bodega-experiencia-en-direcciones-y-mensajeria-en-bogota-dc-36C30D78B6C0C65A61373E686DCF3405
2026-09-27 14:32:31,827 DEBUG     job 4: https://co.computrabajo.com/ofertas-de-trabajo/oferta-de-trabajo-de-supervisor-de-cobranza-cartera-castigada-en-bogota-dc-53EEEFBC4372A67F61373E686DCF3405
2026-09-27 14:32:31,827 DEBUG     job 5: https://co.computrabajo.com/ofertas-de-trabajo/oferta-de-trabajo-de-auxiliar-de-troqueladocontratacion-inmediata-bogota-en-bogota-dc-36637D1ECC93C4D861373E686DCF3405
2026-09-27 14:32:31,827 DEBUG     job 6: https://co.computrabajo.com/ofertas-de-trabajo/oferta-de-trabajo-de-ayudante-de-ejero-bogota-en-bogota-dc-7F7A13CD59015F2661373E686DCF3405
2026-09-27 14:32:31,827 DEBUG     job 7: https://co.computrabajo.com/ofertas-de-trabajo/oferta-de-trabajo-de-ayudante-de-obra-en-bogota-dc-B507D80F90F8ADA661373E686DCF3405
2026-09-27 14:32:31,827 DEBUG     job 8: https://co.computrabajo.com/ofertas-de-trabajo/oferta-de-trabajo-de-agente-de-retencioncall-center-bogota-en-bogota-dc-F625B5542C863BBB61373E686DCF3405
2026-09-27 14:32:31,827 DEBUG     job 9: https://co.computrabajo.com/ofertas-de-trabajo/oferta-de-trabajo-de-practicantes-de-psicologia-o-trabajadora-social-candidatos-en-busqueda-de-realizar-su-practica-profesional-en-bogota-dc-D8FA7BF07B45A8D461373E686DCF3405
2026-09-27 14:32:31,827 DEBUG     job 10: https://co.computrabajo.com/ofertas-de-trabajo/oferta-de-trabajo-de-inspector-control-de-apoderamiento-en-bogota-dc-37F5D5A41C993ACF61373E686DCF3405
2026-09-27 14:32:31,827 DEBUG     job 11: https://co.computrabajo.com/ofertas-de-trabajo/oferta-de-trabajo-de-auxiliar-de-farmacia-en-bogota-dc-F8CBA98DBE94D2CA61373E686DCF3405
2026-09-27 14:32:31,827 DEBUG     job 12: https://co.computrabajo.com/ofertas-de-trabajo/oferta-de-trabajo-de-inspector-de-calidad-fontibon-en-bogota-dc-C6CAF942683714F761373E686DCF3405
2026-09-27 14:32:31,827 DEBUG     job 13: https://co.computrabajo.com/ofertas-de-trabajo/oferta-de-trabajo-de-gerente-de-desarrollo-de-negocios-soluciones-logisticas-para-la-industria-minera-en-bogota-dc-2468A90B46D4A0D361373E686DCF3405
2026-09-27 14:32:31,827 DEBUG     job 14: https://co.computrabajo.com/ofertas-de-trabajo/oferta-de-trabajo-de-auxiliar-de-enfermeria-arl-polizas-de-salud-en-bogota-dc-6977550E315AD13E61373E686DCF3405
2026-09-27 14:32:31,827 DEBUG     job 15: https://co.computrabajo.com/ofertas-de-trabajo/oferta-de-trabajo-de-buscamos-a-los-mejores-asesores-comerciales-en-seguros-o-financiera-posibilidad-trabajo-desde-casa-puedes-ganar-hasta-4000000-mensuales-premios-internos-en-bogota-dc-7F9F3781280C30FD61373E686DCF3405
2026-09-27 14:32:31,827 DEBUG     job 16: https://co.computrabajo.com/ofertas-de-trabajo/oferta-de-trabajo-de-tecnico-auxiliar-contable-con-experiencia-en-centro-comercial-no-profesionales-en-bogota-dc-B6E6A36B184ADDB661373E686DCF3405
2026-09-27 14:32:31,827 DEBUG     job 17: https://co.computrabajo.com/ofertas-de-trabajo/oferta-de-trabajo-de-asesor-comercial-microcredito-sur-de-bogota-en-bogota-dc-4E27FD84DDB068B961373E686DCF3405
2026-09-27 14:32:31,827 DEBUG     job 18: https://co.computrabajo.com/ofertas-de-trabajo/oferta-de-trabajo-de-asistente-de-facturacion-sector-hidrocarburos-e-industrial-en-bogota-dc-1C30FAB8B15CA81A61373E686DCF3405
2026-09-27 14:32:31,827 DEBUG     job 19: https://co.computrabajo.com/ofertas-de-trabajo/oferta-de-trabajo-de-coordinador-administrativo-y-de-talento-humano-114010-en-bogota-dc-AD5A70BA8081B34F61373E686DCF3405
2026-09-27 14:32:31,827 DEBUG     job 20: https://co.computrabajo.com/ofertas-de-trabajo/oferta-de-trabajo-de-desarrollador-backend-java-asoapx-en-bogota-dc-44209199AD2F25BA61373E686DCF3405
2026-09-27 14:32:31,827 INFO ── https://co.computrabajo.com/empleos-en-bogota-dc | page 2 | job 1/20: https://co.computrabajo.com/ofertas-de-trabajo/oferta-de-trabajo-de-profesional-en-contaduria-manejo-programa-odoo-en-bogota-dc-6A665B0213B8500E61373E686DCF3405
2026-09-27 14:32:31,827 INFO ⏭ SKIP (pre-check) — already processed.
2026-09-27 14:32:31,827 INFO ── https://co.computrabajo.com/empleos-en-bogota-dc | page 2 | job 2/20: https://co.computrabajo.com/ofertas-de-trabajo/oferta-de-trabajo-de-oficial-de-obra-en-bogota-dc-774CFA4BF81E74F861373E686DCF3405
2026-09-27 14:32:31,827 INFO ⏭ SKIP (pre-check) — already processed.
2026-09-27 14:32:31,827 INFO ── https://co.computrabajo.com/empleos-en-bogota-dc | page 2 | job 3/20: https://co.computrabajo.com/ofertas-de-trabajo/oferta-de-trabajo-de-ayudante-de-distribuccion-y-recoleccion-ruta-bodega-experiencia-en-direcciones-y-mensajeria-en-bogota-dc-36C30D78B6C0C65A61373E686DCF3405
2026-09-27 14:32:31,827 INFO ⏭ SKIP (pre-check) — already processed.
2026-09-27 14:32:31,827 INFO ── https://co.computrabajo.com/empleos-en-bogota-dc | page 2 | job 4/20: https://co.computrabajo.com/ofertas-de-trabajo/oferta-de-trabajo-de-supervisor-de-cobranza-cartera-castigada-en-bogota-dc-53EEEFBC4372A67F61373E686DCF3405
2026-09-27 14:32:31,827 INFO ⏭ SKIP (pre-check) — already processed.
2026-09-27 14:32:31,827 INFO ── https://co.computrabajo.com/empleos-en-bogota-dc | page 2 | job 5/20: https://co.computrabajo.com/ofertas-de-trabajo/oferta-de-trabajo-de-auxiliar-de-troqueladocontratacion-inmediata-bogota-en-bogota-dc-36637D1ECC93C4D861373E686DCF3405
2026-09-27 14:32:31,941 DEBUG https://co.computrabajo.com:443 "GET /ofertas-de-trabajo/oferta-de-trabajo-de-auxiliar-de-troqueladocontratacion-inmediata-bogota-en-bogota-dc-36637D1ECC93C4D861373E686DCF3405 HTTP/1.1" 200 None
2026-09-27 14:32:31,943 DEBUG     GET https://co.computrabajo.com/ofertas-de-trabajo/oferta-de-trabajo-de-auxiliar-de-troqueladocontratacion-inmediata-bogota-en-bogota-dc-36637D1ECC93C4D861373E686DCF3405 → HTTP 200 (178,289 chars)
2026-09-27 14:32:31,965 INFO     ┌─ SCRAPED JOB ─────────────────────────────────────────
    │ URL          : https://co.computrabajo.com/ofertas-de-trabajo/oferta-de-trabajo-de-auxiliar-de-troqueladocontratacion-inmediata-bogota-en-bogota-dc-36637D1ECC93C4D861373E686DCF3405
    │ Title        : Auxiliar de Troquelado/Contratación inmediata/ Bogotá
    │ Company      : PERSOM S.A.S
    │ Location     : Bogotá, D.C.
    │ Job type     : full-time
    │ Salary       : 1423500 COP
    │ Industry     : RRHH / Personal
    │ Date posted  : 2026-08-18
    │ Deadline     : 2026-10-17
    │ External ID  : B9611C4E4431CB92
    │ Description  : Vacante: Auxiliar de Troquelado (Hombre)
Requisitos:
Nivel académico: Bachiller.
Experiencia mínima: 1 año en el cargo.
Funciones:
Apoyar el área de troquelado.
Colocar y recoger láminas para el proce…
    └───────────────────────────────────────────────────────
2026-09-27 14:32:32,612 DEBUG https://colombia.mimusjobs.com:443 "GET /wp-json/wp/v2/companies?slug=persom-s-a-s HTTP/1.1" 200 None
2026-09-27 14:32:32,612 INFO ⏭ Company exists: PERSOM S.A.S
2026-09-27 14:32:33,597 DEBUG https://colombia.mimusjobs.com:443 "GET /wp-json/wp/v2/job-listings?slug=auxiliar-de-troquelado-contrataci-n-inmediata--bogot- HTTP/1.1" 200 None
2026-09-27 14:32:33,622 DEBUG https://ii.ct-stc.com:443 "GET /1/logos/empresas/2016/12/07/persom-sa-B9611C4E4431CB92thumbnail.jpeg HTTP/1.1" 200 15677
2026-09-27 14:32:34,702 DEBUG https://colombia.mimusjobs.com:443 "POST /wp-json/wp/v2/media HTTP/1.1" 201 None
2026-09-27 14:32:36,644 DEBUG https://colombia.mimusjobs.com:443 "POST /wp-json/wp/v2/job-listings HTTP/1.1" 201 None
2026-09-27 14:32:36,644 INFO ✅ Job posted: 'Auxiliar de Troquelado/Contratación inmediata/ Bogotá' → WP ID 39981
2026-09-27 14:32:36,644 INFO ✅ SUCCESS — 'Auxiliar de Troquelado/Contratación inmediata/ Bogotá' → WP ID=39981 🔗 https://colombia.mimusjobs.com/job/auxiliar-de-troquelado-contratacion-inmediata-bogota-2/
2026-09-27 14:32:37,645 INFO ── https://co.computrabajo.com/empleos-en-bogota-dc | page 2 | job 6/20: https://co.computrabajo.com/ofertas-de-trabajo/oferta-de-trabajo-de-ayudante-de-ejero-bogota-en-bogota-dc-7F7A13CD59015F2661373E686DCF3405
2026-09-27 14:32:37,749 DEBUG https://co.computrabajo.com:443 "GET /ofertas-de-trabajo/oferta-de-trabajo-de-ayudante-de-ejero-bogota-en-bogota-dc-7F7A13CD59015F2661373E686DCF3405 HTTP/1.1" 200 None
2026-09-27 14:32:37,752 DEBUG     GET https://co.computrabajo.com/ofertas-de-trabajo/oferta-de-trabajo-de-ayudante-de-ejero-bogota-en-bogota-dc-7F7A13CD59015F2661373E686DCF3405 → HTTP 200 (172,467 chars)
2026-09-27 14:32:37,773 INFO     ┌─ SCRAPED JOB ─────────────────────────────────────────
    │ URL          : https://co.computrabajo.com/ofertas-de-trabajo/oferta-de-trabajo-de-ayudante-de-ejero-bogota-en-bogota-dc-7F7A13CD59015F2661373E686DCF3405
    │ Title        : Ayudante de ejero - Bogota
    │ Company      : ESTRATEGIC ALLIANCES GROUP SAS
    │ Location     : Bogotá, D.C.
    │ Job type     : full-time
    │ Salary       : 1831000 COP
    │ Industry     : RRHH / Personal
    │ Date posted  : 2026-08-24
    │ Deadline     : 2026-10-23
    │ External ID  : A69CECF3CFE6C6DF
    │ Description  : INGEURBE S.A.S empresa con amplia experiencia en gerencia, diseño, construcción y comercialización de proyectos de vivienda y afines, con más de 40 años en el mercado de la construcción se encuentra e…
    └───────────────────────────────────────────────────────
2026-09-27 14:32:38,557 DEBUG https://colombia.mimusjobs.com:443 "GET /wp-json/wp/v2/companies?slug=estrategic-alliances-group-sas HTTP/1.1" 200 None
2026-09-27 14:32:38,558 INFO ⏭ Company exists: ESTRATEGIC ALLIANCES GROUP SAS
2026-09-27 14:32:39,266 DEBUG https://colombia.mimusjobs.com:443 "GET /wp-json/wp/v2/job-listings?slug=ayudante-de-ejero---bogota HTTP/1.1" 200 None
2026-09-27 14:32:39,266 INFO ⏭ Job already on WP: Ayudante de ejero - Bogota
2026-09-27 14:32:39,266 INFO ✅ SUCCESS — 'Ayudante de ejero - Bogota' → WP ID=17315 🔗 https://colombia.mimusjobs.com/job/ayudante-de-ejero-bogota/
2026-09-27 14:32:40,266 INFO ── https://co.computrabajo.com/empleos-en-bogota-dc | page 2 | job 7/20: https://co.computrabajo.com/ofertas-de-trabajo/oferta-de-trabajo-de-ayudante-de-obra-en-bogota-dc-B507D80F90F8ADA661373E686DCF3405
2026-09-27 14:32:40,387 DEBUG https://co.computrabajo.com:443 "GET /ofertas-de-trabajo/oferta-de-trabajo-de-ayudante-de-obra-en-bogota-dc-B507D80F90F8ADA661373E686DCF3405 HTTP/1.1" 200 None
2026-09-27 14:32:40,390 DEBUG     GET https://co.computrabajo.com/ofertas-de-trabajo/oferta-de-trabajo-de-ayudante-de-obra-en-bogota-dc-B507D80F90F8ADA661373E686DCF3405 → HTTP 200 (182,810 chars)
2026-09-27 14:32:40,413 INFO     ┌─ SCRAPED JOB ─────────────────────────────────────────
    │ URL          : https://co.computrabajo.com/ofertas-de-trabajo/oferta-de-trabajo-de-ayudante-de-obra-en-bogota-dc-B507D80F90F8ADA661373E686DCF3405
    │ Title        : ayudante de obra
    │ Company      : FLEXITEMP SAS
    │ Location     : Bogotá, D.C.
    │ Job type     : full-time
    │ Salary       : 1750905 COP
    │ Industry     : RRHH / Personal
    │ Date posted  : 2026-08-04
    │ Deadline     : 2026-10-03
    │ External ID  : 1FE554DAD6D34B77
    │ Description  : Importante empresa del sector de la construcción requiere Ayudantes de Obra con disposición para apoyar las diferentes actividades operativas en proyectos de construcción, garantizando el cumplimiento…
    └───────────────────────────────────────────────────────
2026-09-27 14:32:41,269 DEBUG https://colombia.mimusjobs.com:443 "GET /wp-json/wp/v2/companies?slug=flexitemp-sas HTTP/1.1" 200 None
2026-09-27 14:32:41,269 INFO ⏭ Company exists: FLEXITEMP SAS
2026-09-27 14:32:42,265 DEBUG https://colombia.mimusjobs.com:443 "GET /wp-json/wp/v2/job-listings?slug=ayudante-de-obra HTTP/1.1" 200 None
2026-09-27 14:32:42,266 INFO ⏭ Job already on WP: ayudante de obra
2026-09-27 14:32:42,266 INFO ✅ SUCCESS — 'ayudante de obra' → WP ID=2635 🔗 https://colombia.mimusjobs.com/job/ayudante-de-obra/
2026-09-27 14:32:43,266 INFO ── https://co.computrabajo.com/empleos-en-bogota-dc | page 2 | job 8/20: https://co.computrabajo.com/ofertas-de-trabajo/oferta-de-trabajo-de-agente-de-retencioncall-center-bogota-en-bogota-dc-F625B5542C863BBB61373E686DCF3405
2026-09-27 14:32:43,368 DEBUG https://co.computrabajo.com:443 "GET /ofertas-de-trabajo/oferta-de-trabajo-de-agente-de-retencioncall-center-bogota-en-bogota-dc-F625B5542C863BBB61373E686DCF3405 HTTP/1.1" 200 None
2026-09-27 14:32:43,371 DEBUG     GET https://co.computrabajo.com/ofertas-de-trabajo/oferta-de-trabajo-de-agente-de-retencioncall-center-bogota-en-bogota-dc-F625B5542C863BBB61373E686DCF3405 → HTTP 200 (170,946 chars)
2026-09-27 14:32:43,392 INFO     ┌─ SCRAPED JOB ─────────────────────────────────────────
    │ URL          : https://co.computrabajo.com/ofertas-de-trabajo/oferta-de-trabajo-de-agente-de-retencioncall-center-bogota-en-bogota-dc-F625B5542C863BBB61373E686DCF3405
    │ Title        : Agente de retención/call center - Bogotá
    │ Company      : PROSEGUR GESTION DE ACTIVOS COLOMBIA SAS
    │ Location     : Bogotá, D.C.
    │ Job type     : full-time
    │ Salary       : 2000000 COP
    │ Industry     : Servicios Profesionales
    │ Date posted  : 2026-08-10
    │ Deadline     : 2026-10-09
    │ External ID  : D0D3DFD4185124AA
    │ Description  : ¿Te gustaría comisionar sin límites, tener oportunidades de crecimiento e incentivos adicionales? ¡Esta es tu oportunidad! 
Nos encontramos en búsqueda de Asesores de Fidelización para una importante …
    └───────────────────────────────────────────────────────
2026-09-27 14:32:44,487 DEBUG https://colombia.mimusjobs.com:443 "GET /wp-json/wp/v2/companies?slug=prosegur-gestion-de-activos-colombia-sas HTTP/1.1" 200 None
2026-09-27 14:32:44,488 INFO ⏭ Company exists: PROSEGUR GESTION DE ACTIVOS COLOMBIA SAS
2026-09-27 14:32:46,099 DEBUG https://colombia.mimusjobs.com:443 "GET /wp-json/wp/v2/job-listings?slug=agente-de-retenci-n-call-center---bogot- HTTP/1.1" 200 None
2026-09-27 14:32:46,238 DEBUG https://ii.ct-stc.com:443 "GET /1/logos/empresas/2017/10/20//prosegur131322thumbnail.jpeg HTTP/1.1" 200 25531
2026-09-27 14:32:47,834 DEBUG https://colombia.mimusjobs.com:443 "POST /wp-json/wp/v2/media HTTP/1.1" 201 None
2026-09-27 14:32:49,348 DEBUG https://colombia.mimusjobs.com:443 "POST /wp-json/wp/v2/job-listings HTTP/1.1" 201 None
2026-09-27 14:32:49,351 INFO ✅ Job posted: 'Agente de retención/call center - Bogotá' → WP ID 39987
2026-09-27 14:32:49,351 INFO ✅ SUCCESS — 'Agente de retención/call center - Bogotá' → WP ID=39987 🔗 https://colombia.mimusjobs.com/job/agente-de-retencion-call-center-bogota/
2026-09-27 14:32:50,352 INFO ── https://co.computrabajo.com/empleos-en-bogota-dc | page 2 | job 9/20: https://co.computrabajo.com/ofertas-de-trabajo/oferta-de-trabajo-de-practicantes-de-psicologia-o-trabajadora-social-candidatos-en-busqueda-de-realizar-su-practica-profesional-en-bogota-dc-D8FA7BF07B45A8D461373E686DCF3405
2026-09-27 14:32:50,448 DEBUG https://co.computrabajo.com:443 "GET /ofertas-de-trabajo/oferta-de-trabajo-de-practicantes-de-psicologia-o-trabajadora-social-candidatos-en-busqueda-de-realizar-su-practica-profesional-en-bogota-dc-D8FA7BF07B45A8D461373E686DCF3405 HTTP/1.1" 200 None
2026-09-27 14:32:50,451 DEBUG     GET https://co.computrabajo.com/ofertas-de-trabajo/oferta-de-trabajo-de-practicantes-de-psicologia-o-trabajadora-social-candidatos-en-busqueda-de-realizar-su-practica-profesional-en-bogota-dc-D8FA7BF07B45A8D461373E686DCF3405 → HTTP 200 (151,982 chars)
2026-09-27 14:32:50,465 WARNING No JobPosting JSON-LD found, using HTML fallback: https://co.computrabajo.com/ofertas-de-trabajo/oferta-de-trabajo-de-practicantes-de-psicologia-o-trabajadora-social-candidatos-en-busqueda-de-realizar-su-practica-profesional-en-bogota-dc-D8FA7BF07B45A8D461373E686DCF3405
2026-09-27 14:32:50,467 INFO     ┌─ SCRAPED JOB ─────────────────────────────────────────
    │ URL          : https://co.computrabajo.com/ofertas-de-trabajo/oferta-de-trabajo-de-practicantes-de-psicologia-o-trabajadora-social-candidatos-en-busqueda-de-realizar-su-practica-profesional-en-bogota-dc-D8FA7BF07B45A8D461373E686DCF3405
    │ Title        : Practicantes de Psicologia o Trabajadora social - candidatos en búsqueda de realizar su practica profesional.
    │ Company      : Importante empresa del sector
    │ Location     : Bogotá, D.C., Bogotá, D.C.
    │ Job type     : full-time
    │ Salary       : A convenir COP
    │ Industry     : (none)
    │ Date posted  : (unknown)
    │ Deadline     : (estimated: )
    │ External ID  : (none)
    │ Description  : La practicante desarrollará su etapa práctica en el área de Gestión Humana, apoyando los procesos de reclutamiento, selección y contratación de personal. Entre sus principales funciones estarán el apo…
    └───────────────────────────────────────────────────────
2026-09-27 14:32:51,628 DEBUG https://colombia.mimusjobs.com:443 "GET /wp-json/wp/v2/companies?slug=importante-empresa-del-sector HTTP/1.1" 200 None
2026-09-27 14:32:51,629 INFO ⏭ Company exists: Importante empresa del sector
2026-09-27 14:32:52,790 DEBUG https://colombia.mimusjobs.com:443 "GET /wp-json/wp/v2/job-listings?slug=practicantes-de-psicologia-o-trabajadora-social---candidatos-en-b-squeda-de-real HTTP/1.1" 200 None
2026-09-27 14:32:54,644 DEBUG https://colombia.mimusjobs.com:443 "POST /wp-json/wp/v2/job-listings HTTP/1.1" 201 None
2026-09-27 14:32:54,644 INFO ✅ Job posted: 'Practicantes de Psicologia o Trabajadora social - candidatos en búsqueda de realizar su practica profesional.' → WP ID 39988
2026-09-27 14:32:54,644 INFO ✅ SUCCESS — 'Practicantes de Psicologia o Trabajadora social - candidatos en búsqueda de realizar su practica profesional.' → WP ID=39988 🔗 https://colombia.mimusjobs.com/job/practicantes-de-psicologia-o-trabajadora-social-candidatos-en-busqueda-de-realizar-su-practica-profesional/
2026-09-27 14:32:55,644 INFO ── https://co.computrabajo.com/empleos-en-bogota-dc | page 2 | job 10/20: https://co.computrabajo.com/ofertas-de-trabajo/oferta-de-trabajo-de-inspector-control-de-apoderamiento-en-bogota-dc-37F5D5A41C993ACF61373E686DCF3405
2026-09-27 14:32:55,751 DEBUG https://co.computrabajo.com:443 "GET /ofertas-de-trabajo/oferta-de-trabajo-de-inspector-control-de-apoderamiento-en-bogota-dc-37F5D5A41C993ACF61373E686DCF3405 HTTP/1.1" 200 None
2026-09-27 14:32:55,754 DEBUG     GET https://co.computrabajo.com/ofertas-de-trabajo/oferta-de-trabajo-de-inspector-control-de-apoderamiento-en-bogota-dc-37F5D5A41C993ACF61373E686DCF3405 → HTTP 200 (153,376 chars)
2026-09-27 14:32:55,770 WARNING No JobPosting JSON-LD found, using HTML fallback: https://co.computrabajo.com/ofertas-de-trabajo/oferta-de-trabajo-de-inspector-control-de-apoderamiento-en-bogota-dc-37F5D5A41C993ACF61373E686DCF3405
2026-09-27 14:32:55,771 INFO     ┌─ SCRAPED JOB ─────────────────────────────────────────
    │ URL          : https://co.computrabajo.com/ofertas-de-trabajo/oferta-de-trabajo-de-inspector-control-de-apoderamiento-en-bogota-dc-37F5D5A41C993ACF61373E686DCF3405
    │ Title        : Inspector Control de Apoderamiento
    │ Company      : Importante empresa del sector
    │ Location     : Bogotá, D.C., Bogotá, D.C.
    │ Job type     : full-time
    │ Salary       : $ 3.200.000,00 (Mensual) COP
    │ Industry     : (none)
    │ Date posted  : (unknown)
    │ Deadline     : (estimated: )
    │ External ID  : (none)
    │ Description  : Inspectores para los servicios de inspección pedestre y fluvial del DDV. con experiencia certificada en sector hidrocarburos. Misión: Ejecución de labores de seguridad física de procesos industriales,…
    └───────────────────────────────────────────────────────
2026-09-27 14:32:56,697 DEBUG https://colombia.mimusjobs.com:443 "GET /wp-json/wp/v2/companies?slug=importante-empresa-del-sector HTTP/1.1" 200 None
2026-09-27 14:32:56,697 INFO ⏭ Company exists: Importante empresa del sector
2026-09-27 14:32:58,275 DEBUG https://colombia.mimusjobs.com:443 "GET /wp-json/wp/v2/job-listings?slug=inspector-control-de-apoderamiento HTTP/1.1" 200 None
2026-09-27 14:32:58,275 INFO ⏭ Job already on WP: Inspector Control de Apoderamiento
2026-09-27 14:32:58,275 INFO ✅ SUCCESS — 'Inspector Control de Apoderamiento' → WP ID=17610 🔗 https://colombia.mimusjobs.com/job/inspector-control-de-apoderamiento/
2026-09-27 14:32:59,275 INFO ── https://co.computrabajo.com/empleos-en-bogota-dc | page 2 | job 11/20: https://co.computrabajo.com/ofertas-de-trabajo/oferta-de-trabajo-de-auxiliar-de-farmacia-en-bogota-dc-F8CBA98DBE94D2CA61373E686DCF3405
2026-09-27 14:32:59,375 DEBUG https://co.computrabajo.com:443 "GET /ofertas-de-trabajo/oferta-de-trabajo-de-auxiliar-de-farmacia-en-bogota-dc-F8CBA98DBE94D2CA61373E686DCF3405 HTTP/1.1" 200 None
2026-09-27 14:32:59,377 DEBUG     GET https://co.computrabajo.com/ofertas-de-trabajo/oferta-de-trabajo-de-auxiliar-de-farmacia-en-bogota-dc-F8CBA98DBE94D2CA61373E686DCF3405 → HTTP 200 (179,417 chars)
2026-09-27 14:32:59,399 INFO     ┌─ SCRAPED JOB ─────────────────────────────────────────
    │ URL          : https://co.computrabajo.com/ofertas-de-trabajo/oferta-de-trabajo-de-auxiliar-de-farmacia-en-bogota-dc-F8CBA98DBE94D2CA61373E686DCF3405
    │ Title        : Auxiliar de Farmacia
    │ Company      : EMMANUEL INSTITUTO DE REHABILITACION Y HABILITACION INFANTIL S.A.S
    │ Location     : Bogotá, D.C.
    │ Job type     : full-time
    │ Salary       : 1750905 COP
    │ Industry     : Salud / Medicina
    │ Date posted  : 2026-09-03
    │ Deadline     : 2026-11-02
    │ External ID  : D4C26BBD2447AAB5
    │ Description  : Importante empresa del sector salud, requiere para su equipo de trabajo Auxiliar de Farmacia, para cubrimiento de vacaciones. Requisitos - Técnico en Farmacia. - 6 meses de experiencia en servicio pre…
    └───────────────────────────────────────────────────────
2026-09-27 14:33:00,323 DEBUG https://colombia.mimusjobs.com:443 "GET /wp-json/wp/v2/companies?slug=emmanuel-instituto-de-rehabilitacion-y-habilitacion-infantil-s-a-s HTTP/1.1" 200 None
2026-09-27 14:33:00,324 INFO ⏭ Company exists: EMMANUEL INSTITUTO DE REHABILITACION Y HABILITACION INFANTIL S.A.S
2026-09-27 14:33:01,001 DEBUG https://colombia.mimusjobs.com:443 "GET /wp-json/wp/v2/job-listings?slug=auxiliar-de-farmacia HTTP/1.1" 200 None
2026-09-27 14:33:01,002 INFO ⏭ Job already on WP: Auxiliar de Farmacia
2026-09-27 14:33:01,002 INFO ✅ SUCCESS — 'Auxiliar de Farmacia' → WP ID=1057 🔗 https://colombia.mimusjobs.com/job/auxiliar-de-farmacia/
2026-09-27 14:33:02,002 INFO ── https://co.computrabajo.com/empleos-en-bogota-dc | page 2 | job 12/20: https://co.computrabajo.com/ofertas-de-trabajo/oferta-de-trabajo-de-inspector-de-calidad-fontibon-en-bogota-dc-C6CAF942683714F761373E686DCF3405
2026-09-27 14:33:02,118 DEBUG https://co.computrabajo.com:443 "GET /ofertas-de-trabajo/oferta-de-trabajo-de-inspector-de-calidad-fontibon-en-bogota-dc-C6CAF942683714F761373E686DCF3405 HTTP/1.1" 200 None
2026-09-27 14:33:02,121 DEBUG     GET https://co.computrabajo.com/ofertas-de-trabajo/oferta-de-trabajo-de-inspector-de-calidad-fontibon-en-bogota-dc-C6CAF942683714F761373E686DCF3405 → HTTP 200 (180,851 chars)
2026-09-27 14:33:02,166 INFO     ┌─ SCRAPED JOB ─────────────────────────────────────────
    │ URL          : https://co.computrabajo.com/ofertas-de-trabajo/oferta-de-trabajo-de-inspector-de-calidad-fontibon-en-bogota-dc-C6CAF942683714F761373E686DCF3405
    │ Title        : Inspector de Calidad - Fontibón
    │ Company      : PUNTO EMPLEO S.A.S
    │ Location     : Bogotá, D.C.
    │ Job type     : full-time
    │ Salary       : (not listed)
    │ Industry     : RRHH / Personal
    │ Date posted  : 2026-08-24
    │ Deadline     : 2026-10-23
    │ External ID  : 93FF10B0152E772D
    │ Description  : INSPECTOR DE CALIDAD
 Fontibón
 Empresa: MULTIDIMENSIONALES · Importante empresa de producción está en búsqueda de tu talento · Requisitos:
 Mínimo 1 año de experiencia en procesos de calidad o manufa…
    └───────────────────────────────────────────────────────
2026-09-27 14:33:02,782 DEBUG https://colombia.mimusjobs.com:443 "GET /wp-json/wp/v2/companies?slug=punto-empleo-s-a-s HTTP/1.1" 200 None
2026-09-27 14:33:02,782 INFO ⏭ Company exists: PUNTO EMPLEO S.A.S
2026-09-27 14:33:03,510 DEBUG https://colombia.mimusjobs.com:443 "GET /wp-json/wp/v2/job-listings?slug=inspector-de-calidad---fontib-n HTTP/1.1" 200 None
2026-09-27 14:33:03,535 DEBUG https://ii.ct-stc.com:443 "GET /1/logos/empresas/2017/11/16/administracion-de-personal-93FF10B0152E772D185009thumbnail.png HTTP/1.1" 200 17733
2026-09-27 14:33:04,744 DEBUG https://colombia.mimusjobs.com:443 "POST /wp-json/wp/v2/media HTTP/1.1" 201 None
2026-09-27 14:33:06,129 DEBUG https://colombia.mimusjobs.com:443 "POST /wp-json/wp/v2/job-listings HTTP/1.1" 201 None
2026-09-27 14:33:06,130 INFO ✅ Job posted: 'Inspector de Calidad - Fontibón' → WP ID 39994
2026-09-27 14:33:06,130 INFO ✅ SUCCESS — 'Inspector de Calidad - Fontibón' → WP ID=39994 🔗 https://colombia.mimusjobs.com/job/inspector-de-calidad-fontibon-2/
2026-09-27 14:33:07,130 INFO ── https://co.computrabajo.com/empleos-en-bogota-dc | page 2 | job 13/20: https://co.computrabajo.com/ofertas-de-trabajo/oferta-de-trabajo-de-gerente-de-desarrollo-de-negocios-soluciones-logisticas-para-la-industria-minera-en-bogota-dc-2468A90B46D4A0D361373E686DCF3405
2026-09-27 14:33:07,233 DEBUG https://co.computrabajo.com:443 "GET /ofertas-de-trabajo/oferta-de-trabajo-de-gerente-de-desarrollo-de-negocios-soluciones-logisticas-para-la-industria-minera-en-bogota-dc-2468A90B46D4A0D361373E686DCF3405 HTTP/1.1" 200 None
2026-09-27 14:33:07,236 DEBUG     GET https://co.computrabajo.com/ofertas-de-trabajo/oferta-de-trabajo-de-gerente-de-desarrollo-de-negocios-soluciones-logisticas-para-la-industria-minera-en-bogota-dc-2468A90B46D4A0D361373E686DCF3405 → HTTP 200 (176,046 chars)
2026-09-27 14:33:07,258 INFO     ┌─ SCRAPED JOB ─────────────────────────────────────────
    │ URL          : https://co.computrabajo.com/ofertas-de-trabajo/oferta-de-trabajo-de-gerente-de-desarrollo-de-negocios-soluciones-logisticas-para-la-industria-minera-en-bogota-dc-2468A90B46D4A0D361373E686DCF3405
    │ Title        : Gerente de Desarrollo de Negocios – Soluciones Logísticas para la Industria Minera
    │ Company      : PROSEGUR GESTION DE ACTIVOS COLOMBIA SAS
    │ Location     : Bogotá, D.C.
    │ Job type     : full-time
    │ Salary       : 20000000 COP
    │ Industry     : Servicios Profesionales
    │ Date posted  : 2026-08-26
    │ Deadline     : 2026-10-25
    │ External ID  : D0D3DFD4185124AA
    │ Description  : Ubicación: Flexible en LATAM
 Disponibilidad para viajar: 40% nacional e internacional
En Prosegur Cash International buscamos un(a) Business Development Manager Mining Logistics Solutions para lidera…
    └───────────────────────────────────────────────────────
2026-09-27 14:33:08,188 DEBUG https://colombia.mimusjobs.com:443 "GET /wp-json/wp/v2/companies?slug=prosegur-gestion-de-activos-colombia-sas HTTP/1.1" 200 None
2026-09-27 14:33:08,189 INFO ⏭ Company exists: PROSEGUR GESTION DE ACTIVOS COLOMBIA SAS
2026-09-27 14:33:09,585 DEBUG https://colombia.mimusjobs.com:443 "GET /wp-json/wp/v2/job-listings?slug=gerente-de-desarrollo-de-negocios---soluciones-log-sticas-para-la-industria-mine HTTP/1.1" 200 None
2026-09-27 14:33:09,610 DEBUG https://ii.ct-stc.com:443 "GET /1/logos/empresas/2017/10/20//prosegur131322thumbnail.jpeg HTTP/1.1" 200 25531
2026-09-27 14:33:10,775 DEBUG https://colombia.mimusjobs.com:443 "POST /wp-json/wp/v2/media HTTP/1.1" 201 None
2026-09-27 14:33:12,453 DEBUG https://colombia.mimusjobs.com:443 "POST /wp-json/wp/v2/job-listings HTTP/1.1" 201 None
2026-09-27 14:33:12,453 INFO ✅ Job posted: 'Gerente de Desarrollo de Negocios – Soluciones Logísticas para la Industria Minera' → WP ID 39996
2026-09-27 14:33:12,453 INFO ✅ SUCCESS — 'Gerente de Desarrollo de Negocios – Soluciones Logísticas para la Industria Minera' → WP ID=39996 🔗 https://colombia.mimusjobs.com/job/gerente-de-desarrollo-de-negocios-soluciones-logisticas-para-la-industria-minera/
2026-09-27 14:33:13,454 INFO ── https://co.computrabajo.com/empleos-en-bogota-dc | page 2 | job 14/20: https://co.computrabajo.com/ofertas-de-trabajo/oferta-de-trabajo-de-auxiliar-de-enfermeria-arl-polizas-de-salud-en-bogota-dc-6977550E315AD13E61373E686DCF3405
2026-09-27 14:33:13,568 DEBUG https://co.computrabajo.com:443 "GET /ofertas-de-trabajo/oferta-de-trabajo-de-auxiliar-de-enfermeria-arl-polizas-de-salud-en-bogota-dc-6977550E315AD13E61373E686DCF3405 HTTP/1.1" 200 None
2026-09-27 14:33:13,570 DEBUG     GET https://co.computrabajo.com/ofertas-de-trabajo/oferta-de-trabajo-de-auxiliar-de-enfermeria-arl-polizas-de-salud-en-bogota-dc-6977550E315AD13E61373E686DCF3405 → HTTP 200 (175,882 chars)
2026-09-27 14:33:13,592 INFO     ┌─ SCRAPED JOB ─────────────────────────────────────────
    │ URL          : https://co.computrabajo.com/ofertas-de-trabajo/oferta-de-trabajo-de-auxiliar-de-enfermeria-arl-polizas-de-salud-en-bogota-dc-6977550E315AD13E61373E686DCF3405
    │ Title        : Auxiliar de Enfermeria ARL - Polizas de Salud
    │ Company      : EMERMEDICA S.A. SERVICIOS DE AMBULANCIA PREPAGADOS
    │ Location     : Bogotá, D.C.
    │ Job type     : full-time
    │ Salary       : 1750950 COP
    │ Industry     : Salud / Medicina
    │ Date posted  : 2026-08-26
    │ Deadline     : 2026-10-25
    │ External ID  : AECF04F9BEB213B0
    │ Description  : Importante empresa del sector salud se encuentra en búsqueda de Auxiliares de Enfermería para el cargo de Agente de Cabina, quienes serán responsables de brindar atención y orientación telefónica a lo…
    └───────────────────────────────────────────────────────
2026-09-27 14:33:14,557 DEBUG https://colombia.mimusjobs.com:443 "GET /wp-json/wp/v2/companies?slug=emermedica-s-a--servicios-de-ambulancia-prepagados HTTP/1.1" 200 None
2026-09-27 14:33:14,557 INFO ⏭ Company exists: EMERMEDICA S.A. SERVICIOS DE AMBULANCIA PREPAGADOS
2026-09-27 14:33:15,648 DEBUG https://colombia.mimusjobs.com:443 "GET /wp-json/wp/v2/job-listings?slug=auxiliar-de-enfermeria-arl---polizas-de-salud HTTP/1.1" 200 None
2026-09-27 14:33:15,649 INFO ⏭ Job already on WP: Auxiliar de Enfermeria ARL - Polizas de Salud
2026-09-27 14:33:15,649 INFO ✅ SUCCESS — 'Auxiliar de Enfermeria ARL - Polizas de Salud' → WP ID=17179 🔗 https://colombia.mimusjobs.com/job/auxiliar-de-enfermeria-arl-polizas-de-salud/
2026-09-27 14:33:16,649 INFO ── https://co.computrabajo.com/empleos-en-bogota-dc | page 2 | job 15/20: https://co.computrabajo.com/ofertas-de-trabajo/oferta-de-trabajo-de-buscamos-a-los-mejores-asesores-comerciales-en-seguros-o-financiera-posibilidad-trabajo-desde-casa-puedes-ganar-hasta-4000000-mensuales-premios-internos-en-bogota-dc-7F9F3781280C30FD61373E686DCF3405
2026-09-27 14:33:16,758 DEBUG https://co.computrabajo.com:443 "GET /ofertas-de-trabajo/oferta-de-trabajo-de-buscamos-a-los-mejores-asesores-comerciales-en-seguros-o-financiera-posibilidad-trabajo-desde-casa-puedes-ganar-hasta-4000000-mensuales-premios-internos-en-bogota-dc-7F9F3781280C30FD61373E686DCF3405 HTTP/1.1" 200 None
2026-09-27 14:33:16,761 DEBUG     GET https://co.computrabajo.com/ofertas-de-trabajo/oferta-de-trabajo-de-buscamos-a-los-mejores-asesores-comerciales-en-seguros-o-financiera-posibilidad-trabajo-desde-casa-puedes-ganar-hasta-4000000-mensuales-premios-internos-en-bogota-dc-7F9F3781280C30FD61373E686DCF3405 → HTTP 200 (189,005 chars)
2026-09-27 14:33:16,784 INFO     ┌─ SCRAPED JOB ─────────────────────────────────────────
    │ URL          : https://co.computrabajo.com/ofertas-de-trabajo/oferta-de-trabajo-de-buscamos-a-los-mejores-asesores-comerciales-en-seguros-o-financiera-posibilidad-trabajo-desde-casa-puedes-ganar-hasta-4000000-mensuales-premios-internos-en-bogota-dc-7F9F3781280C30FD61373E686DCF3405
    │ Title        : Buscamos a los Mejores Asesores Comerciales en Seguros o Financiera / Posibilidad Trabajo desde Casa - Puedes Ganar hasta $4.000.000 mensuales + Premios Internos
    │ Company      : INTELCIA
    │ Location     : Bogotá, D.C.
    │ Job type     : full-time
    │ Salary       : 1750905 COP
    │ Industry     : Telecomunicaciones
    │ Date posted  : 2026-08-04
    │ Deadline     : 2026-10-03
    │ External ID  : 082AE5E2305054F0
    │ Description  : ¡ÚNETE A INTELCIA Y CONSTRUYE TU ÉXITO CON NOSOTROS! 
¿Te apasionan las ventas y quieres maximizar tus ingresos mensuales? ¡Esta es tu oportunidad de brillar en una de las compañías multinacionales lí…
    └───────────────────────────────────────────────────────
2026-09-27 14:33:17,862 DEBUG https://colombia.mimusjobs.com:443 "GET /wp-json/wp/v2/companies?slug=intelcia HTTP/1.1" 200 None
2026-09-27 14:33:17,862 INFO ⏭ Company exists: INTELCIA
2026-09-27 14:33:18,709 DEBUG https://colombia.mimusjobs.com:443 "GET /wp-json/wp/v2/job-listings?slug=buscamos-a-los-mejores-asesores-comerciales-en-seguros-o-financiera---posibilida HTTP/1.1" 200 None
2026-09-27 14:33:18,733 DEBUG https://ii.ct-stc.com:443 "GET /1/logos/empresas/2022/01/26//intelcia192208thumbnail.jpeg HTTP/1.1" 200 2480
2026-09-27 14:33:19,818 DEBUG https://colombia.mimusjobs.com:443 "POST /wp-json/wp/v2/media HTTP/1.1" 201 None
2026-09-27 14:33:21,377 DEBUG https://colombia.mimusjobs.com:443 "POST /wp-json/wp/v2/job-listings HTTP/1.1" 201 None
2026-09-27 14:33:21,378 INFO ✅ Job posted: 'Buscamos a los Mejores Asesores Comerciales en Seguros o Financiera / Posibilidad Trabajo desde Casa - Puedes Ganar hasta $4.000.000 mensuales + Premios Internos' → WP ID 40000
2026-09-27 14:33:21,378 INFO ✅ SUCCESS — 'Buscamos a los Mejores Asesores Comerciales en Seguros o Financiera / Posibilidad Trabajo desde Casa - Puedes Ganar hasta $4.000.000 mensuales + Premios Internos' → WP ID=40000 🔗 https://colombia.mimusjobs.com/job/buscamos-a-los-mejores-asesores-comerciales-en-seguros-o-financiera-posibilidad-trabajo-desde-casa-puedes-ganar-hasta-4-000-000-mensuales-premios-internos-2/
2026-09-27 14:33:22,378 INFO ── https://co.computrabajo.com/empleos-en-bogota-dc | page 2 | job 16/20: https://co.computrabajo.com/ofertas-de-trabajo/oferta-de-trabajo-de-tecnico-auxiliar-contable-con-experiencia-en-centro-comercial-no-profesionales-en-bogota-dc-B6E6A36B184ADDB661373E686DCF3405
2026-09-27 14:33:22,479 DEBUG https://co.computrabajo.com:443 "GET /ofertas-de-trabajo/oferta-de-trabajo-de-tecnico-auxiliar-contable-con-experiencia-en-centro-comercial-no-profesionales-en-bogota-dc-B6E6A36B184ADDB661373E686DCF3405 HTTP/1.1" 200 None
2026-09-27 14:33:22,482 DEBUG     GET https://co.computrabajo.com/ofertas-de-trabajo/oferta-de-trabajo-de-tecnico-auxiliar-contable-con-experiencia-en-centro-comercial-no-profesionales-en-bogota-dc-B6E6A36B184ADDB661373E686DCF3405 → HTTP 200 (178,150 chars)
2026-09-27 14:33:22,503 INFO     ┌─ SCRAPED JOB ─────────────────────────────────────────
    │ URL          : https://co.computrabajo.com/ofertas-de-trabajo/oferta-de-trabajo-de-tecnico-auxiliar-contable-con-experiencia-en-centro-comercial-no-profesionales-en-bogota-dc-B6E6A36B184ADDB661373E686DCF3405
    │ Title        : Tecnico Auxiliar Contable con experiencia en Centro Comercial - No profesionales
    │ Company      : FORZA OUTSOURCING SAS
    │ Location     : Bogotá, D.C.
    │ Job type     : full-time
    │ Salary       : 2000000 COP
    │ Industry     : Servicios Profesionales
    │ Date posted  : 2026-09-03
    │ Deadline     : 2026-11-02
    │ External ID  : 8058A0B5297F0753
    │ Description  : Objetivo del cargo Brindar apoyo operativo y administrativo al área contable del centro comercial, garantizando el correcto registro, control y organización de la información financiera y contable, co…
    └───────────────────────────────────────────────────────
2026-09-27 14:33:23,687 DEBUG https://colombia.mimusjobs.com:443 "GET /wp-json/wp/v2/companies?slug=forza-outsourcing-sas HTTP/1.1" 200 None
2026-09-27 14:33:23,687 INFO ⏭ Company exists: FORZA OUTSOURCING SAS
2026-09-27 14:33:24,387 DEBUG https://colombia.mimusjobs.com:443 "GET /wp-json/wp/v2/job-listings?slug=tecnico-auxiliar-contable-con-experiencia-en-centro-comercial---no-profesionales HTTP/1.1" 200 None
2026-09-27 14:33:24,388 INFO ⏭ Job already on WP: Tecnico Auxiliar Contable con experiencia en Centro Comercial - No profesionales
2026-09-27 14:33:24,388 INFO ✅ SUCCESS — 'Tecnico Auxiliar Contable con experiencia en Centro Comercial - No profesionales' → WP ID=16944 🔗 https://colombia.mimusjobs.com/job/tecnico-auxiliar-contable-con-experiencia-en-centro-comercial-no-profesionales/
2026-09-27 14:33:25,388 INFO ── https://co.computrabajo.com/empleos-en-bogota-dc | page 2 | job 17/20: https://co.computrabajo.com/ofertas-de-trabajo/oferta-de-trabajo-de-asesor-comercial-microcredito-sur-de-bogota-en-bogota-dc-4E27FD84DDB068B961373E686DCF3405
2026-09-27 14:33:25,502 DEBUG https://co.computrabajo.com:443 "GET /ofertas-de-trabajo/oferta-de-trabajo-de-asesor-comercial-microcredito-sur-de-bogota-en-bogota-dc-4E27FD84DDB068B961373E686DCF3405 HTTP/1.1" 200 None
2026-09-27 14:33:25,505 DEBUG     GET https://co.computrabajo.com/ofertas-de-trabajo/oferta-de-trabajo-de-asesor-comercial-microcredito-sur-de-bogota-en-bogota-dc-4E27FD84DDB068B961373E686DCF3405 → HTTP 200 (185,905 chars)
2026-09-27 14:33:25,528 INFO     ┌─ SCRAPED JOB ─────────────────────────────────────────
    │ URL          : https://co.computrabajo.com/ofertas-de-trabajo/oferta-de-trabajo-de-asesor-comercial-microcredito-sur-de-bogota-en-bogota-dc-4E27FD84DDB068B961373E686DCF3405
    │ Title        : Asesor Comercial Microcrédito (Sur de Bogotá)
    │ Company      : Mibanco
    │ Location     : Bogotá, D.C.
    │ Job type     : full-time
    │ Salary       : (not listed)
    │ Industry     : Finanzas / Banca
    │ Date posted  : 2026-08-18
    │ Deadline     : 2026-10-17
    │ External ID  : 84E47590DFC9085E
    │ Description  : ¡ÚNETE AL BANCO LÍDER EN MICROFINANZAS DE LATINOAMÉRICA!
En MiBanco, parte del Grupo Credicorp, trabajamos con propósito: transformar vidas a través de la inclusión financiera. Si tienes un perfil com…
    └───────────────────────────────────────────────────────
2026-09-27 14:33:26,342 DEBUG https://colombia.mimusjobs.com:443 "GET /wp-json/wp/v2/companies?slug=mibanco HTTP/1.1" 200 None
2026-09-27 14:33:26,342 INFO ⏭ Company exists: Mibanco
2026-09-27 14:33:27,377 DEBUG https://colombia.mimusjobs.com:443 "GET /wp-json/wp/v2/job-listings?slug=asesor-comercial-microcr-dito--sur-de-bogot-- HTTP/1.1" 200 None
2026-09-27 14:33:27,402 DEBUG https://ii.ct-stc.com:443 "GET /1/logos/empresas/2020/12/11/banco-compartir-sa-84E47590DFC9085E164124thumbnail.png HTTP/1.1" 200 28954
2026-09-27 14:33:31,698 DEBUG https://colombia.mimusjobs.com:443 "POST /wp-json/wp/v2/media HTTP/1.1" 201 None
2026-09-27 14:33:33,460 DEBUG https://colombia.mimusjobs.com:443 "POST /wp-json/wp/v2/job-listings HTTP/1.1" 201 None
2026-09-27 14:33:33,460 INFO ✅ Job posted: 'Asesor Comercial Microcrédito (Sur de Bogotá)' → WP ID 40005
2026-09-27 14:33:33,460 INFO ✅ SUCCESS — 'Asesor Comercial Microcrédito (Sur de Bogotá)' → WP ID=40005 🔗 https://colombia.mimusjobs.com/job/asesor-comercial-microcredito-sur-de-bogota-2/
2026-09-27 14:33:34,460 INFO ── https://co.computrabajo.com/empleos-en-bogota-dc | page 2 | job 18/20: https://co.computrabajo.com/ofertas-de-trabajo/oferta-de-trabajo-de-asistente-de-facturacion-sector-hidrocarburos-e-industrial-en-bogota-dc-1C30FAB8B15CA81A61373E686DCF3405
2026-09-27 14:33:34,577 DEBUG https://co.computrabajo.com:443 "GET /ofertas-de-trabajo/oferta-de-trabajo-de-asistente-de-facturacion-sector-hidrocarburos-e-industrial-en-bogota-dc-1C30FAB8B15CA81A61373E686DCF3405 HTTP/1.1" 200 None
2026-09-27 14:33:34,579 DEBUG     GET https://co.computrabajo.com/ofertas-de-trabajo/oferta-de-trabajo-de-asistente-de-facturacion-sector-hidrocarburos-e-industrial-en-bogota-dc-1C30FAB8B15CA81A61373E686DCF3405 → HTTP 200 (171,674 chars)
2026-09-27 14:33:34,600 INFO     ┌─ SCRAPED JOB ─────────────────────────────────────────
    │ URL          : https://co.computrabajo.com/ofertas-de-trabajo/oferta-de-trabajo-de-asistente-de-facturacion-sector-hidrocarburos-e-industrial-en-bogota-dc-1C30FAB8B15CA81A61373E686DCF3405
    │ Title        : Asistente de Facturación - Sector Hidrocarburos e Industrial
    │ Company      : AW Company SAS
    │ Location     : Bogotá, D.C.
    │ Job type     : full-time
    │ Salary       : (not listed)
    │ Industry     : Construcción / obras
    │ Date posted  : 2026-08-10
    │ Deadline     : 2026-10-09
    │ External ID  : 9880A380484AEB87
    │ Description  : Reconocida empresa del sector ambiental y Oil & Gas requiere para su equipo de trabajo un(a) Asistente de Facturación, con experiencia en procesos administrativos y de facturación, preferiblemente en …
    └───────────────────────────────────────────────────────
2026-09-27 14:33:35,700 DEBUG https://colombia.mimusjobs.com:443 "GET /wp-json/wp/v2/companies?slug=aw-company-sas HTTP/1.1" 200 None
2026-09-27 14:33:35,701 INFO ⏭ Company exists: AW Company SAS
2026-09-27 14:33:37,314 DEBUG https://colombia.mimusjobs.com:443 "GET /wp-json/wp/v2/job-listings?slug=asistente-de-facturaci-n---sector-hidrocarburos-e-industrial HTTP/1.1" 200 None
2026-09-27 14:33:37,338 DEBUG https://ii.ct-stc.com:443 "GET /1/logos/empresas/2022/09/07/a9943ccfe28b492c8fcd152614677thumbnail.jpg HTTP/1.1" 200 5373
2026-09-27 14:33:39,090 DEBUG https://colombia.mimusjobs.com:443 "POST /wp-json/wp/v2/media HTTP/1.1" 201 None
2026-09-27 14:33:40,318 DEBUG https://colombia.mimusjobs.com:443 "POST /wp-json/wp/v2/job-listings HTTP/1.1" 201 None
2026-09-27 14:33:40,319 INFO ✅ Job posted: 'Asistente de Facturación - Sector Hidrocarburos e Industrial' → WP ID 40007
2026-09-27 14:33:40,319 INFO ✅ SUCCESS — 'Asistente de Facturación - Sector Hidrocarburos e Industrial' → WP ID=40007 🔗 https://colombia.mimusjobs.com/job/asistente-de-facturacion-sector-hidrocarburos-e-industrial-2/
2026-09-27 14:33:41,320 INFO ── https://co.computrabajo.com/empleos-en-bogota-dc | page 2 | job 19/20: https://co.computrabajo.com/ofertas-de-trabajo/oferta-de-trabajo-de-coordinador-administrativo-y-de-talento-humano-114010-en-bogota-dc-AD5A70BA8081B34F61373E686DCF3405
2026-09-27 14:33:41,422 DEBUG https://co.computrabajo.com:443 "GET /ofertas-de-trabajo/oferta-de-trabajo-de-coordinador-administrativo-y-de-talento-humano-114010-en-bogota-dc-AD5A70BA8081B34F61373E686DCF3405 HTTP/1.1" 200 None
2026-09-27 14:33:41,425 DEBUG     GET https://co.computrabajo.com/ofertas-de-trabajo/oferta-de-trabajo-de-coordinador-administrativo-y-de-talento-humano-114010-en-bogota-dc-AD5A70BA8081B34F61373E686DCF3405 → HTTP 200 (175,880 chars)
2026-09-27 14:33:41,446 INFO     ┌─ SCRAPED JOB ─────────────────────────────────────────
    │ URL          : https://co.computrabajo.com/ofertas-de-trabajo/oferta-de-trabajo-de-coordinador-administrativo-y-de-talento-humano-114010-en-bogota-dc-AD5A70BA8081B34F61373E686DCF3405
    │ Title        : Coordinador administrativo y de talento humano 114010
    │ Company      : NUEVA EPS S.A
    │ Location     : Bogotá, D.C.
    │ Job type     : full-time
    │ Salary       : 7719000 COP
    │ Industry     : Salud / Medicina
    │ Date posted  : 2026-08-18
    │ Deadline     : 2026-10-17
    │ External ID  : 6036EADB9587E359
    │ Description  : ¡Haz parte de la EPS con mayor número de afiliados en Colombia!
Somos una EPS comprometida con el bienestar de los colombianos. Trabajamos día a día para garantizar el aseguramiento y la gestión integ…
    └───────────────────────────────────────────────────────
2026-09-27 14:33:42,094 DEBUG https://colombia.mimusjobs.com:443 "GET /wp-json/wp/v2/companies?slug=nueva-eps-s-a HTTP/1.1" 200 None
2026-09-27 14:33:42,095 INFO ⏭ Company exists: NUEVA EPS S.A
2026-09-27 14:33:42,946 DEBUG https://colombia.mimusjobs.com:443 "GET /wp-json/wp/v2/job-listings?slug=coordinador-administrativo-y-de-talento-humano-114010 HTTP/1.1" 200 None
2026-09-27 14:33:42,971 DEBUG https://ii.ct-stc.com:443 "GET /1/logos/empresas/2025/05/20/nueva-eps-6036EADB9587E359195503thumbnail.jpeg HTTP/1.1" 200 679484
2026-09-27 14:33:44,787 DEBUG https://colombia.mimusjobs.com:443 "POST /wp-json/wp/v2/media HTTP/1.1" 201 None
2026-09-27 14:33:45,946 DEBUG https://colombia.mimusjobs.com:443 "POST /wp-json/wp/v2/job-listings HTTP/1.1" 201 None
2026-09-27 14:33:45,947 INFO ✅ Job posted: 'Coordinador administrativo y de talento humano 114010' → WP ID 40011
2026-09-27 14:33:45,947 INFO ✅ SUCCESS — 'Coordinador administrativo y de talento humano 114010' → WP ID=40011 🔗 https://colombia.mimusjobs.com/job/coordinador-administrativo-y-de-talento-humano-114010/
2026-09-27 14:33:46,948 INFO ── https://co.computrabajo.com/empleos-en-bogota-dc | page 2 | job 20/20: https://co.computrabajo.com/ofertas-de-trabajo/oferta-de-trabajo-de-desarrollador-backend-java-asoapx-en-bogota-dc-44209199AD2F25BA61373E686DCF3405
2026-09-27 14:33:47,030 DEBUG https://co.computrabajo.com:443 "GET /ofertas-de-trabajo/oferta-de-trabajo-de-desarrollador-backend-java-asoapx-en-bogota-dc-44209199AD2F25BA61373E686DCF3405 HTTP/1.1" 200 None
2026-09-27 14:33:47,033 DEBUG     GET https://co.computrabajo.com/ofertas-de-trabajo/oferta-de-trabajo-de-desarrollador-backend-java-asoapx-en-bogota-dc-44209199AD2F25BA61373E686DCF3405 → HTTP 200 (173,809 chars)
2026-09-27 14:33:47,054 INFO     ┌─ SCRAPED JOB ─────────────────────────────────────────
    │ URL          : https://co.computrabajo.com/ofertas-de-trabajo/oferta-de-trabajo-de-desarrollador-backend-java-asoapx-en-bogota-dc-44209199AD2F25BA61373E686DCF3405
    │ Title        : Desarrollador Backend Java - ASO/APX
    │ Company      : ZEMSANIA COLOMBIA SAS
    │ Location     : Bogotá, D.C.
    │ Job type     : full-time
    │ Salary       : (not listed)
    │ Industry     : Informática / Software
    │ Date posted  : 2026-08-19
    │ Deadline     : 2026-10-18
    │ External ID  : 4651461C61F2ED08
    │ Description  : Importante empresa del sector financiero se encuentra en búsqueda de un Desarrollador Backend Java Senior para integrarse a su equipo de tecnología y participar en el desarrollo y mantenimiento de apl…
    └───────────────────────────────────────────────────────
2026-09-27 14:33:47,858 DEBUG https://colombia.mimusjobs.com:443 "GET /wp-json/wp/v2/companies?slug=zemsania-colombia-sas HTTP/1.1" 200 None
2026-09-27 14:33:47,858 INFO ⏭ Company exists: ZEMSANIA COLOMBIA SAS
2026-09-27 14:33:49,123 DEBUG https://colombia.mimusjobs.com:443 "GET /wp-json/wp/v2/job-listings?slug=desarrollador-backend-java---aso-apx HTTP/1.1" 200 None
2026-09-27 14:33:49,124 INFO ⏭ Job already on WP: Desarrollador Backend Java - ASO/APX
2026-09-27 14:33:49,124 INFO ✅ SUCCESS — 'Desarrollador Backend Java - ASO/APX' → WP ID=17347 🔗 https://colombia.mimusjobs.com/job/desarrollador-backend-java-aso-apx/
2026-09-27 14:33:50,124 INFO 📊 Running totals — posted: 36 | skipped: 4 | failed: 0
2026-09-27 14:33:50,124 INFO Fetching listing page 3: https://co.computrabajo.com/empleos-en-bogota-dc?p=3
2026-09-27 14:33:50,236 DEBUG https://co.computrabajo.com:443 "GET /empleos-en-bogota-dc?p=3 HTTP/1.1" 200 None
2026-09-27 14:33:50,241 DEBUG     GET https://co.computrabajo.com/empleos-en-bogota-dc?p=3 → HTTP 200 (325,490 chars)
2026-09-27 14:33:50,278 INFO Found 20 job URLs on page 3
2026-09-27 14:33:50,278 DEBUG     job 1: https://co.computrabajo.com/ofertas-de-trabajo/oferta-de-trabajo-de-tecnico-obra-civil-bogota-en-bogota-dc-D8864CAD3D8E3C3E61373E686DCF3405
2026-09-27 14:33:50,278 DEBUG     job 2: https://co.computrabajo.com/ofertas-de-trabajo/oferta-de-trabajo-de-asesor-comercial-tat-ruta-en-bogota-oriente-sur-en-bogota-dc-63B496B93B213F6361373E686DCF3405
2026-09-27 14:33:50,278 DEBUG     job 3: https://co.computrabajo.com/ofertas-de-trabajo/oferta-de-trabajo-de-auxiliar-de-servicios-generales-zona-occidental-en-bogota-dc-14A444B606C9C44D61373E686DCF3405
2026-09-27 14:33:50,278 DEBUG     job 4: https://co.computrabajo.com/ofertas-de-trabajo/oferta-de-trabajo-de-operador-de-medios-tecnologicos-en-bogota-dc-3051F3D65CEAED8F61373E686DCF3405
2026-09-27 14:33:50,278 DEBUG     job 5: https://co.computrabajo.com/ofertas-de-trabajo/oferta-de-trabajo-de-asesor-comercial-sector-finaciero-o-creditos-credito-vehiculos-en-bogota-dc-170355FE7BA4720861373E686DCF3405
2026-09-27 14:33:50,278 DEBUG     job 6: https://co.computrabajo.com/ofertas-de-trabajo/oferta-de-trabajo-de-caddie-de-tenis-fin-por-turnos-en-bogota-dc-26AC618CCEB9407D61373E686DCF3405
2026-09-27 14:33:50,278 DEBUG     job 7: https://co.computrabajo.com/ofertas-de-trabajo/oferta-de-trabajo-de-administrador-de-punto-dispensacion-farmacia-soacha-cundinamarca-excel-avanzado-en-bogota-dc-0CFCDFF6BF37A29061373E686DCF3405
2026-09-27 14:33:50,278 DEBUG     job 8: https://co.computrabajo.com/ofertas-de-trabajo/oferta-de-trabajo-de-analista-de-licitaciones-reemplazo-por-licencia-de-maternidad-calle-26-en-bogota-dc-2F377E0EA044293661373E686DCF3405
2026-09-27 14:33:50,278 DEBUG     job 9: https://co.computrabajo.com/ofertas-de-trabajo/oferta-de-trabajo-de-asesor-sac-venta-cruzada-importante-entidad-bancaria-en-bogota-dc-B6953FD4E50C47DE61373E686DCF3405
2026-09-27 14:33:50,278 DEBUG     job 10: https://co.computrabajo.com/ofertas-de-trabajo/oferta-de-trabajo-de-operario-de-alturas-en-bogota-dc-8F44B3A1D07D987F61373E686DCF3405
2026-09-27 14:33:50,278 DEBUG     job 11: https://co.computrabajo.com/ofertas-de-trabajo/oferta-de-trabajo-de-auxiliar-de-limpieza-en-alturas-funza-mosquera-suba-en-bogota-dc-D2D0CBE32CD9A06561373E686DCF3405
2026-09-27 14:33:50,278 DEBUG     job 12: https://co.computrabajo.com/ofertas-de-trabajo/oferta-de-trabajo-de-profesional-en-produccion-avicola-en-bogota-dc-6193A58BD03B2E8961373E686DCF3405
2026-09-27 14:33:50,278 DEBUG     job 13: https://co.computrabajo.com/ofertas-de-trabajo/oferta-de-trabajo-de-asesor-operativo-bancario-en-bogota-dc-7416A5A727BFE90D61373E686DCF3405
2026-09-27 14:33:50,278 DEBUG     job 14: https://co.computrabajo.com/ofertas-de-trabajo/oferta-de-trabajo-de-auxiliar-de-operaciones-bancarias-en-bogota-dc-CC6BD68A8908D15961373E686DCF3405
2026-09-27 14:33:50,278 DEBUG     job 15: https://co.computrabajo.com/ofertas-de-trabajo/oferta-de-trabajo-de-meseros-de-protocolo-para-evento-norte-de-bogota-fin-de-semana-en-bogota-dc-5D12FB1CFC1526B561373E686DCF3405
2026-09-27 14:33:50,278 DEBUG     job 16: https://co.computrabajo.com/ofertas-de-trabajo/oferta-de-trabajo-de-profesional-en-enfermeria-con-especializacion-salud-y-seguridad-en-el-trabajo-en-bogota-dc-00D9E606887442FE61373E686DCF3405
2026-09-27 14:33:50,278 DEBUG     job 17: https://co.computrabajo.com/ofertas-de-trabajo/oferta-de-trabajo-de-agente-de-seguros-financieros-entidad-financiera-en-bogota-dc-89772B7CD21619A561373E686DCF3405
2026-09-27 14:33:50,278 DEBUG     job 18: https://co.computrabajo.com/ofertas-de-trabajo/oferta-de-trabajo-de-agente-de-ventas-outboundno-venta-en-frioseguros-entidad-financiera-en-bogota-dc-8DA9DDF4ED8DCE0161373E686DCF3405
2026-09-27 14:33:50,278 DEBUG     job 19: https://co.computrabajo.com/ofertas-de-trabajo/oferta-de-trabajo-de-agente-pqr-servicio-al-cliente-en-bogota-dc-1C53A4D9BC39EC5361373E686DCF3405
2026-09-27 14:33:50,278 DEBUG     job 20: https://co.computrabajo.com/ofertas-de-trabajo/oferta-de-trabajo-de-operarios-de-produccion-fontibon-en-bogota-dc-996BDB8033FC7B1E61373E686DCF3405
2026-09-27 14:33:50,278 INFO ── https://co.computrabajo.com/empleos-en-bogota-dc | page 3 | job 1/20: https://co.computrabajo.com/ofertas-de-trabajo/oferta-de-trabajo-de-tecnico-obra-civil-bogota-en-bogota-dc-D8864CAD3D8E3C3E61373E686DCF3405
2026-09-27 14:33:50,382 DEBUG https://co.computrabajo.com:443 "GET /ofertas-de-trabajo/oferta-de-trabajo-de-tecnico-obra-civil-bogota-en-bogota-dc-D8864CAD3D8E3C3E61373E686DCF3405 HTTP/1.1" 200 None
2026-09-27 14:33:50,385 DEBUG     GET https://co.computrabajo.com/ofertas-de-trabajo/oferta-de-trabajo-de-tecnico-obra-civil-bogota-en-bogota-dc-D8864CAD3D8E3C3E61373E686DCF3405 → HTTP 200 (174,059 chars)
2026-09-27 14:33:50,406 INFO     ┌─ SCRAPED JOB ─────────────────────────────────────────
    │ URL          : https://co.computrabajo.com/ofertas-de-trabajo/oferta-de-trabajo-de-tecnico-obra-civil-bogota-en-bogota-dc-D8864CAD3D8E3C3E61373E686DCF3405
    │ Title        : Tecnico Obra civil - Bogotá
    │ Company      : SERDAN - MISION TEMPORAL
    │ Location     : Bogotá, D.C.
    │ Job type     : full-time
    │ Salary       : 2377250 COP
    │ Industry     : RRHH / Personal
    │ Date posted  : 2026-09-03
    │ Deadline     : 2026-11-02
    │ External ID  : 61A976259EF1887C
    │ Description  : Importante empresa del sector, requiere para su equipo de trabajo Técnico OBRA CIVIL, que cuente con una formación académica mínima técnica en construcción y una experiencia mínima de 2 años en el áre…
    └───────────────────────────────────────────────────────
2026-09-27 14:33:51,733 DEBUG https://colombia.mimusjobs.com:443 "GET /wp-json/wp/v2/companies?slug=serdan---mision-temporal HTTP/1.1" 200 None
2026-09-27 14:33:51,733 INFO ⏭ Company exists: SERDAN - MISION TEMPORAL
2026-09-27 14:33:52,405 DEBUG https://colombia.mimusjobs.com:443 "GET /wp-json/wp/v2/job-listings?slug=tecnico-obra-civil---bogot- HTTP/1.1" 200 None
2026-09-27 14:33:52,615 DEBUG https://ii.ct-stc.com:443 "GET /1/logos/empresas/2026/06/26//serdan133402thumbnail.png HTTP/1.1" 200 5909
2026-09-27 14:33:54,033 DEBUG https://colombia.mimusjobs.com:443 "POST /wp-json/wp/v2/media HTTP/1.1" 201 None
2026-09-27 14:33:55,196 DEBUG https://colombia.mimusjobs.com:443 "POST /wp-json/wp/v2/job-listings HTTP/1.1" 201 None
2026-09-27 14:33:55,196 INFO ✅ Job posted: 'Tecnico Obra civil - Bogotá' → WP ID 40015
2026-09-27 14:33:55,196 INFO ✅ SUCCESS — 'Tecnico Obra civil - Bogotá' → WP ID=40015 🔗 https://colombia.mimusjobs.com/job/tecnico-obra-civil-bogota-2/
2026-09-27 14:33:56,197 INFO ── https://co.computrabajo.com/empleos-en-bogota-dc | page 3 | job 2/20: https://co.computrabajo.com/ofertas-de-trabajo/oferta-de-trabajo-de-asesor-comercial-tat-ruta-en-bogota-oriente-sur-en-bogota-dc-63B496B93B213F6361373E686DCF3405
2026-09-27 14:33:56,300 DEBUG https://co.computrabajo.com:443 "GET /ofertas-de-trabajo/oferta-de-trabajo-de-asesor-comercial-tat-ruta-en-bogota-oriente-sur-en-bogota-dc-63B496B93B213F6361373E686DCF3405 HTTP/1.1" 200 None
2026-09-27 14:33:56,302 DEBUG     GET https://co.computrabajo.com/ofertas-de-trabajo/oferta-de-trabajo-de-asesor-comercial-tat-ruta-en-bogota-oriente-sur-en-bogota-dc-63B496B93B213F6361373E686DCF3405 → HTTP 200 (170,796 chars)
2026-09-27 14:33:56,323 INFO     ┌─ SCRAPED JOB ─────────────────────────────────────────
    │ URL          : https://co.computrabajo.com/ofertas-de-trabajo/oferta-de-trabajo-de-asesor-comercial-tat-ruta-en-bogota-oriente-sur-en-bogota-dc-63B496B93B213F6361373E686DCF3405
    │ Title        : Asesor Comercial TAT - Ruta en Bogotá Oriente Sur
    │ Company      : SERDAN - MISION TEMPORAL
    │ Location     : Bogotá, D.C.
    │ Job type     : full-time
    │ Salary       : (not listed)
    │ Industry     : RRHH / Personal
    │ Date posted  : 2026-09-03
    │ Deadline     : 2026-11-02
    │ External ID  : 61A976259EF1887C
    │ Description  : Eres comercial y tienes MOTO esta es tu OPORTUNIDAD! 
 
Importante empresa de consumo masivo, se encuentra en búsqueda de personas comerciales que tengan Moto para realizar ruta, con experiencia mínim…
    └───────────────────────────────────────────────────────
2026-09-27 14:33:57,090 DEBUG https://colombia.mimusjobs.com:443 "GET /wp-json/wp/v2/companies?slug=serdan---mision-temporal HTTP/1.1" 200 None
2026-09-27 14:33:57,090 INFO ⏭ Company exists: SERDAN - MISION TEMPORAL
2026-09-27 14:33:57,937 DEBUG https://colombia.mimusjobs.com:443 "GET /wp-json/wp/v2/job-listings?slug=asesor-comercial-tat---ruta-en-bogot--oriente-sur HTTP/1.1" 200 None
2026-09-27 14:33:57,963 DEBUG https://ii.ct-stc.com:443 "GET /1/logos/empresas/2026/06/26//serdan133402thumbnail.png HTTP/1.1" 200 5909
2026-09-27 14:33:59,100 DEBUG https://colombia.mimusjobs.com:443 "POST /wp-json/wp/v2/media HTTP/1.1" 201 None
2026-09-27 14:34:01,009 DEBUG https://colombia.mimusjobs.com:443 "POST /wp-json/wp/v2/job-listings HTTP/1.1" 201 None
2026-09-27 14:34:01,010 INFO ✅ Job posted: 'Asesor Comercial TAT - Ruta en Bogotá Oriente Sur' → WP ID 40017
2026-09-27 14:34:01,010 INFO ✅ SUCCESS — 'Asesor Comercial TAT - Ruta en Bogotá Oriente Sur' → WP ID=40017 🔗 https://colombia.mimusjobs.com/job/asesor-comercial-tat-ruta-en-bogota-oriente-sur-2/
2026-09-27 14:34:02,010 INFO ── https://co.computrabajo.com/empleos-en-bogota-dc | page 3 | job 3/20: https://co.computrabajo.com/ofertas-de-trabajo/oferta-de-trabajo-de-auxiliar-de-servicios-generales-zona-occidental-en-bogota-dc-14A444B606C9C44D61373E686DCF3405
2026-09-27 14:34:02,121 DEBUG https://co.computrabajo.com:443 "GET /ofertas-de-trabajo/oferta-de-trabajo-de-auxiliar-de-servicios-generales-zona-occidental-en-bogota-dc-14A444B606C9C44D61373E686DCF3405 HTTP/1.1" 200 None
2026-09-27 14:34:02,173 DEBUG     GET https://co.computrabajo.com/ofertas-de-trabajo/oferta-de-trabajo-de-auxiliar-de-servicios-generales-zona-occidental-en-bogota-dc-14A444B606C9C44D61373E686DCF3405 → HTTP 200 (171,308 chars)
2026-09-27 14:34:02,216 INFO     ┌─ SCRAPED JOB ─────────────────────────────────────────
    │ URL          : https://co.computrabajo.com/ofertas-de-trabajo/oferta-de-trabajo-de-auxiliar-de-servicios-generales-zona-occidental-en-bogota-dc-14A444B606C9C44D61373E686DCF3405
    │ Title        : Auxiliar de Servicios Generales - Zona Occidental
    │ Company      : SODEXO S.A.S
    │ Location     : Bogotá, D.C.
    │ Job type     : full-time
    │ Salary       : (not listed)
    │ Industry     : Servicios Profesionales
    │ Date posted  : 2026-08-19
    │ Deadline     : 2026-10-18
    │ External ID  : 38F8D3C89C275A55
    │ Description  : Buscamos un Auxiliar de Servicios Generales para incorporarse en nuestro equipo.
Tu misión principal será mantener el orden y la limpieza en nuestras instalaciones.
Deberás realizar tareas, limpieza d…
    └───────────────────────────────────────────────────────
2026-09-27 14:34:02,888 DEBUG https://colombia.mimusjobs.com:443 "GET /wp-json/wp/v2/companies?slug=sodexo-s-a-s HTTP/1.1" 200 None
2026-09-27 14:34:02,888 INFO ⏭ Company exists: SODEXO S.A.S
2026-09-27 14:34:03,890 DEBUG https://colombia.mimusjobs.com:443 "GET /wp-json/wp/v2/job-listings?slug=auxiliar-de-servicios-generales---zona-occidental HTTP/1.1" 200 None
2026-09-27 14:34:03,891 INFO ⏭ Job already on WP: Auxiliar de Servicios Generales - Zona Occidental
2026-09-27 14:34:03,891 INFO ✅ SUCCESS — 'Auxiliar de Servicios Generales - Zona Occidental' → WP ID=16472 🔗 https://colombia.mimusjobs.com/job/auxiliar-de-servicios-generales-zona-occidental/
2026-09-27 14:34:04,891 INFO ── https://co.computrabajo.com/empleos-en-bogota-dc | page 3 | job 4/20: https://co.computrabajo.com/ofertas-de-trabajo/oferta-de-trabajo-de-operador-de-medios-tecnologicos-en-bogota-dc-3051F3D65CEAED8F61373E686DCF3405
2026-09-27 14:34:04,993 DEBUG https://co.computrabajo.com:443 "GET /ofertas-de-trabajo/oferta-de-trabajo-de-operador-de-medios-tecnologicos-en-bogota-dc-3051F3D65CEAED8F61373E686DCF3405 HTTP/1.1" 200 None
2026-09-27 14:34:04,995 DEBUG     GET https://co.computrabajo.com/ofertas-de-trabajo/oferta-de-trabajo-de-operador-de-medios-tecnologicos-en-bogota-dc-3051F3D65CEAED8F61373E686DCF3405 → HTTP 200 (151,166 chars)
2026-09-27 14:34:05,011 WARNING No JobPosting JSON-LD found, using HTML fallback: https://co.computrabajo.com/ofertas-de-trabajo/oferta-de-trabajo-de-operador-de-medios-tecnologicos-en-bogota-dc-3051F3D65CEAED8F61373E686DCF3405
2026-09-27 14:34:05,012 INFO     ┌─ SCRAPED JOB ─────────────────────────────────────────
    │ URL          : https://co.computrabajo.com/ofertas-de-trabajo/oferta-de-trabajo-de-operador-de-medios-tecnologicos-en-bogota-dc-3051F3D65CEAED8F61373E686DCF3405
    │ Title        : Operador de Medios Tecnologicos
    │ Company      : Importante empresa del sector
    │ Location     : Bogotá, D.C., Bogotá, D.C.
    │ Job type     : full-time
    │ Salary       : $ 1.837.127,00 (Mensual) COP
    │ Industry     : (none)
    │ Date posted  : (unknown)
    │ Deadline     : (estimated: )
    │ External ID  : (none)
    │ Description  : Importante empresa de seguridad se encuentra en la búsqueda de un Operador de Medios Tecnológicos, responsable del monitoreo y control de los sistemas de seguridad electrónica, tales como CCTV, alarma…
    └───────────────────────────────────────────────────────
2026-09-27 14:34:05,666 DEBUG https://colombia.mimusjobs.com:443 "GET /wp-json/wp/v2/companies?slug=importante-empresa-del-sector HTTP/1.1" 200 None
2026-09-27 14:34:05,667 INFO ⏭ Company exists: Importante empresa del sector
2026-09-27 14:34:06,473 DEBUG https://colombia.mimusjobs.com:443 "GET /wp-json/wp/v2/job-listings?slug=operador-de-medios-tecnologicos HTTP/1.1" 200 None
2026-09-27 14:34:06,474 INFO ⏭ Job already on WP: Operador de Medios Tecnologicos
2026-09-27 14:34:06,474 INFO ✅ SUCCESS — 'Operador de Medios Tecnologicos' → WP ID=1375 🔗 https://colombia.mimusjobs.com/job/operador-de-medios-tecnologicos/
2026-09-27 14:34:07,474 INFO ── https://co.computrabajo.com/empleos-en-bogota-dc | page 3 | job 5/20: https://co.computrabajo.com/ofertas-de-trabajo/oferta-de-trabajo-de-asesor-comercial-sector-finaciero-o-creditos-credito-vehiculos-en-bogota-dc-170355FE7BA4720861373E686DCF3405
2026-09-27 14:34:07,576 DEBUG https://co.computrabajo.com:443 "GET /ofertas-de-trabajo/oferta-de-trabajo-de-asesor-comercial-sector-finaciero-o-creditos-credito-vehiculos-en-bogota-dc-170355FE7BA4720861373E686DCF3405 HTTP/1.1" 200 None
2026-09-27 14:34:07,578 DEBUG     GET https://co.computrabajo.com/ofertas-de-trabajo/oferta-de-trabajo-de-asesor-comercial-sector-finaciero-o-creditos-credito-vehiculos-en-bogota-dc-170355FE7BA4720861373E686DCF3405 → HTTP 200 (175,768 chars)
2026-09-27 14:34:07,600 INFO     ┌─ SCRAPED JOB ─────────────────────────────────────────
    │ URL          : https://co.computrabajo.com/ofertas-de-trabajo/oferta-de-trabajo-de-asesor-comercial-sector-finaciero-o-creditos-credito-vehiculos-en-bogota-dc-170355FE7BA4720861373E686DCF3405
    │ Title        : Asesor Comercial Sector finaciero o Creditos - Credito Vehiculos
    │ Company      : Adecco Colombia S.A.
    │ Location     : Bogotá, D.C.
    │ Job type     : full-time
    │ Salary       : 1750905 COP
    │ Industry     : RRHH / Personal
    │ Date posted  : 2026-09-11
    │ Deadline     : 2026-11-10
    │ External ID  : F9FF1FBA81D6FD54
    │ Description  : Si te apasionan los autos y cuentas con experiencia mínima de 1 año en el área comercial, ¡Esta es tu oportunidad! · Importante empresa del sector automotriz requiere para su equipo de trabajo asesor …
    └───────────────────────────────────────────────────────
2026-09-27 14:34:08,351 DEBUG https://colombia.mimusjobs.com:443 "GET /wp-json/wp/v2/companies?slug=adecco-colombia-s-a- HTTP/1.1" 200 None
2026-09-27 14:34:08,351 INFO ⏭ Company exists: Adecco Colombia S.A.
2026-09-27 14:34:09,005 DEBUG https://colombia.mimusjobs.com:443 "GET /wp-json/wp/v2/job-listings?slug=asesor-comercial-sector-finaciero-o-creditos---credito-vehiculos HTTP/1.1" 200 None
2026-09-27 14:34:09,006 INFO ⏭ Job already on WP: Asesor Comercial Sector finaciero o Creditos - Credito Vehiculos
2026-09-27 14:34:09,006 INFO ✅ SUCCESS — 'Asesor Comercial Sector finaciero o Creditos - Credito Vehiculos' → WP ID=16670 🔗 https://colombia.mimusjobs.com/job/asesor-comercial-sector-finaciero-o-creditos-credito-vehiculos/
2026-09-27 14:34:10,006 INFO ── https://co.computrabajo.com/empleos-en-bogota-dc | page 3 | job 6/20: https://co.computrabajo.com/ofertas-de-trabajo/oferta-de-trabajo-de-caddie-de-tenis-fin-por-turnos-en-bogota-dc-26AC618CCEB9407D61373E686DCF3405
2026-09-27 14:34:10,114 DEBUG https://co.computrabajo.com:443 "GET /ofertas-de-trabajo/oferta-de-trabajo-de-caddie-de-tenis-fin-por-turnos-en-bogota-dc-26AC618CCEB9407D61373E686DCF3405 HTTP/1.1" 200 None
2026-09-27 14:34:10,116 DEBUG     GET https://co.computrabajo.com/ofertas-de-trabajo/oferta-de-trabajo-de-caddie-de-tenis-fin-por-turnos-en-bogota-dc-26AC618CCEB9407D61373E686DCF3405 → HTTP 200 (170,206 chars)
2026-09-27 14:34:10,137 INFO     ┌─ SCRAPED JOB ─────────────────────────────────────────
    │ URL          : https://co.computrabajo.com/ofertas-de-trabajo/oferta-de-trabajo-de-caddie-de-tenis-fin-por-turnos-en-bogota-dc-26AC618CCEB9407D61373E686DCF3405
    │ Title        : Caddie de Tenis Fin - Por Turnos
    │ Company      : Trabajadores Temporales S.A.S.
    │ Location     : Bogotá, D.C.
    │ Job type     : temporary
    │ Salary       : 17000000 COP
    │ Industry     : RRHH / Personal
    │ Date posted  : 2026-08-26
    │ Deadline     : 2026-10-25
    │ External ID  : F5DF6D2185A507CC
    │ Description  : Importante Club Ubicado al norte de la ciudad de Bogotá Requiere Caddie de Tenis para laborar por Turnos, PARA ESTE VIERNES 28 DE AGOSTO A LAS 6:00AM Y FINES de Semana, Estamos buscando Bachilleres, T…
    └───────────────────────────────────────────────────────
2026-09-27 14:34:10,799 DEBUG https://colombia.mimusjobs.com:443 "GET /wp-json/wp/v2/companies?slug=trabajadores-temporales-s-a-s- HTTP/1.1" 200 None
2026-09-27 14:34:10,799 INFO ⏭ Company exists: Trabajadores Temporales S.A.S.
2026-09-27 14:34:11,945 DEBUG https://colombia.mimusjobs.com:443 "GET /wp-json/wp/v2/job-listings?slug=caddie-de-tenis-fin---por-turnos HTTP/1.1" 200 None
2026-09-27 14:34:11,945 INFO ⏭ Job already on WP: Caddie de Tenis Fin - Por Turnos
2026-09-27 14:34:11,945 INFO ✅ SUCCESS — 'Caddie de Tenis Fin - Por Turnos' → WP ID=16724 🔗 https://colombia.mimusjobs.com/job/caddie-de-tenis-fin-por-turnos/
2026-09-27 14:34:12,945 INFO ── https://co.computrabajo.com/empleos-en-bogota-dc | page 3 | job 7/20: https://co.computrabajo.com/ofertas-de-trabajo/oferta-de-trabajo-de-administrador-de-punto-dispensacion-farmacia-soacha-cundinamarca-excel-avanzado-en-bogota-dc-0CFCDFF6BF37A29061373E686DCF3405
2026-09-27 14:34:13,048 DEBUG https://co.computrabajo.com:443 "GET /ofertas-de-trabajo/oferta-de-trabajo-de-administrador-de-punto-dispensacion-farmacia-soacha-cundinamarca-excel-avanzado-en-bogota-dc-0CFCDFF6BF37A29061373E686DCF3405 HTTP/1.1" 200 None
2026-09-27 14:34:13,051 DEBUG     GET https://co.computrabajo.com/ofertas-de-trabajo/oferta-de-trabajo-de-administrador-de-punto-dispensacion-farmacia-soacha-cundinamarca-excel-avanzado-en-bogota-dc-0CFCDFF6BF37A29061373E686DCF3405 → HTTP 200 (153,615 chars)
2026-09-27 14:34:13,066 WARNING No JobPosting JSON-LD found, using HTML fallback: https://co.computrabajo.com/ofertas-de-trabajo/oferta-de-trabajo-de-administrador-de-punto-dispensacion-farmacia-soacha-cundinamarca-excel-avanzado-en-bogota-dc-0CFCDFF6BF37A29061373E686DCF3405
2026-09-27 14:34:13,067 INFO     ┌─ SCRAPED JOB ─────────────────────────────────────────
    │ URL          : https://co.computrabajo.com/ofertas-de-trabajo/oferta-de-trabajo-de-administrador-de-punto-dispensacion-farmacia-soacha-cundinamarca-excel-avanzado-en-bogota-dc-0CFCDFF6BF37A29061373E686DCF3405
    │ Title        : Administrador de punto dispensación (Farmacia) - Soacha, Cundinamarca (Excel avanzado)
    │ Company      : Importante empresa del sector
    │ Location     : Bogotá, D.C., Bogotá, D.C.
    │ Job type     : full-time
    │ Salary       : $ 2.000.000,00 (Mensual) COP
    │ Industry     : (none)
    │ Date posted  : (unknown)
    │ Deadline     : (estimated: )
    │ External ID  : (none)
    │ Description  : Esta oportunidad puede ser para ti, lee los siguientes requisitos y si cumples, aplica con tu hoja de vida actualizada para participar en esta convocatoria: Importante empresa del sector farmacéutico …
    └───────────────────────────────────────────────────────
2026-09-27 14:34:13,860 DEBUG https://colombia.mimusjobs.com:443 "GET /wp-json/wp/v2/companies?slug=importante-empresa-del-sector HTTP/1.1" 200 None
2026-09-27 14:34:13,860 INFO ⏭ Company exists: Importante empresa del sector
2026-09-27 14:34:15,124 DEBUG https://colombia.mimusjobs.com:443 "GET /wp-json/wp/v2/job-listings?slug=administrador-de-punto-dispensaci-n--farmacia----soacha--cundinamarca--excel-ava HTTP/1.1" 200 None
2026-09-27 14:34:16,554 DEBUG https://colombia.mimusjobs.com:443 "POST /wp-json/wp/v2/job-listings HTTP/1.1" 201 None
2026-09-27 14:34:16,555 INFO ✅ Job posted: 'Administrador de punto dispensación (Farmacia) - Soacha, Cundinamarca (Excel avanzado)' → WP ID 40020
2026-09-27 14:34:16,555 INFO ✅ SUCCESS — 'Administrador de punto dispensación (Farmacia) - Soacha, Cundinamarca (Excel avanzado)' → WP ID=40020 🔗 https://colombia.mimusjobs.com/job/administrador-de-punto-dispensacion-farmacia-soacha-cundinamarca-excel-avanzado-2/
2026-09-27 14:34:17,555 INFO ── https://co.computrabajo.com/empleos-en-bogota-dc | page 3 | job 8/20: https://co.computrabajo.com/ofertas-de-trabajo/oferta-de-trabajo-de-analista-de-licitaciones-reemplazo-por-licencia-de-maternidad-calle-26-en-bogota-dc-2F377E0EA044293661373E686DCF3405
2026-09-27 14:34:17,765 DEBUG https://co.computrabajo.com:443 "GET /ofertas-de-trabajo/oferta-de-trabajo-de-analista-de-licitaciones-reemplazo-por-licencia-de-maternidad-calle-26-en-bogota-dc-2F377E0EA044293661373E686DCF3405 HTTP/1.1" 200 None
2026-09-27 14:34:17,768 DEBUG     GET https://co.computrabajo.com/ofertas-de-trabajo/oferta-de-trabajo-de-analista-de-licitaciones-reemplazo-por-licencia-de-maternidad-calle-26-en-bogota-dc-2F377E0EA044293661373E686DCF3405 → HTTP 200 (172,210 chars)
2026-09-27 14:34:17,789 INFO     ┌─ SCRAPED JOB ─────────────────────────────────────────
    │ URL          : https://co.computrabajo.com/ofertas-de-trabajo/oferta-de-trabajo-de-analista-de-licitaciones-reemplazo-por-licencia-de-maternidad-calle-26-en-bogota-dc-2F377E0EA044293661373E686DCF3405
    │ Title        : Analista de Licitaciones / Reemplazo por Licencia de Maternidad / Calle 26
    │ Company      : Adecco Colombia S.A.
    │ Location     : Bogotá, D.C.
    │ Job type     : full-time
    │ Salary       : 2700000 COP
    │ Industry     : RRHH / Personal
    │ Date posted  : 2026-09-10
    │ Deadline     : 2026-11-09
    │ External ID  : F9FF1FBA81D6FD54
    │ Description  : ¡BUSCAMOS UN ANALISTA DE LICITACIONES PARA CUBRIR UNA LICENCIA DE MATERNIDAD!
Desde ADECCO COLOMBIA estamos buscando un ANALISTA DE LICITACIONES para trabajar con importante empresa dedicada a la come…
    └───────────────────────────────────────────────────────
2026-09-27 14:34:18,555 DEBUG https://colombia.mimusjobs.com:443 "GET /wp-json/wp/v2/companies?slug=adecco-colombia-s-a- HTTP/1.1" 200 None
2026-09-27 14:34:18,556 INFO ⏭ Company exists: Adecco Colombia S.A.
2026-09-27 14:34:19,255 DEBUG https://colombia.mimusjobs.com:443 "GET /wp-json/wp/v2/job-listings?slug=analista-de-licitaciones---reemplazo-por-licencia-de-maternidad---calle-26 HTTP/1.1" 200 None
2026-09-27 14:34:19,256 INFO ⏭ Job already on WP: Analista de Licitaciones / Reemplazo por Licencia de Maternidad / Calle 26
2026-09-27 14:34:19,256 INFO ✅ SUCCESS — 'Analista de Licitaciones / Reemplazo por Licencia de Maternidad / Calle 26' → WP ID=15350 🔗 https://colombia.mimusjobs.com/job/analista-de-licitaciones-reemplazo-por-licencia-de-maternidad-calle-26/
2026-09-27 14:34:20,256 INFO ── https://co.computrabajo.com/empleos-en-bogota-dc | page 3 | job 9/20: https://co.computrabajo.com/ofertas-de-trabajo/oferta-de-trabajo-de-asesor-sac-venta-cruzada-importante-entidad-bancaria-en-bogota-dc-B6953FD4E50C47DE61373E686DCF3405
2026-09-27 14:34:20,360 DEBUG https://co.computrabajo.com:443 "GET /ofertas-de-trabajo/oferta-de-trabajo-de-asesor-sac-venta-cruzada-importante-entidad-bancaria-en-bogota-dc-B6953FD4E50C47DE61373E686DCF3405 HTTP/1.1" 200 None
2026-09-27 14:34:20,363 DEBUG     GET https://co.computrabajo.com/ofertas-de-trabajo/oferta-de-trabajo-de-asesor-sac-venta-cruzada-importante-entidad-bancaria-en-bogota-dc-B6953FD4E50C47DE61373E686DCF3405 → HTTP 200 (185,773 chars)
2026-09-27 14:34:20,386 INFO     ┌─ SCRAPED JOB ─────────────────────────────────────────
    │ URL          : https://co.computrabajo.com/ofertas-de-trabajo/oferta-de-trabajo-de-asesor-sac-venta-cruzada-importante-entidad-bancaria-en-bogota-dc-B6953FD4E50C47DE61373E686DCF3405
    │ Title        : Asesor sac venta cruzada - Importante entidad Bancaria
    │ Company      : AMERICAS BUSINESS PROCESS SERVICES S.A
    │ Location     : Bogotá, D.C.
    │ Job type     : full-time
    │ Salary       : 2000000 COP
    │ Industry     : Telecomunicaciones
    │ Date posted  : 2026-09-11
    │ Deadline     : 2026-11-10
    │ External ID  : 91510608568F42DD
    │ Description  : ¡Gran Oportunidad Laboral! Estamos en la búsqueda personas que quieran hacer parte de nuestro equipo de trabajo para una importante entidad bancaria. Perfil requerido Nivel académico: Bachiller gradua…
    └───────────────────────────────────────────────────────
2026-09-27 14:34:21,494 DEBUG https://colombia.mimusjobs.com:443 "GET /wp-json/wp/v2/companies?slug=americas-business-process-services-s-a HTTP/1.1" 200 None
2026-09-27 14:34:21,495 INFO ⏭ Company exists: AMERICAS BUSINESS PROCESS SERVICES S.A
2026-09-27 14:34:22,382 DEBUG https://colombia.mimusjobs.com:443 "GET /wp-json/wp/v2/job-listings?slug=asesor-sac-venta-cruzada---importante-entidad-bancaria HTTP/1.1" 200 None
2026-09-27 14:34:22,383 INFO ⏭ Job already on WP: Asesor sac venta cruzada - Importante entidad Bancaria
2026-09-27 14:34:22,383 INFO ✅ SUCCESS — 'Asesor sac venta cruzada - Importante entidad Bancaria' → WP ID=16864 🔗 https://colombia.mimusjobs.com/job/asesor-sac-venta-cruzada-importante-entidad-bancaria/
2026-09-27 14:34:23,383 INFO ── https://co.computrabajo.com/empleos-en-bogota-dc | page 3 | job 10/20: https://co.computrabajo.com/ofertas-de-trabajo/oferta-de-trabajo-de-operario-de-alturas-en-bogota-dc-8F44B3A1D07D987F61373E686DCF3405
2026-09-27 14:34:23,483 DEBUG https://co.computrabajo.com:443 "GET /ofertas-de-trabajo/oferta-de-trabajo-de-operario-de-alturas-en-bogota-dc-8F44B3A1D07D987F61373E686DCF3405 HTTP/1.1" 200 None
2026-09-27 14:34:23,485 DEBUG     GET https://co.computrabajo.com/ofertas-de-trabajo/oferta-de-trabajo-de-operario-de-alturas-en-bogota-dc-8F44B3A1D07D987F61373E686DCF3405 → HTTP 200 (169,099 chars)
2026-09-27 14:34:23,506 INFO     ┌─ SCRAPED JOB ─────────────────────────────────────────
    │ URL          : https://co.computrabajo.com/ofertas-de-trabajo/oferta-de-trabajo-de-operario-de-alturas-en-bogota-dc-8F44B3A1D07D987F61373E686DCF3405
    │ Title        : Operario de alturas
    │ Company      : SODEXO S.A.S
    │ Location     : Bogotá, D.C.
    │ Job type     : full-time
    │ Salary       : (not listed)
    │ Industry     : Servicios Profesionales
    │ Date posted  : 2026-09-03
    │ Deadline     : 2026-11-02
    │ External ID  : 38F8D3C89C275A55
    │ Description  : Oportunidad para incorporarse como Auxiliar de servicios generales en SODEXO S.A.S. · Funciones
Gestionar tareas de limpieza y mantenimiento de instalaciones.
Colaborar en la organización y control de…
    └───────────────────────────────────────────────────────
2026-09-27 14:34:24,432 DEBUG https://colombia.mimusjobs.com:443 "GET /wp-json/wp/v2/companies?slug=sodexo-s-a-s HTTP/1.1" 200 None
2026-09-27 14:34:24,432 INFO ⏭ Company exists: SODEXO S.A.S
2026-09-27 14:34:25,133 DEBUG https://colombia.mimusjobs.com:443 "GET /wp-json/wp/v2/job-listings?slug=operario-de-alturas HTTP/1.1" 200 None
2026-09-27 14:34:25,134 INFO ⏭ Job already on WP: Operario de alturas
2026-09-27 14:34:25,134 INFO ✅ SUCCESS — 'Operario de alturas' → WP ID=16589 🔗 https://colombia.mimusjobs.com/job/operario-de-alturas/
2026-09-27 14:34:26,134 INFO ── https://co.computrabajo.com/empleos-en-bogota-dc | page 3 | job 11/20: https://co.computrabajo.com/ofertas-de-trabajo/oferta-de-trabajo-de-auxiliar-de-limpieza-en-alturas-funza-mosquera-suba-en-bogota-dc-D2D0CBE32CD9A06561373E686DCF3405
2026-09-27 14:34:26,236 DEBUG https://co.computrabajo.com:443 "GET /ofertas-de-trabajo/oferta-de-trabajo-de-auxiliar-de-limpieza-en-alturas-funza-mosquera-suba-en-bogota-dc-D2D0CBE32CD9A06561373E686DCF3405 HTTP/1.1" 200 None
2026-09-27 14:34:26,239 DEBUG     GET https://co.computrabajo.com/ofertas-de-trabajo/oferta-de-trabajo-de-auxiliar-de-limpieza-en-alturas-funza-mosquera-suba-en-bogota-dc-D2D0CBE32CD9A06561373E686DCF3405 → HTTP 200 (171,052 chars)
2026-09-27 14:34:26,260 INFO     ┌─ SCRAPED JOB ─────────────────────────────────────────
    │ URL          : https://co.computrabajo.com/ofertas-de-trabajo/oferta-de-trabajo-de-auxiliar-de-limpieza-en-alturas-funza-mosquera-suba-en-bogota-dc-D2D0CBE32CD9A06561373E686DCF3405
    │ Title        : Auxiliar de limpieza en alturas Funza / Mosquera / Suba
    │ Company      : SODEXO S.A.S
    │ Location     : Bogotá, D.C.
    │ Job type     : full-time
    │ Salary       : (not listed)
    │ Industry     : Servicios Profesionales
    │ Date posted  : 2026-09-03
    │ Deadline     : 2026-11-02
    │ External ID  : 38F8D3C89C275A55
    │ Description  : Se busca Auxiliar de limpieza en alturas para incorporarse en SODEXO S.A.S.
Lugar de trabajo: Vía Funza-Cota 
Funciones
Realizar limpieza en alturas de entidades corporativas.
Mantener el equipo de li…
    └───────────────────────────────────────────────────────
2026-09-27 14:34:27,025 DEBUG https://colombia.mimusjobs.com:443 "GET /wp-json/wp/v2/companies?slug=sodexo-s-a-s HTTP/1.1" 200 None
2026-09-27 14:34:27,025 INFO ⏭ Company exists: SODEXO S.A.S
2026-09-27 14:34:28,235 DEBUG https://colombia.mimusjobs.com:443 "GET /wp-json/wp/v2/job-listings?slug=auxiliar-de-limpieza-en-alturas-funza---mosquera---suba HTTP/1.1" 200 None
2026-09-27 14:34:28,236 INFO ⏭ Job already on WP: Auxiliar de limpieza en alturas Funza / Mosquera / Suba
2026-09-27 14:34:28,236 INFO ✅ SUCCESS — 'Auxiliar de limpieza en alturas Funza / Mosquera / Suba' → WP ID=16585 🔗 https://colombia.mimusjobs.com/job/auxiliar-de-limpieza-en-alturas-funza-mosquera-suba/
2026-09-27 14:34:29,236 INFO ── https://co.computrabajo.com/empleos-en-bogota-dc | page 3 | job 12/20: https://co.computrabajo.com/ofertas-de-trabajo/oferta-de-trabajo-de-profesional-en-produccion-avicola-en-bogota-dc-6193A58BD03B2E8961373E686DCF3405
2026-09-27 14:34:29,343 DEBUG https://co.computrabajo.com:443 "GET /ofertas-de-trabajo/oferta-de-trabajo-de-profesional-en-produccion-avicola-en-bogota-dc-6193A58BD03B2E8961373E686DCF3405 HTTP/1.1" 200 None
2026-09-27 14:34:29,346 DEBUG     GET https://co.computrabajo.com/ofertas-de-trabajo/oferta-de-trabajo-de-profesional-en-produccion-avicola-en-bogota-dc-6193A58BD03B2E8961373E686DCF3405 → HTTP 200 (170,870 chars)
2026-09-27 14:34:29,367 INFO     ┌─ SCRAPED JOB ─────────────────────────────────────────
    │ URL          : https://co.computrabajo.com/ofertas-de-trabajo/oferta-de-trabajo-de-profesional-en-produccion-avicola-en-bogota-dc-6193A58BD03B2E8961373E686DCF3405
    │ Title        : Profesional en Producción Avícola
    │ Company      : S&A Servicios y Asesorias
    │ Location     : Bogotá, D.C.
    │ Job type     : full-time
    │ Salary       : (not listed)
    │ Industry     : RRHH / Personal
    │ Date posted  : 2026-09-03
    │ Deadline     : 2026-11-02
    │ External ID  : 4AE2E31383EA33AE
    │ Description  : Importante empresa del sector avícola se encuentra en búsqueda de un profesional para fortalecer su equipo. Profesional en Medicina Veterinaria, Zootecnia, Ingeniería Agronómica o carreras afines, pre…
    └───────────────────────────────────────────────────────
2026-09-27 14:34:30,638 DEBUG https://colombia.mimusjobs.com:443 "GET /wp-json/wp/v2/companies?slug=s-a-servicios-y-asesorias HTTP/1.1" 200 None
2026-09-27 14:34:30,662 DEBUG https://ii.ct-stc.com:443 "GET /1/logos/empresas/2017/05/31/servicios-y-asesorias-4AE2E31383EA33AE193646thumbnail.png HTTP/1.1" 200 3965
2026-09-27 14:34:32,137 DEBUG https://colombia.mimusjobs.com:443 "POST /wp-json/wp/v2/media HTTP/1.1" 201 None
2026-09-27 14:34:33,117 DEBUG https://colombia.mimusjobs.com:443 "POST /wp-json/wp/v2/companies HTTP/1.1" 201 None
2026-09-27 14:34:33,118 INFO ✅ Company posted: S&A Servicios y Asesorias → ID 40023
2026-09-27 14:34:34,840 DEBUG https://colombia.mimusjobs.com:443 "GET /wp-json/wp/v2/job-listings?slug=profesional-en-producci-n-av-cola HTTP/1.1" 200 None
2026-09-27 14:34:34,845 DEBUG https://ii.ct-stc.com:443 "GET /1/logos/empresas/2017/05/31/servicios-y-asesorias-4AE2E31383EA33AE193646thumbnail.png HTTP/1.1" 200 3965
2026-09-27 14:34:35,991 DEBUG https://colombia.mimusjobs.com:443 "POST /wp-json/wp/v2/media HTTP/1.1" 201 None
2026-09-27 14:34:37,286 DEBUG https://colombia.mimusjobs.com:443 "POST /wp-json/wp/v2/job-listings HTTP/1.1" 201 None
2026-09-27 14:34:37,296 INFO ✅ Job posted: 'Profesional en Producción Avícola' → WP ID 40026
2026-09-27 14:34:37,296 INFO ✅ SUCCESS — 'Profesional en Producción Avícola' → WP ID=40026 🔗 https://colombia.mimusjobs.com/job/profesional-en-produccion-avicola-2/
2026-09-27 14:34:38,296 INFO ── https://co.computrabajo.com/empleos-en-bogota-dc | page 3 | job 13/20: https://co.computrabajo.com/ofertas-de-trabajo/oferta-de-trabajo-de-asesor-operativo-bancario-en-bogota-dc-7416A5A727BFE90D61373E686DCF3405
2026-09-27 14:34:38,401 DEBUG https://co.computrabajo.com:443 "GET /ofertas-de-trabajo/oferta-de-trabajo-de-asesor-operativo-bancario-en-bogota-dc-7416A5A727BFE90D61373E686DCF3405 HTTP/1.1" 200 None
2026-09-27 14:34:38,403 DEBUG     GET https://co.computrabajo.com/ofertas-de-trabajo/oferta-de-trabajo-de-asesor-operativo-bancario-en-bogota-dc-7416A5A727BFE90D61373E686DCF3405 → HTTP 200 (153,286 chars)
2026-09-27 14:34:38,418 WARNING No JobPosting JSON-LD found, using HTML fallback: https://co.computrabajo.com/ofertas-de-trabajo/oferta-de-trabajo-de-asesor-operativo-bancario-en-bogota-dc-7416A5A727BFE90D61373E686DCF3405
2026-09-27 14:34:38,420 INFO     ┌─ SCRAPED JOB ─────────────────────────────────────────
    │ URL          : https://co.computrabajo.com/ofertas-de-trabajo/oferta-de-trabajo-de-asesor-operativo-bancario-en-bogota-dc-7416A5A727BFE90D61373E686DCF3405
    │ Title        : Asesor operativo bancario
    │ Company      : Importante empresa del sector
    │ Location     : Bogotá, D.C., Bogotá, D.C.
    │ Job type     : full-time
    │ Salary       : A convenir COP
    │ Industry     : (none)
    │ Date posted  : (unknown)
    │ Deadline     : (estimated: )
    │ External ID  : (none)
    │ Description  : ¡Haz parte del mundo de las telecomunicaciones y rompe tus propios límites!
Buscamos Asesores Comerciales TOP que quieran brillar representando una reconocida marca del sector telecomunicaciones.
¡Ten…
    └───────────────────────────────────────────────────────
2026-09-27 14:34:39,664 DEBUG https://colombia.mimusjobs.com:443 "GET /wp-json/wp/v2/companies?slug=importante-empresa-del-sector HTTP/1.1" 200 None
2026-09-27 14:34:39,664 INFO ⏭ Company exists: Importante empresa del sector
2026-09-27 14:34:40,387 DEBUG https://colombia.mimusjobs.com:443 "GET /wp-json/wp/v2/job-listings?slug=asesor-operativo-bancario HTTP/1.1" 200 None
2026-09-27 14:34:40,388 INFO ⏭ Job already on WP: Asesor operativo bancario
2026-09-27 14:34:40,388 INFO ✅ SUCCESS — 'Asesor operativo bancario' → WP ID=16582 🔗 https://colombia.mimusjobs.com/job/asesor-operativo-bancario/
2026-09-27 14:34:41,388 INFO ── https://co.computrabajo.com/empleos-en-bogota-dc | page 3 | job 14/20: https://co.computrabajo.com/ofertas-de-trabajo/oferta-de-trabajo-de-auxiliar-de-operaciones-bancarias-en-bogota-dc-CC6BD68A8908D15961373E686DCF3405
2026-09-27 14:34:41,489 DEBUG https://co.computrabajo.com:443 "GET /ofertas-de-trabajo/oferta-de-trabajo-de-auxiliar-de-operaciones-bancarias-en-bogota-dc-CC6BD68A8908D15961373E686DCF3405 HTTP/1.1" 200 None
2026-09-27 14:34:41,492 DEBUG     GET https://co.computrabajo.com/ofertas-de-trabajo/oferta-de-trabajo-de-auxiliar-de-operaciones-bancarias-en-bogota-dc-CC6BD68A8908D15961373E686DCF3405 → HTTP 200 (151,162 chars)
2026-09-27 14:34:41,508 WARNING No JobPosting JSON-LD found, using HTML fallback: https://co.computrabajo.com/ofertas-de-trabajo/oferta-de-trabajo-de-auxiliar-de-operaciones-bancarias-en-bogota-dc-CC6BD68A8908D15961373E686DCF3405
2026-09-27 14:34:41,509 INFO     ┌─ SCRAPED JOB ─────────────────────────────────────────
    │ URL          : https://co.computrabajo.com/ofertas-de-trabajo/oferta-de-trabajo-de-auxiliar-de-operaciones-bancarias-en-bogota-dc-CC6BD68A8908D15961373E686DCF3405
    │ Title        : Auxiliar de operaciones bancarias
    │ Company      : Importante empresa del sector
    │ Location     : Bogotá, D.C., Bogotá, D.C.
    │ Job type     : full-time
    │ Salary       : A convenir COP
    │ Industry     : (none)
    │ Date posted  : (unknown)
    │ Deadline     : (estimated: )
    │ External ID  : (none)
    │ Description  : ¡Haz parte del mundo de las telecomunicaciones y rompe tus propios límites!
Buscamos Asesores Comerciales TOP que quieran brillar representando una reconocida marca del sector telecomunicaciones.
¡Ten…
    └───────────────────────────────────────────────────────
2026-09-27 14:34:42,138 DEBUG https://colombia.mimusjobs.com:443 "GET /wp-json/wp/v2/companies?slug=importante-empresa-del-sector HTTP/1.1" 200 None
2026-09-27 14:34:42,139 INFO ⏭ Company exists: Importante empresa del sector
2026-09-27 14:34:43,195 DEBUG https://colombia.mimusjobs.com:443 "GET /wp-json/wp/v2/job-listings?slug=auxiliar-de-operaciones-bancarias HTTP/1.1" 200 None
2026-09-27 14:34:43,195 INFO ⏭ Job already on WP: Auxiliar de operaciones bancarias
2026-09-27 14:34:43,196 INFO ✅ SUCCESS — 'Auxiliar de operaciones bancarias' → WP ID=16583 🔗 https://colombia.mimusjobs.com/job/auxiliar-de-operaciones-bancarias/
2026-09-27 14:34:44,196 INFO ── https://co.computrabajo.com/empleos-en-bogota-dc | page 3 | job 15/20: https://co.computrabajo.com/ofertas-de-trabajo/oferta-de-trabajo-de-meseros-de-protocolo-para-evento-norte-de-bogota-fin-de-semana-en-bogota-dc-5D12FB1CFC1526B561373E686DCF3405
2026-09-27 14:34:44,431 DEBUG https://co.computrabajo.com:443 "GET /ofertas-de-trabajo/oferta-de-trabajo-de-meseros-de-protocolo-para-evento-norte-de-bogota-fin-de-semana-en-bogota-dc-5D12FB1CFC1526B561373E686DCF3405 HTTP/1.1" 200 None
2026-09-27 14:34:44,434 DEBUG     GET https://co.computrabajo.com/ofertas-de-trabajo/oferta-de-trabajo-de-meseros-de-protocolo-para-evento-norte-de-bogota-fin-de-semana-en-bogota-dc-5D12FB1CFC1526B561373E686DCF3405 → HTTP 200 (179,377 chars)
2026-09-27 14:34:44,456 INFO     ┌─ SCRAPED JOB ─────────────────────────────────────────
    │ URL          : https://co.computrabajo.com/ofertas-de-trabajo/oferta-de-trabajo-de-meseros-de-protocolo-para-evento-norte-de-bogota-fin-de-semana-en-bogota-dc-5D12FB1CFC1526B561373E686DCF3405
    │ Title        : Meseros de Protocolo para Evento Norte de Bogotá - Fin de Semana
    │ Company      : PTA SAS
    │ Location     : Bogotá, D.C.
    │ Job type     : full-time
    │ Salary       : 1750905 COP
    │ Industry     : RRHH / Personal
    │ Date posted  : 2026-09-09
    │ Deadline     : 2026-11-08
    │ External ID  : 772BFD5D2E35F996
    │ Description  : Estamos en busca de Meseros de Protocolo para un importante evento en el norte de Bogotá. Buscamos profesionales con experiencia en protocolo y atención al público, con habilidades de comunicación efe…
    └───────────────────────────────────────────────────────
2026-09-27 14:34:45,130 DEBUG https://colombia.mimusjobs.com:443 "GET /wp-json/wp/v2/companies?slug=pta-sas HTTP/1.1" 200 None
2026-09-27 14:34:45,131 INFO ⏭ Company exists: PTA SAS
2026-09-27 14:34:45,935 DEBUG https://colombia.mimusjobs.com:443 "GET /wp-json/wp/v2/job-listings?slug=meseros-de-protocolo-para-evento-norte-de-bogot----fin-de-semana HTTP/1.1" 200 None
2026-09-27 14:34:45,959 DEBUG https://ii.ct-stc.com:443 "GET /1/logos/empresas/2017/11/15/pta-sas-772BFD5D2E35F996210305thumbnail.jpeg HTTP/1.1" 200 6052
2026-09-27 14:34:47,086 DEBUG https://colombia.mimusjobs.com:443 "POST /wp-json/wp/v2/media HTTP/1.1" 201 None
2026-09-27 14:34:49,152 DEBUG https://colombia.mimusjobs.com:443 "POST /wp-json/wp/v2/job-listings HTTP/1.1" 201 None
2026-09-27 14:34:49,153 INFO ✅ Job posted: 'Meseros de Protocolo para Evento Norte de Bogotá - Fin de Semana' → WP ID 40028
2026-09-27 14:34:49,153 INFO ✅ SUCCESS — 'Meseros de Protocolo para Evento Norte de Bogotá - Fin de Semana' → WP ID=40028 🔗 https://colombia.mimusjobs.com/job/meseros-de-protocolo-para-evento-norte-de-bogota-fin-de-semana-2/
2026-09-27 14:34:50,153 INFO ── https://co.computrabajo.com/empleos-en-bogota-dc | page 3 | job 16/20: https://co.computrabajo.com/ofertas-de-trabajo/oferta-de-trabajo-de-profesional-en-enfermeria-con-especializacion-salud-y-seguridad-en-el-trabajo-en-bogota-dc-00D9E606887442FE61373E686DCF3405
2026-09-27 14:34:50,257 DEBUG https://co.computrabajo.com:443 "GET /ofertas-de-trabajo/oferta-de-trabajo-de-profesional-en-enfermeria-con-especializacion-salud-y-seguridad-en-el-trabajo-en-bogota-dc-00D9E606887442FE61373E686DCF3405 HTTP/1.1" 200 None
2026-09-27 14:34:50,260 DEBUG     GET https://co.computrabajo.com/ofertas-de-trabajo/oferta-de-trabajo-de-profesional-en-enfermeria-con-especializacion-salud-y-seguridad-en-el-trabajo-en-bogota-dc-00D9E606887442FE61373E686DCF3405 → HTTP 200 (179,426 chars)
2026-09-27 14:34:50,311 INFO     ┌─ SCRAPED JOB ─────────────────────────────────────────
    │ URL          : https://co.computrabajo.com/ofertas-de-trabajo/oferta-de-trabajo-de-profesional-en-enfermeria-con-especializacion-salud-y-seguridad-en-el-trabajo-en-bogota-dc-00D9E606887442FE61373E686DCF3405
    │ Title        : profesional en enfermeria con especializacion - salud y seguridad en el trabajo
    │ Company      : ACTIVOS S A S
    │ Location     : Bogotá, D.C.
    │ Job type     : full-time
    │ Salary       : 4000000 COP
    │ Industry     : RRHH / Personal
    │ Date posted  : 2026-09-11
    │ Deadline     : 2026-11-10
    │ External ID  : 09AB45621F6528D6
    │ Description  : Importante empresa del sector salud requiere para su servicio Profesional en Enfermería, con especialización en Seguridad y Salud en el Trabajo. Licencia vigente en Seguridad y Salud en el Trabajo. Re…
    └───────────────────────────────────────────────────────
2026-09-27 14:34:50,998 DEBUG https://colombia.mimusjobs.com:443 "GET /wp-json/wp/v2/companies?slug=activos-s-a-s HTTP/1.1" 200 None
2026-09-27 14:34:50,998 INFO ⏭ Company exists: ACTIVOS S A S
2026-09-27 14:34:51,976 DEBUG https://colombia.mimusjobs.com:443 "GET /wp-json/wp/v2/job-listings?slug=profesional-en-enfermeria-con-especializacion---salud-y-seguridad-en-el-trabajo HTTP/1.1" 200 None
2026-09-27 14:34:51,976 INFO ⏭ Job already on WP: profesional en enfermeria con especializacion - salud y seguridad en el trabajo
2026-09-27 14:34:51,977 INFO ✅ SUCCESS — 'profesional en enfermeria con especializacion - salud y seguridad en el trabajo' → WP ID=17663 🔗 https://colombia.mimusjobs.com/job/profesional-en-enfermeria-con-especializacion-salud-y-seguridad-en-el-trabajo/
2026-09-27 14:34:52,977 INFO ── https://co.computrabajo.com/empleos-en-bogota-dc | page 3 | job 17/20: https://co.computrabajo.com/ofertas-de-trabajo/oferta-de-trabajo-de-agente-de-seguros-financieros-entidad-financiera-en-bogota-dc-89772B7CD21619A561373E686DCF3405
2026-09-27 14:34:53,165 DEBUG https://co.computrabajo.com:443 "GET /ofertas-de-trabajo/oferta-de-trabajo-de-agente-de-seguros-financieros-entidad-financiera-en-bogota-dc-89772B7CD21619A561373E686DCF3405 HTTP/1.1" 200 None
2026-09-27 14:34:53,168 DEBUG     GET https://co.computrabajo.com/ofertas-de-trabajo/oferta-de-trabajo-de-agente-de-seguros-financieros-entidad-financiera-en-bogota-dc-89772B7CD21619A561373E686DCF3405 → HTTP 200 (172,443 chars)
2026-09-27 14:34:53,189 INFO     ┌─ SCRAPED JOB ─────────────────────────────────────────
    │ URL          : https://co.computrabajo.com/ofertas-de-trabajo/oferta-de-trabajo-de-agente-de-seguros-financieros-entidad-financiera-en-bogota-dc-89772B7CD21619A561373E686DCF3405
    │ Title        : Agente de seguros financieros - entidad financiera
    │ Company      : ATENTO S.A.
    │ Location     : Bogotá, D.C.
    │ Job type     : full-time
    │ Salary       : 2200000 COP
    │ Industry     : Telecomunicaciones
    │ Date posted  : 2026-09-11
    │ Deadline     : 2026-11-10
    │ External ID  : 91481E3A2932E4CF
    │ Description  : Asesor(a) Comercial de Seguros
 ¿QUÉ ENCONTRARÁS AQUÍ?
 Contrato a término indefinido desde el primer día.
 Oportunidades reales de crecimiento y desarrollo profesional.
 Excelente ambiente laboral.
 …
    └───────────────────────────────────────────────────────
2026-09-27 14:34:53,880 DEBUG https://colombia.mimusjobs.com:443 "GET /wp-json/wp/v2/companies?slug=atento-s-a- HTTP/1.1" 200 None
2026-09-27 14:34:53,880 INFO ⏭ Company exists: ATENTO S.A.
2026-09-27 14:34:54,690 DEBUG https://colombia.mimusjobs.com:443 "GET /wp-json/wp/v2/job-listings?slug=agente-de-seguros-financieros---entidad-financiera HTTP/1.1" 200 None
2026-09-27 14:34:54,691 INFO ⏭ Job already on WP: Agente de seguros financieros - entidad financiera
2026-09-27 14:34:54,691 INFO ✅ SUCCESS — 'Agente de seguros financieros - entidad financiera' → WP ID=11837 🔗 https://colombia.mimusjobs.com/job/agente-de-seguros-financieros-entidad-financiera/
2026-09-27 14:34:55,691 INFO ── https://co.computrabajo.com/empleos-en-bogota-dc | page 3 | job 18/20: https://co.computrabajo.com/ofertas-de-trabajo/oferta-de-trabajo-de-agente-de-ventas-outboundno-venta-en-frioseguros-entidad-financiera-en-bogota-dc-8DA9DDF4ED8DCE0161373E686DCF3405
2026-09-27 14:34:55,803 DEBUG https://co.computrabajo.com:443 "GET /ofertas-de-trabajo/oferta-de-trabajo-de-agente-de-ventas-outboundno-venta-en-frioseguros-entidad-financiera-en-bogota-dc-8DA9DDF4ED8DCE0161373E686DCF3405 HTTP/1.1" 200 None
2026-09-27 14:34:55,806 DEBUG     GET https://co.computrabajo.com/ofertas-de-trabajo/oferta-de-trabajo-de-agente-de-ventas-outboundno-venta-en-frioseguros-entidad-financiera-en-bogota-dc-8DA9DDF4ED8DCE0161373E686DCF3405 → HTTP 200 (152,674 chars)
2026-09-27 14:34:55,821 WARNING No JobPosting JSON-LD found, using HTML fallback: https://co.computrabajo.com/ofertas-de-trabajo/oferta-de-trabajo-de-agente-de-ventas-outboundno-venta-en-frioseguros-entidad-financiera-en-bogota-dc-8DA9DDF4ED8DCE0161373E686DCF3405
2026-09-27 14:34:55,822 INFO     ┌─ SCRAPED JOB ─────────────────────────────────────────
    │ URL          : https://co.computrabajo.com/ofertas-de-trabajo/oferta-de-trabajo-de-agente-de-ventas-outboundno-venta-en-frioseguros-entidad-financiera-en-bogota-dc-8DA9DDF4ED8DCE0161373E686DCF3405
    │ Title        : Agente de ventas outbound/no venta en frio/seguros - entidad financiera
    │ Company      : Importante empresa del sector
    │ Location     : Bogotá, D.C., Bogotá, D.C.
    │ Job type     : full-time
    │ Salary       : $ 2.000.000,00 (Mensual) COP
    │ Industry     : (none)
    │ Date posted  : (unknown)
    │ Deadline     : (estimated: )
    │ External ID  : (none)
    │ Description  : ¡LA OPORTUNIDAD QUE ESTABAS ESPERANDO ESTÁ AQUÍ! 
 ¿Te apasionan las ventas, el contacto con los clientes y los nuevos retos?
Si buscas estabilidad laboral, crecimiento profesional y la posibilidad de…
    └───────────────────────────────────────────────────────
2026-09-27 14:34:56,866 DEBUG https://colombia.mimusjobs.com:443 "GET /wp-json/wp/v2/companies?slug=importante-empresa-del-sector HTTP/1.1" 200 None
2026-09-27 14:34:56,866 INFO ⏭ Company exists: Importante empresa del sector
2026-09-27 14:34:58,228 DEBUG https://colombia.mimusjobs.com:443 "GET /wp-json/wp/v2/job-listings?slug=agente-de-ventas-outbound-no-venta-en-frio-seguros---entidad-financiera HTTP/1.1" 200 None
2026-09-27 14:34:58,228 INFO ⏭ Job already on WP: Agente de ventas outbound/no venta en frio/seguros - entidad financiera
2026-09-27 14:34:58,229 INFO ✅ SUCCESS — 'Agente de ventas outbound/no venta en frio/seguros - entidad financiera' → WP ID=11841 🔗 https://colombia.mimusjobs.com/job/agente-de-ventas-outbound-no-venta-en-frio-seguros-entidad-financiera/
2026-09-27 14:34:59,229 INFO ── https://co.computrabajo.com/empleos-en-bogota-dc | page 3 | job 19/20: https://co.computrabajo.com/ofertas-de-trabajo/oferta-de-trabajo-de-agente-pqr-servicio-al-cliente-en-bogota-dc-1C53A4D9BC39EC5361373E686DCF3405
2026-09-27 14:34:59,311 DEBUG https://co.computrabajo.com:443 "GET /ofertas-de-trabajo/oferta-de-trabajo-de-agente-pqr-servicio-al-cliente-en-bogota-dc-1C53A4D9BC39EC5361373E686DCF3405 HTTP/1.1" 200 None
2026-09-27 14:34:59,313 DEBUG     GET https://co.computrabajo.com/ofertas-de-trabajo/oferta-de-trabajo-de-agente-pqr-servicio-al-cliente-en-bogota-dc-1C53A4D9BC39EC5361373E686DCF3405 → HTTP 200 (151,643 chars)
2026-09-27 14:34:59,329 WARNING No JobPosting JSON-LD found, using HTML fallback: https://co.computrabajo.com/ofertas-de-trabajo/oferta-de-trabajo-de-agente-pqr-servicio-al-cliente-en-bogota-dc-1C53A4D9BC39EC5361373E686DCF3405
2026-09-27 14:34:59,330 INFO     ┌─ SCRAPED JOB ─────────────────────────────────────────
    │ URL          : https://co.computrabajo.com/ofertas-de-trabajo/oferta-de-trabajo-de-agente-pqr-servicio-al-cliente-en-bogota-dc-1C53A4D9BC39EC5361373E686DCF3405
    │ Title        : Agente pqr /servicio al cliente
    │ Company      : Importante empresa del sector
    │ Location     : Bogotá, D.C., Bogotá, D.C.
    │ Job type     : full-time
    │ Salary       : $ 2.000.000,00 (Mensual) COP
    │ Industry     : (none)
    │ Date posted  : (unknown)
    │ Deadline     : (estimated: )
    │ External ID  : (none)
    │ Description  : ¡Únete a nuestro equipo!
Buscamos un Analista PQR con experiencia en atención al cliente y gestión de casos, orientado a brindar soluciones oportunas y garantizar una excelente experiencia de servicio…
    └───────────────────────────────────────────────────────
2026-09-27 14:35:00,032 DEBUG https://colombia.mimusjobs.com:443 "GET /wp-json/wp/v2/companies?slug=importante-empresa-del-sector HTTP/1.1" 200 None
2026-09-27 14:35:00,033 INFO ⏭ Company exists: Importante empresa del sector
2026-09-27 14:35:02,061 DEBUG https://colombia.mimusjobs.com:443 "GET /wp-json/wp/v2/job-listings?slug=agente-pqr--servicio-al-cliente HTTP/1.1" 200 None
2026-09-27 14:35:02,062 INFO ⏭ Job already on WP: Agente pqr /servicio al cliente
2026-09-27 14:35:02,062 INFO ✅ SUCCESS — 'Agente pqr /servicio al cliente' → WP ID=12163 🔗 https://colombia.mimusjobs.com/job/agente-pqr-servicio-al-cliente/
2026-09-27 14:35:03,062 INFO ── https://co.computrabajo.com/empleos-en-bogota-dc | page 3 | job 20/20: https://co.computrabajo.com/ofertas-de-trabajo/oferta-de-trabajo-de-operarios-de-produccion-fontibon-en-bogota-dc-996BDB8033FC7B1E61373E686DCF3405
2026-09-27 14:35:03,184 DEBUG https://co.computrabajo.com:443 "GET /ofertas-de-trabajo/oferta-de-trabajo-de-operarios-de-produccion-fontibon-en-bogota-dc-996BDB8033FC7B1E61373E686DCF3405 HTTP/1.1" 200 None
2026-09-27 14:35:03,187 DEBUG     GET https://co.computrabajo.com/ofertas-de-trabajo/oferta-de-trabajo-de-operarios-de-produccion-fontibon-en-bogota-dc-996BDB8033FC7B1E61373E686DCF3405 → HTTP 200 (182,891 chars)
2026-09-27 14:35:03,210 INFO     ┌─ SCRAPED JOB ─────────────────────────────────────────
    │ URL          : https://co.computrabajo.com/ofertas-de-trabajo/oferta-de-trabajo-de-operarios-de-produccion-fontibon-en-bogota-dc-996BDB8033FC7B1E61373E686DCF3405
    │ Title        : Operarios de Producción - Fontibón
    │ Company      : FULLER PINTO S A.
    │ Location     : Bogotá, D.C.
    │ Job type     : full-time
    │ Salary       : 1750905 COP
    │ Industry     : Servicios Profesionales
    │ Date posted  : 2026-09-19
    │ Deadline     : 2026-11-18
    │ External ID  : 437FA873977923C5
    │ Description  : ¡Únete a la Familia Fuller Pinto! Somos una compañía líder en fabricación de productos de aseo para el hogar, cuidado personal e industrial, nos encontramos en búsqueda Operarios de Producción para fo…
    └───────────────────────────────────────────────────────
2026-09-27 14:35:03,944 DEBUG https://colombia.mimusjobs.com:443 "GET /wp-json/wp/v2/companies?slug=fuller-pinto-s-a- HTTP/1.1" 200 None
2026-09-27 14:35:03,944 INFO ⏭ Company exists: FULLER PINTO S A.
2026-09-27 14:35:04,727 DEBUG https://colombia.mimusjobs.com:443 "GET /wp-json/wp/v2/job-listings?slug=operarios-de-producci-n---fontib-n HTTP/1.1" 200 None
2026-09-27 14:35:04,753 DEBUG https://ii.ct-stc.com:443 "GET /1/logos/empresas/2020/06/08/466edda6b5604ce39ef2163711516thumbnail.png HTTP/1.1" 200 4233
2026-09-27 14:35:05,872 DEBUG https://colombia.mimusjobs.com:443 "POST /wp-json/wp/v2/media HTTP/1.1" 201 None
2026-09-27 14:35:07,817 DEBUG https://colombia.mimusjobs.com:443 "POST /wp-json/wp/v2/job-listings HTTP/1.1" 201 None
2026-09-27 14:35:07,817 INFO ✅ Job posted: 'Operarios de Producción - Fontibón' → WP ID 40031
2026-09-27 14:35:07,817 INFO ✅ SUCCESS — 'Operarios de Producción - Fontibón' → WP ID=40031 🔗 https://colombia.mimusjobs.com/job/operarios-de-produccion-fontibon-2/
2026-09-27 14:35:08,818 INFO 📊 Running totals — posted: 56 | skipped: 4 | failed: 0
2026-09-27 14:35:08,818 INFO Fetching listing page 4: https://co.computrabajo.com/empleos-en-bogota-dc?p=4
2026-09-27 14:35:08,931 DEBUG https://co.computrabajo.com:443 "GET /empleos-en-bogota-dc?p=4 HTTP/1.1" 200 None
2026-09-27 14:35:08,936 DEBUG     GET https://co.computrabajo.com/empleos-en-bogota-dc?p=4 → HTTP 200 (327,887 chars)
2026-09-27 14:35:08,972 INFO Found 20 job URLs on page 4
2026-09-27 14:35:08,972 DEBUG     job 1: https://co.computrabajo.com/ofertas-de-trabajo/oferta-de-trabajo-de-pasteleropastillaje-fines-de-semana-se-trabaja-de-jueves-a-domingo-en-bogota-dc-C6308969826BCF8861373E686DCF3405
2026-09-27 14:35:08,972 DEBUG     job 2: https://co.computrabajo.com/ofertas-de-trabajo/oferta-de-trabajo-de-relacionista-o-agente-telefonico-remoto-en-bogota-dc-8FFC3A064637AE0C61373E686DCF3405
2026-09-27 14:35:08,972 DEBUG     job 3: https://co.computrabajo.com/ofertas-de-trabajo/oferta-de-trabajo-de-analista-comercial-con-o-sin-experiencia-en-bogota-dc-BEECED9C0BA8DFEF61373E686DCF3405
2026-09-27 14:35:08,972 DEBUG     job 4: https://co.computrabajo.com/ofertas-de-trabajo/oferta-de-trabajo-de-regente-de-farmacia-cedis-quimico-farmaceutico-en-bogota-dc-2B54E5D6349A9A0B61373E686DCF3405
2026-09-27 14:35:08,972 DEBUG     job 5: https://co.computrabajo.com/ofertas-de-trabajo/oferta-de-trabajo-de-asesor-comercial-con-experencia-campana-claro-movil-y-hogar-contrato-indefinido-en-bogota-dc-3910248341D0DF7561373E686DCF3405
2026-09-27 14:35:08,973 DEBUG     job 6: https://co.computrabajo.com/ofertas-de-trabajo/oferta-de-trabajo-de-asesor-comercial-call-center-claro-incentivos-sin-techo-en-bogota-dc-FB510449CD95E82F61373E686DCF3405
2026-09-27 14:35:08,973 DEBUG     job 7: https://co.computrabajo.com/ofertas-de-trabajo/oferta-de-trabajo-de-asesor-de-cobranzas-cartera-castigada-contrato-indefinido-en-bogota-dc-1B8B44301BD8422B61373E686DCF3405
2026-09-27 14:35:08,973 DEBUG     job 8: https://co.computrabajo.com/ofertas-de-trabajo/oferta-de-trabajo-de-coordinador-de-transporte-experiencia-en-empresas-de-transporte-especial-en-bogota-dc-580BDDCC523D0BB561373E686DCF3405
2026-09-27 14:35:08,973 DEBUG     job 9: https://co.computrabajo.com/ofertas-de-trabajo/oferta-de-trabajo-de-asesor-comercial-call-center-presencial-sin-exp-formal-incentivos-presencial-aranda-en-bogota-dc-2E8332A8C95C808461373E686DCF3405
2026-09-27 14:35:08,973 DEBUG     job 10: https://co.computrabajo.com/ofertas-de-trabajo/oferta-de-trabajo-de-practicante-de-contabilidad-en-bogota-dc-A8E7CA8B3A875DAB61373E686DCF3405
2026-09-27 14:35:08,973 DEBUG     job 11: https://co.computrabajo.com/ofertas-de-trabajo/oferta-de-trabajo-de-auxiliar-servicios-generales-sala-de-ventas-medio-tiempo-en-bogota-dc-BD8E1D60BA1AB62A61373E686DCF3405
2026-09-27 14:35:08,973 DEBUG     job 12: https://co.computrabajo.com/ofertas-de-trabajo/oferta-de-trabajo-de-convocatoria-abierta-operarias-de-servicios-generales-bogota-bogota-en-bogota-dc-33BC8D086157E87761373E686DCF3405
2026-09-27 14:35:08,973 DEBUG     job 13: https://co.computrabajo.com/ofertas-de-trabajo/oferta-de-trabajo-de-asesora-comercial-con-experiencia-en-salud-y-estetica-sector-estetica-y-belleza-en-bogota-dc-73481668C318E85761373E686DCF3405
2026-09-27 14:35:08,973 DEBUG     job 14: https://co.computrabajo.com/ofertas-de-trabajo/oferta-de-trabajo-de-asistente-legal-con-experiencia-en-personal-injury-en-bogota-dc-8B34CAB5A400B40E61373E686DCF3405
2026-09-27 14:35:08,973 DEBUG     job 15: https://co.computrabajo.com/ofertas-de-trabajo/oferta-de-trabajo-de-asesor-comercial-call-center-con-experiencia-en-claro-hogar-colombia-ingreso-inmediato-en-venta-sin-techo-y-crecimiento-en-bogota-dc-D0D0BC0C7F936FC161373E686DCF3405
2026-09-27 14:35:08,973 DEBUG     job 16: https://co.computrabajo.com/ofertas-de-trabajo/oferta-de-trabajo-de-monitor-de-calidad-call-center-en-bogota-dc-741552519427970D61373E686DCF3405
2026-09-27 14:35:08,973 DEBUG     job 17: https://co.computrabajo.com/ofertas-de-trabajo/oferta-de-trabajo-de-237963-asesor-a-call-center-claro-soporte-cliente-colombiano-solo-atencion-al-cliente-en-bogota-dc-1641B1782207F31261373E686DCF3405
2026-09-27 14:35:08,973 DEBUG     job 18: https://co.computrabajo.com/ofertas-de-trabajo/oferta-de-trabajo-de-ejecutivo-comercial-y-conferencista-nacional-ventas-grupales-norte-de-bogota-urgente-en-bogota-dc-8C115223EBC0095E61373E686DCF3405
2026-09-27 14:35:08,973 DEBUG     job 19: https://co.computrabajo.com/ofertas-de-trabajo/oferta-de-trabajo-de-tecnico-a-mantenimiento-base-en-bogota-dc-9F49C5ACEED4C40461373E686DCF3405
2026-09-27 14:35:08,973 DEBUG     job 20: https://co.computrabajo.com/ofertas-de-trabajo/oferta-de-trabajo-de-tecnico-a-mantenimiento-cubiertas-civil-en-bogota-dc-124D04F51C93CC6C61373E686DCF3405
2026-09-27 14:35:08,973 INFO ── https://co.computrabajo.com/empleos-en-bogota-dc | page 4 | job 1/20: https://co.computrabajo.com/ofertas-de-trabajo/oferta-de-trabajo-de-pasteleropastillaje-fines-de-semana-se-trabaja-de-jueves-a-domingo-en-bogota-dc-C6308969826BCF8861373E686DCF3405
2026-09-27 14:35:08,973 INFO ⏭ SKIP (pre-check) — already processed.
2026-09-27 14:35:08,973 INFO ── https://co.computrabajo.com/empleos-en-bogota-dc | page 4 | job 2/20: https://co.computrabajo.com/ofertas-de-trabajo/oferta-de-trabajo-de-relacionista-o-agente-telefonico-remoto-en-bogota-dc-8FFC3A064637AE0C61373E686DCF3405
2026-09-27 14:35:09,063 DEBUG https://co.computrabajo.com:443 "GET /ofertas-de-trabajo/oferta-de-trabajo-de-relacionista-o-agente-telefonico-remoto-en-bogota-dc-8FFC3A064637AE0C61373E686DCF3405 HTTP/1.1" 200 None
2026-09-27 14:35:09,065 DEBUG     GET https://co.computrabajo.com/ofertas-de-trabajo/oferta-de-trabajo-de-relacionista-o-agente-telefonico-remoto-en-bogota-dc-8FFC3A064637AE0C61373E686DCF3405 → HTTP 200 (164,421 chars)
2026-09-27 14:35:09,084 INFO     ┌─ SCRAPED JOB ─────────────────────────────────────────
    │ URL          : https://co.computrabajo.com/ofertas-de-trabajo/oferta-de-trabajo-de-relacionista-o-agente-telefonico-remoto-en-bogota-dc-8FFC3A064637AE0C61373E686DCF3405
    │ Title        : relacionista o agente telefonico remoto
    │ Company      : TITAN SAS
    │ Location     : Bogotá, D.C.
    │ Job type     : part-time
    │ Salary       : 2000000 COP
    │ Industry     : Finanzas / Banca
    │ Date posted  : 2026-08-08
    │ Deadline     : 2026-10-07
    │ External ID  : DB81795D353B9944
    │ Description  : Estamos en busca de un talentoso relacionalista o agente telefónico remoto para unirte a nuestro equipo. Este puesto es ideal para alguien con habilidades de comunicación efectivas y una actitud posit…
    └───────────────────────────────────────────────────────
2026-09-27 14:35:09,935 DEBUG https://colombia.mimusjobs.com:443 "GET /wp-json/wp/v2/companies?slug=titan-sas HTTP/1.1" 200 None
2026-09-27 14:35:09,936 INFO ⏭ Company exists: TITAN SAS
2026-09-27 14:35:10,930 DEBUG https://colombia.mimusjobs.com:443 "GET /wp-json/wp/v2/job-listings?slug=relacionista-o-agente-telefonico-remoto HTTP/1.1" 200 None
2026-09-27 14:35:10,930 INFO ⏭ Job already on WP: relacionista o agente telefonico remoto
2026-09-27 14:35:10,930 INFO ✅ SUCCESS — 'relacionista o agente telefonico remoto' → WP ID=16929 🔗 https://colombia.mimusjobs.com/job/relacionista-o-agente-telefonico-remoto/
2026-09-27 14:35:11,931 INFO ── https://co.computrabajo.com/empleos-en-bogota-dc | page 4 | job 3/20: https://co.computrabajo.com/ofertas-de-trabajo/oferta-de-trabajo-de-analista-comercial-con-o-sin-experiencia-en-bogota-dc-BEECED9C0BA8DFEF61373E686DCF3405
2026-09-27 14:35:12,047 DEBUG https://co.computrabajo.com:443 "GET /ofertas-de-trabajo/oferta-de-trabajo-de-analista-comercial-con-o-sin-experiencia-en-bogota-dc-BEECED9C0BA8DFEF61373E686DCF3405 HTTP/1.1" 200 None
2026-09-27 14:35:12,049 DEBUG     GET https://co.computrabajo.com/ofertas-de-trabajo/oferta-de-trabajo-de-analista-comercial-con-o-sin-experiencia-en-bogota-dc-BEECED9C0BA8DFEF61373E686DCF3405 → HTTP 200 (152,820 chars)
2026-09-27 14:35:12,065 WARNING No JobPosting JSON-LD found, using HTML fallback: https://co.computrabajo.com/ofertas-de-trabajo/oferta-de-trabajo-de-analista-comercial-con-o-sin-experiencia-en-bogota-dc-BEECED9C0BA8DFEF61373E686DCF3405
2026-09-27 14:35:12,067 INFO     ┌─ SCRAPED JOB ─────────────────────────────────────────
    │ URL          : https://co.computrabajo.com/ofertas-de-trabajo/oferta-de-trabajo-de-analista-comercial-con-o-sin-experiencia-en-bogota-dc-BEECED9C0BA8DFEF61373E686DCF3405
    │ Title        : analista comercial - con o sin experiencia
    │ Company      : Importante empresa del sector
    │ Location     : Bogotá, D.C., Bogotá, D.C.
    │ Job type     : full-time
    │ Salary       : A convenir COP
    │ Industry     : (none)
    │ Date posted  : (unknown)
    │ Deadline     : (estimated: )
    │ External ID  : (none)
    │ Description  : Importante empresa del sector educativo, solicita para su equipo comercial y de desarrollo corporativo, profesionales en administración, economía, negocios o finanzas, con capacidad de liderazgo, mane…
    └───────────────────────────────────────────────────────
2026-09-27 14:35:12,670 DEBUG https://colombia.mimusjobs.com:443 "GET /wp-json/wp/v2/companies?slug=importante-empresa-del-sector HTTP/1.1" 200 None
2026-09-27 14:35:12,671 INFO ⏭ Company exists: Importante empresa del sector
2026-09-27 14:35:13,515 DEBUG https://colombia.mimusjobs.com:443 "GET /wp-json/wp/v2/job-listings?slug=analista-comercial---con-o-sin-experiencia HTTP/1.1" 200 None
2026-09-27 14:35:13,516 INFO ⏭ Job already on WP: analista comercial - con o sin experiencia
2026-09-27 14:35:13,516 INFO ✅ SUCCESS — 'analista comercial - con o sin experiencia' → WP ID=16930 🔗 https://colombia.mimusjobs.com/job/analista-comercial-con-o-sin-experiencia/
2026-09-27 14:35:14,516 INFO ── https://co.computrabajo.com/empleos-en-bogota-dc | page 4 | job 4/20: https://co.computrabajo.com/ofertas-de-trabajo/oferta-de-trabajo-de-regente-de-farmacia-cedis-quimico-farmaceutico-en-bogota-dc-2B54E5D6349A9A0B61373E686DCF3405
2026-09-27 14:35:14,617 DEBUG https://co.computrabajo.com:443 "GET /ofertas-de-trabajo/oferta-de-trabajo-de-regente-de-farmacia-cedis-quimico-farmaceutico-en-bogota-dc-2B54E5D6349A9A0B61373E686DCF3405 HTTP/1.1" 200 None
2026-09-27 14:35:14,619 DEBUG     GET https://co.computrabajo.com/ofertas-de-trabajo/oferta-de-trabajo-de-regente-de-farmacia-cedis-quimico-farmaceutico-en-bogota-dc-2B54E5D6349A9A0B61373E686DCF3405 → HTTP 200 (153,740 chars)
2026-09-27 14:35:14,635 WARNING No JobPosting JSON-LD found, using HTML fallback: https://co.computrabajo.com/ofertas-de-trabajo/oferta-de-trabajo-de-regente-de-farmacia-cedis-quimico-farmaceutico-en-bogota-dc-2B54E5D6349A9A0B61373E686DCF3405
2026-09-27 14:35:14,636 INFO     ┌─ SCRAPED JOB ─────────────────────────────────────────
    │ URL          : https://co.computrabajo.com/ofertas-de-trabajo/oferta-de-trabajo-de-regente-de-farmacia-cedis-quimico-farmaceutico-en-bogota-dc-2B54E5D6349A9A0B61373E686DCF3405
    │ Title        : Regente de Farmacia Cedis - Químico Farmacéutico
    │ Company      : Importante empresa del sector
    │ Location     : Bogotá, D.C., Bogotá, D.C.
    │ Job type     : full-time
    │ Salary       : A convenir COP
    │ Industry     : (none)
    │ Date posted  : (unknown)
    │ Deadline     : (estimated: )
    │ External ID  : (none)
    │ Description  : Buscamos un líder con sólida experiencia en calidad, auditoría, procesos normativos, logística e inventarios, capaz de garantizar la excelencia operativa y regulatoria de nuestro Centro de Distribució…
    └───────────────────────────────────────────────────────
2026-09-27 14:35:15,435 DEBUG https://colombia.mimusjobs.com:443 "GET /wp-json/wp/v2/companies?slug=importante-empresa-del-sector HTTP/1.1" 200 None
2026-09-27 14:35:15,436 INFO ⏭ Company exists: Importante empresa del sector
2026-09-27 14:35:16,102 DEBUG https://colombia.mimusjobs.com:443 "GET /wp-json/wp/v2/job-listings?slug=regente-de-farmacia-cedis---qu-mico-farmac-utico HTTP/1.1" 200 None
2026-09-27 14:35:17,863 DEBUG https://colombia.mimusjobs.com:443 "POST /wp-json/wp/v2/job-listings HTTP/1.1" 201 None
2026-09-27 14:35:17,863 INFO ✅ Job posted: 'Regente de Farmacia Cedis - Químico Farmacéutico' → WP ID 40033
2026-09-27 14:35:17,864 INFO ✅ SUCCESS — 'Regente de Farmacia Cedis - Químico Farmacéutico' → WP ID=40033 🔗 https://colombia.mimusjobs.com/job/regente-de-farmacia-cedis-quimico-farmaceutico-2/
2026-09-27 14:35:18,864 INFO ── https://co.computrabajo.com/empleos-en-bogota-dc | page 4 | job 5/20: https://co.computrabajo.com/ofertas-de-trabajo/oferta-de-trabajo-de-asesor-comercial-con-experencia-campana-claro-movil-y-hogar-contrato-indefinido-en-bogota-dc-3910248341D0DF7561373E686DCF3405
2026-09-27 14:35:18,980 DEBUG https://co.computrabajo.com:443 "GET /ofertas-de-trabajo/oferta-de-trabajo-de-asesor-comercial-con-experencia-campana-claro-movil-y-hogar-contrato-indefinido-en-bogota-dc-3910248341D0DF7561373E686DCF3405 HTTP/1.1" 200 None
2026-09-27 14:35:18,982 DEBUG     GET https://co.computrabajo.com/ofertas-de-trabajo/oferta-de-trabajo-de-asesor-comercial-con-experencia-campana-claro-movil-y-hogar-contrato-indefinido-en-bogota-dc-3910248341D0DF7561373E686DCF3405 → HTTP 200 (170,241 chars)
2026-09-27 14:35:19,003 INFO     ┌─ SCRAPED JOB ─────────────────────────────────────────
    │ URL          : https://co.computrabajo.com/ofertas-de-trabajo/oferta-de-trabajo-de-asesor-comercial-con-experencia-campana-claro-movil-y-hogar-contrato-indefinido-en-bogota-dc-3910248341D0DF7561373E686DCF3405
    │ Title        : Asesor comercial con Experencia Campaña Claro movil y hogar - Contrato Indefinido
    │ Company      : ASISTE ING BPO
    │ Location     : Bogotá, D.C.
    │ Job type     : full-time
    │ Salary       : 2000000 COP
    │ Industry     : Telecomunicaciones
    │ Date posted  : 2026-09-18
    │ Deadline     : 2026-11-17
    │ External ID  : 5C5691498D4E9CA9
    │ Description  : ASESOR COMERCIAL CALL CENTER * Salario mínimo legal vigente + prestaciones de ley * Bono de bienvenida de $200.000 durante tu primer mes * Incentivos monetarios SIN TECHO * Plan carrera y oportunidade…
    └───────────────────────────────────────────────────────
2026-09-27 14:35:19,867 DEBUG https://colombia.mimusjobs.com:443 "GET /wp-json/wp/v2/companies?slug=asiste-ing-bpo HTTP/1.1" 200 None
2026-09-27 14:35:19,868 INFO ⏭ Company exists: ASISTE ING BPO
2026-09-27 14:35:21,037 DEBUG https://colombia.mimusjobs.com:443 "GET /wp-json/wp/v2/job-listings?slug=asesor-comercial-con-experencia-campa-a-claro-movil-y-hogar---contrato-indefinid HTTP/1.1" 200 None
2026-09-27 14:35:21,102 DEBUG https://ii.ct-stc.com:443 "GET /1/logos/empresas/2025/12/04/fae798645d8f4f578bdd150532046thumbnail.jpg HTTP/1.1" 200 6405
2026-09-27 14:35:22,443 DEBUG https://colombia.mimusjobs.com:443 "POST /wp-json/wp/v2/media HTTP/1.1" 201 None
2026-09-27 14:35:24,104 DEBUG https://colombia.mimusjobs.com:443 "POST /wp-json/wp/v2/job-listings HTTP/1.1" 201 None
2026-09-27 14:35:24,105 INFO ✅ Job posted: 'Asesor comercial con Experencia Campaña Claro movil y hogar - Contrato Indefinido' → WP ID 40036
2026-09-27 14:35:24,105 INFO ✅ SUCCESS — 'Asesor comercial con Experencia Campaña Claro movil y hogar - Contrato Indefinido' → WP ID=40036 🔗 https://colombia.mimusjobs.com/job/asesor-comercial-con-experencia-campana-claro-movil-y-hogar-contrato-indefinido/
2026-09-27 14:35:25,105 INFO ── https://co.computrabajo.com/empleos-en-bogota-dc | page 4 | job 6/20: https://co.computrabajo.com/ofertas-de-trabajo/oferta-de-trabajo-de-asesor-comercial-call-center-claro-incentivos-sin-techo-en-bogota-dc-FB510449CD95E82F61373E686DCF3405
2026-09-27 14:35:25,188 DEBUG https://co.computrabajo.com:443 "GET /ofertas-de-trabajo/oferta-de-trabajo-de-asesor-comercial-call-center-claro-incentivos-sin-techo-en-bogota-dc-FB510449CD95E82F61373E686DCF3405 HTTP/1.1" 200 None
2026-09-27 14:35:25,191 DEBUG     GET https://co.computrabajo.com/ofertas-de-trabajo/oferta-de-trabajo-de-asesor-comercial-call-center-claro-incentivos-sin-techo-en-bogota-dc-FB510449CD95E82F61373E686DCF3405 → HTTP 200 (170,191 chars)
2026-09-27 14:35:25,211 INFO     ┌─ SCRAPED JOB ─────────────────────────────────────────
    │ URL          : https://co.computrabajo.com/ofertas-de-trabajo/oferta-de-trabajo-de-asesor-comercial-call-center-claro-incentivos-sin-techo-en-bogota-dc-FB510449CD95E82F61373E686DCF3405
    │ Title        : Asesor Comercial Call Center Claro - Incentivos sin techo
    │ Company      : ASISTE ING BPO
    │ Location     : Bogotá, D.C.
    │ Job type     : full-time
    │ Salary       : 1750905 COP
    │ Industry     : Telecomunicaciones
    │ Date posted  : 2026-09-21
    │ Deadline     : 2026-11-20
    │ External ID  : 5C5691498D4E9CA9
    │ Description  : ¿Tienes experiencia en Claro como Asesor(a) Comercial en Call Center? ¡Esta oferta es para ti! Estamos buscando Asesores(as) Comerciales Call Center con experiencia específica en **Claro y venta de Te…
    └───────────────────────────────────────────────────────
2026-09-27 14:35:25,935 DEBUG https://colombia.mimusjobs.com:443 "GET /wp-json/wp/v2/companies?slug=asiste-ing-bpo HTTP/1.1" 200 None
2026-09-27 14:35:25,935 INFO ⏭ Company exists: ASISTE ING BPO
2026-09-27 14:35:26,561 DEBUG https://colombia.mimusjobs.com:443 "GET /wp-json/wp/v2/job-listings?slug=asesor-comercial-call-center-claro---incentivos-sin-techo HTTP/1.1" 200 None
2026-09-27 14:35:26,562 INFO ⏭ Job already on WP: Asesor Comercial Call Center Claro - Incentivos sin techo
2026-09-27 14:35:26,562 INFO ✅ SUCCESS — 'Asesor Comercial Call Center Claro - Incentivos sin techo' → WP ID=39208 🔗 https://colombia.mimusjobs.com/job/asesor-comercial-call-center-claro-incentivos-sin-techo/
2026-09-27 14:35:27,562 INFO ── https://co.computrabajo.com/empleos-en-bogota-dc | page 4 | job 7/20: https://co.computrabajo.com/ofertas-de-trabajo/oferta-de-trabajo-de-asesor-de-cobranzas-cartera-castigada-contrato-indefinido-en-bogota-dc-1B8B44301BD8422B61373E686DCF3405
2026-09-27 14:35:27,659 DEBUG https://co.computrabajo.com:443 "GET /ofertas-de-trabajo/oferta-de-trabajo-de-asesor-de-cobranzas-cartera-castigada-contrato-indefinido-en-bogota-dc-1B8B44301BD8422B61373E686DCF3405 HTTP/1.1" 200 None
2026-09-27 14:35:27,662 DEBUG     GET https://co.computrabajo.com/ofertas-de-trabajo/oferta-de-trabajo-de-asesor-de-cobranzas-cartera-castigada-contrato-indefinido-en-bogota-dc-1B8B44301BD8422B61373E686DCF3405 → HTTP 200 (167,875 chars)
2026-09-27 14:35:27,680 INFO     ┌─ SCRAPED JOB ─────────────────────────────────────────
    │ URL          : https://co.computrabajo.com/ofertas-de-trabajo/oferta-de-trabajo-de-asesor-de-cobranzas-cartera-castigada-contrato-indefinido-en-bogota-dc-1B8B44301BD8422B61373E686DCF3405
    │ Title        : Asesor de Cobranzas – Cartera Castigada Contrato Indefinido
    │ Company      : Solventa Colombia SAS
    │ Location     : Bogotá, D.C.
    │ Job type     : full-time
    │ Salary       : (not listed)
    │ Industry     : Finanzas / Banca
    │ Date posted  : 2026-08-14
    │ Deadline     : 2026-10-13
    │ External ID  : 0D46B1FCA3E513DD
    │ Description  : ¿Tienes experiencia en cartera castigada y eres bueno(a) negociando? Esta oportunidad es para ti.
En Solventa, fintech en crecimiento, estamos buscando Asesores(as) de Cobranzas con experiencia en car…
    └───────────────────────────────────────────────────────
2026-09-27 14:35:28,463 DEBUG https://colombia.mimusjobs.com:443 "GET /wp-json/wp/v2/companies?slug=solventa-colombia-sas HTTP/1.1" 200 None
2026-09-27 14:35:28,464 INFO ⏭ Company exists: Solventa Colombia SAS
2026-09-27 14:35:29,086 DEBUG https://colombia.mimusjobs.com:443 "GET /wp-json/wp/v2/job-listings?slug=asesor-de-cobranzas---cartera-castigada-contrato-indefinido HTTP/1.1" 200 None
2026-09-27 14:35:29,086 INFO ⏭ Job already on WP: Asesor de Cobranzas – Cartera Castigada Contrato Indefinido
2026-09-27 14:35:29,087 INFO ✅ SUCCESS — 'Asesor de Cobranzas – Cartera Castigada Contrato Indefinido' → WP ID=16942 🔗 https://colombia.mimusjobs.com/job/asesor-de-cobranzas-cartera-castigada-contrato-indefinido/
2026-09-27 14:35:30,087 INFO ── https://co.computrabajo.com/empleos-en-bogota-dc | page 4 | job 8/20: https://co.computrabajo.com/ofertas-de-trabajo/oferta-de-trabajo-de-coordinador-de-transporte-experiencia-en-empresas-de-transporte-especial-en-bogota-dc-580BDDCC523D0BB561373E686DCF3405
2026-09-27 14:35:30,176 DEBUG https://co.computrabajo.com:443 "GET /ofertas-de-trabajo/oferta-de-trabajo-de-coordinador-de-transporte-experiencia-en-empresas-de-transporte-especial-en-bogota-dc-580BDDCC523D0BB561373E686DCF3405 HTTP/1.1" 200 None
2026-09-27 14:35:30,178 DEBUG     GET https://co.computrabajo.com/ofertas-de-trabajo/oferta-de-trabajo-de-coordinador-de-transporte-experiencia-en-empresas-de-transporte-especial-en-bogota-dc-580BDDCC523D0BB561373E686DCF3405 → HTTP 200 (164,719 chars)
2026-09-27 14:35:30,196 INFO     ┌─ SCRAPED JOB ─────────────────────────────────────────
    │ URL          : https://co.computrabajo.com/ofertas-de-trabajo/oferta-de-trabajo-de-coordinador-de-transporte-experiencia-en-empresas-de-transporte-especial-en-bogota-dc-580BDDCC523D0BB561373E686DCF3405
    │ Title        : Coordinador de transporte - experiencia en empresas de transporte especial
    │ Company      : MULTISOLUCIONES A&A SAS
    │ Location     : Bogotá, D.C.
    │ Job type     : full-time
    │ Salary       : 2000000 COP
    │ Industry     : RRHH / Personal
    │ Date posted  : 2026-08-26
    │ Deadline     : 2026-10-25
    │ External ID  : 1B565DA1231717AB
    │ Description  : Coordinador(a) de Logística – Sector Transporte **Importante empresa del sector de transporte especial y de turismo** requiere para su equipo de trabajo un(a) **Coordinador(a) de Logística**, con expe…
    └───────────────────────────────────────────────────────
2026-09-27 14:35:30,875 DEBUG https://colombia.mimusjobs.com:443 "GET /wp-json/wp/v2/companies?slug=multisoluciones-a-a-sas HTTP/1.1" 200 None
2026-09-27 14:35:31,846 DEBUG https://colombia.mimusjobs.com:443 "POST /wp-json/wp/v2/companies HTTP/1.1" 201 None
2026-09-27 14:35:31,846 INFO ✅ Company posted: MULTISOLUCIONES A&A SAS → ID 40039
2026-09-27 14:35:32,626 DEBUG https://colombia.mimusjobs.com:443 "GET /wp-json/wp/v2/job-listings?slug=coordinador-de-transporte---experiencia-en-empresas-de-transporte-especial HTTP/1.1" 200 None
2026-09-27 14:35:32,626 INFO ⏭ Job already on WP: Coordinador de transporte - experiencia en empresas de transporte especial
2026-09-27 14:35:32,626 INFO ✅ SUCCESS — 'Coordinador de transporte - experiencia en empresas de transporte especial' → WP ID=16534 🔗 https://colombia.mimusjobs.com/job/coordinador-de-transporte-experiencia-en-empresas-de-transporte-especial/
2026-09-27 14:35:33,627 INFO ── https://co.computrabajo.com/empleos-en-bogota-dc | page 4 | job 9/20: https://co.computrabajo.com/ofertas-de-trabajo/oferta-de-trabajo-de-asesor-comercial-call-center-presencial-sin-exp-formal-incentivos-presencial-aranda-en-bogota-dc-2E8332A8C95C808461373E686DCF3405
2026-09-27 14:35:33,722 DEBUG https://co.computrabajo.com:443 "GET /ofertas-de-trabajo/oferta-de-trabajo-de-asesor-comercial-call-center-presencial-sin-exp-formal-incentivos-presencial-aranda-en-bogota-dc-2E8332A8C95C808461373E686DCF3405 HTTP/1.1" 200 None
2026-09-27 14:35:33,725 DEBUG     GET https://co.computrabajo.com/ofertas-de-trabajo/oferta-de-trabajo-de-asesor-comercial-call-center-presencial-sin-exp-formal-incentivos-presencial-aranda-en-bogota-dc-2E8332A8C95C808461373E686DCF3405 → HTTP 200 (171,746 chars)
2026-09-27 14:35:33,745 INFO     ┌─ SCRAPED JOB ─────────────────────────────────────────
    │ URL          : https://co.computrabajo.com/ofertas-de-trabajo/oferta-de-trabajo-de-asesor-comercial-call-center-presencial-sin-exp-formal-incentivos-presencial-aranda-en-bogota-dc-2E8332A8C95C808461373E686DCF3405
    │ Title        : Asesor Comercial Call Center Presencial - Sin exp formal Incentivos Presencial Aranda
    │ Company      : ASISTE ING BPO
    │ Location     : Bogotá, D.C.
    │ Job type     : full-time
    │ Salary       : 1750905 COP
    │ Industry     : Telecomunicaciones
    │ Date posted  : 2026-09-22
    │ Deadline     : 2026-11-21
    │ External ID  : 5C5691498D4E9CA9
    │ Description  : ¡Únete a nuestro equipo comercial en Asiste ING SAS! Buscamos Asesores Comerciales para Call Center Presencial en la comercialización de productos, tecnología y servicios de Claro Colombia. Si tienes …
    └───────────────────────────────────────────────────────
2026-09-27 14:35:34,718 DEBUG https://colombia.mimusjobs.com:443 "GET /wp-json/wp/v2/companies?slug=asiste-ing-bpo HTTP/1.1" 200 None
2026-09-27 14:35:34,719 INFO ⏭ Company exists: ASISTE ING BPO
2026-09-27 14:35:35,486 DEBUG https://colombia.mimusjobs.com:443 "GET /wp-json/wp/v2/job-listings?slug=asesor-comercial-call-center-presencial---sin-exp-formal-incentivos-presencial-a HTTP/1.1" 200 None
2026-09-27 14:35:35,490 DEBUG https://ii.ct-stc.com:443 "GET /1/logos/empresas/2025/12/04/fae798645d8f4f578bdd150532046thumbnail.jpg HTTP/1.1" 200 6405
2026-09-27 14:35:36,346 DEBUG https://colombia.mimusjobs.com:443 "POST /wp-json/wp/v2/media HTTP/1.1" 201 None
2026-09-27 14:35:38,494 DEBUG https://colombia.mimusjobs.com:443 "POST /wp-json/wp/v2/job-listings HTTP/1.1" 201 None
2026-09-27 14:35:38,494 INFO ✅ Job posted: 'Asesor Comercial Call Center Presencial - Sin exp formal Incentivos Presencial Aranda' → WP ID 40041
2026-09-27 14:35:38,494 INFO ✅ SUCCESS — 'Asesor Comercial Call Center Presencial - Sin exp formal Incentivos Presencial Aranda' → WP ID=40041 🔗 https://colombia.mimusjobs.com/job/asesor-comercial-call-center-presencial-sin-exp-formal-incentivos-presencial-aranda-4/
2026-09-27 14:35:39,495 INFO ── https://co.computrabajo.com/empleos-en-bogota-dc | page 4 | job 10/20: https://co.computrabajo.com/ofertas-de-trabajo/oferta-de-trabajo-de-practicante-de-contabilidad-en-bogota-dc-A8E7CA8B3A875DAB61373E686DCF3405
2026-09-27 14:35:39,581 DEBUG https://co.computrabajo.com:443 "GET /ofertas-de-trabajo/oferta-de-trabajo-de-practicante-de-contabilidad-en-bogota-dc-A8E7CA8B3A875DAB61373E686DCF3405 HTTP/1.1" 200 None
2026-09-27 14:35:39,585 DEBUG     GET https://co.computrabajo.com/ofertas-de-trabajo/oferta-de-trabajo-de-practicante-de-contabilidad-en-bogota-dc-A8E7CA8B3A875DAB61373E686DCF3405 → HTTP 200 (185,612 chars)
2026-09-27 14:35:39,632 INFO     ┌─ SCRAPED JOB ─────────────────────────────────────────
    │ URL          : https://co.computrabajo.com/ofertas-de-trabajo/oferta-de-trabajo-de-practicante-de-contabilidad-en-bogota-dc-A8E7CA8B3A875DAB61373E686DCF3405
    │ Title        : Practicante de Contabilidad
    │ Company      : Cemex
    │ Location     : Bogotá, D.C.
    │ Job type     : full-time
    │ Salary       : 1851520 COP
    │ Industry     : Venta al por mayor
    │ Date posted  : 2026-08-18
    │ Deadline     : 2026-10-17
    │ External ID  : 7A03C50D5E5FE1E6
    │ Description  : Cemex Colombia Busca para su equipo de trabajo practicantes de un estudiante de Contabilidad que cuenten con AVAL para iniciar sus practicas: Condiciones: -Horario de Lunes a Jueves de 7:00 am a 5:00 …
    └───────────────────────────────────────────────────────
2026-09-27 14:35:40,524 DEBUG https://colombia.mimusjobs.com:443 "GET /wp-json/wp/v2/companies?slug=cemex HTTP/1.1" 200 None
2026-09-27 14:35:40,525 INFO ⏭ Company exists: Cemex
2026-09-27 14:35:41,893 DEBUG https://colombia.mimusjobs.com:443 "GET /wp-json/wp/v2/job-listings?slug=practicante-de-contabilidad HTTP/1.1" 200 None
2026-09-27 14:35:41,893 INFO ⏭ Job already on WP: Practicante de Contabilidad
2026-09-27 14:35:41,893 INFO ✅ SUCCESS — 'Practicante de Contabilidad' → WP ID=16301 🔗 https://colombia.mimusjobs.com/job/practicante-de-contabilidad/
2026-09-27 14:35:42,893 INFO ── https://co.computrabajo.com/empleos-en-bogota-dc | page 4 | job 11/20: https://co.computrabajo.com/ofertas-de-trabajo/oferta-de-trabajo-de-auxiliar-servicios-generales-sala-de-ventas-medio-tiempo-en-bogota-dc-BD8E1D60BA1AB62A61373E686DCF3405
2026-09-27 14:35:42,975 DEBUG https://co.computrabajo.com:443 "GET /ofertas-de-trabajo/oferta-de-trabajo-de-auxiliar-servicios-generales-sala-de-ventas-medio-tiempo-en-bogota-dc-BD8E1D60BA1AB62A61373E686DCF3405 HTTP/1.1" 200 None
2026-09-27 14:35:42,978 DEBUG     GET https://co.computrabajo.com/ofertas-de-trabajo/oferta-de-trabajo-de-auxiliar-servicios-generales-sala-de-ventas-medio-tiempo-en-bogota-dc-BD8E1D60BA1AB62A61373E686DCF3405 → HTTP 200 (166,581 chars)
2026-09-27 14:35:42,998 INFO     ┌─ SCRAPED JOB ─────────────────────────────────────────
    │ URL          : https://co.computrabajo.com/ofertas-de-trabajo/oferta-de-trabajo-de-auxiliar-servicios-generales-sala-de-ventas-medio-tiempo-en-bogota-dc-BD8E1D60BA1AB62A61373E686DCF3405
    │ Title        : Auxiliar Servicios Generales - Sala de Ventas Medio Tiempo
    │ Company      : ESTRATEGIC ALLIANCES GROUP SAS
    │ Location     : Bogotá, D.C.
    │ Job type     : part-time
    │ Salary       : 875452 COP
    │ Industry     : RRHH / Personal
    │ Date posted  : 2026-08-18
    │ Deadline     : 2026-10-17
    │ External ID  : A69CECF3CFE6C6DF
    │ Description  : INGEURBE, requiere para su equipo de trabajo AUXILIAR DE SERVICIOS GENERALES para apoyar al área en salas de ventas con experiencia de 2 años en oficinas o salas de ventas y excelente presentación per…
    └───────────────────────────────────────────────────────
2026-09-27 14:35:44,297 DEBUG https://colombia.mimusjobs.com:443 "GET /wp-json/wp/v2/companies?slug=estrategic-alliances-group-sas HTTP/1.1" 200 None
2026-09-27 14:35:44,298 INFO ⏭ Company exists: ESTRATEGIC ALLIANCES GROUP SAS
2026-09-27 14:35:45,037 DEBUG https://colombia.mimusjobs.com:443 "GET /wp-json/wp/v2/job-listings?slug=auxiliar-servicios-generales---sala-de-ventas-medio-tiempo HTTP/1.1" 200 None
2026-09-27 14:35:45,037 INFO ⏭ Job already on WP: Auxiliar Servicios Generales - Sala de Ventas Medio Tiempo
2026-09-27 14:35:45,037 INFO ✅ SUCCESS — 'Auxiliar Servicios Generales - Sala de Ventas Medio Tiempo' → WP ID=16948 🔗 https://colombia.mimusjobs.com/job/auxiliar-servicios-generales-sala-de-ventas-medio-tiempo/
2026-09-27 14:35:46,037 INFO ── https://co.computrabajo.com/empleos-en-bogota-dc | page 4 | job 12/20: https://co.computrabajo.com/ofertas-de-trabajo/oferta-de-trabajo-de-convocatoria-abierta-operarias-de-servicios-generales-bogota-bogota-en-bogota-dc-33BC8D086157E87761373E686DCF3405
2026-09-27 14:35:46,141 DEBUG https://co.computrabajo.com:443 "GET /ofertas-de-trabajo/oferta-de-trabajo-de-convocatoria-abierta-operarias-de-servicios-generales-bogota-bogota-en-bogota-dc-33BC8D086157E87761373E686DCF3405 HTTP/1.1" 200 None
2026-09-27 14:35:46,144 DEBUG     GET https://co.computrabajo.com/ofertas-de-trabajo/oferta-de-trabajo-de-convocatoria-abierta-operarias-de-servicios-generales-bogota-bogota-en-bogota-dc-33BC8D086157E87761373E686DCF3405 → HTTP 200 (173,225 chars)
2026-09-27 14:35:46,165 INFO     ┌─ SCRAPED JOB ─────────────────────────────────────────
    │ URL          : https://co.computrabajo.com/ofertas-de-trabajo/oferta-de-trabajo-de-convocatoria-abierta-operarias-de-servicios-generales-bogota-bogota-en-bogota-dc-33BC8D086157E87761373E686DCF3405
    │ Title        : Convocatoria Abierta Operarias de servicios Generales Bogotá - Bogotá
    │ Company      : PROSEGUR GESTION DE ACTIVOS COLOMBIA SAS
    │ Location     : Bogotá, D.C.
    │ Job type     : full-time
    │ Salary       : 1750000 COP
    │ Industry     : Servicios Profesionales
    │ Date posted  : 2026-08-10
    │ Deadline     : 2026-10-09
    │ External ID  : D0D3DFD4185124AA
    │ Description  : ¡TE ESTAMOS BUSCANDO!
Buscamos una persona comprometida, responsable y con actitud de servicio para desempeñar el rol de Auxiliar de Servicios Generales. Esta persona será la encargada de garantizar e…
    └───────────────────────────────────────────────────────
2026-09-27 14:35:46,810 DEBUG https://colombia.mimusjobs.com:443 "GET /wp-json/wp/v2/companies?slug=prosegur-gestion-de-activos-colombia-sas HTTP/1.1" 200 None
2026-09-27 14:35:46,811 INFO ⏭ Company exists: PROSEGUR GESTION DE ACTIVOS COLOMBIA SAS
2026-09-27 14:35:47,684 DEBUG https://colombia.mimusjobs.com:443 "GET /wp-json/wp/v2/job-listings?slug=convocatoria-abierta-operarias-de-servicios-generales-bogot----bogot- HTTP/1.1" 200 None
2026-09-27 14:35:47,687 DEBUG https://ii.ct-stc.com:443 "GET /1/logos/empresas/2017/10/20//prosegur131322thumbnail.jpeg HTTP/1.1" 200 25531
2026-09-27 14:35:50,180 DEBUG https://colombia.mimusjobs.com:443 "POST /wp-json/wp/v2/media HTTP/1.1" 201 None
2026-09-27 14:35:51,767 DEBUG https://colombia.mimusjobs.com:443 "POST /wp-json/wp/v2/job-listings HTTP/1.1" 201 None
2026-09-27 14:35:51,768 INFO ✅ Job posted: 'Convocatoria Abierta Operarias de servicios Generales Bogotá - Bogotá' → WP ID 40046
2026-09-27 14:35:51,768 INFO ✅ SUCCESS — 'Convocatoria Abierta Operarias de servicios Generales Bogotá - Bogotá' → WP ID=40046 🔗 https://colombia.mimusjobs.com/job/convocatoria-abierta-operarias-de-servicios-generales-bogota-bogota/
2026-09-27 14:35:52,768 INFO ── https://co.computrabajo.com/empleos-en-bogota-dc | page 4 | job 13/20: https://co.computrabajo.com/ofertas-de-trabajo/oferta-de-trabajo-de-asesora-comercial-con-experiencia-en-salud-y-estetica-sector-estetica-y-belleza-en-bogota-dc-73481668C318E85761373E686DCF3405
2026-09-27 14:35:52,854 DEBUG https://co.computrabajo.com:443 "GET /ofertas-de-trabajo/oferta-de-trabajo-de-asesora-comercial-con-experiencia-en-salud-y-estetica-sector-estetica-y-belleza-en-bogota-dc-73481668C318E85761373E686DCF3405 HTTP/1.1" 200 None
2026-09-27 14:35:52,857 DEBUG     GET https://co.computrabajo.com/ofertas-de-trabajo/oferta-de-trabajo-de-asesora-comercial-con-experiencia-en-salud-y-estetica-sector-estetica-y-belleza-en-bogota-dc-73481668C318E85761373E686DCF3405 → HTTP 200 (179,453 chars)
2026-09-27 14:35:52,880 INFO     ┌─ SCRAPED JOB ─────────────────────────────────────────
    │ URL          : https://co.computrabajo.com/ofertas-de-trabajo/oferta-de-trabajo-de-asesora-comercial-con-experiencia-en-salud-y-estetica-sector-estetica-y-belleza-en-bogota-dc-73481668C318E85761373E686DCF3405
    │ Title        : asesora comercial con experiencia en salud y estetica - Sector Estética y Belleza
    │ Company      : FORZA OUTSOURCING SAS
    │ Location     : Bogotá, D.C.
    │ Job type     : full-time
    │ Salary       : 2500000 COP
    │ Industry     : Servicios Profesionales
    │ Date posted  : 2026-08-21
    │ Deadline     : 2026-10-20
    │ External ID  : 8058A0B5297F0753
    │ Description  : Estamos en busca de una asesora comercial con experiencia en el sector de la salud y estética para incorporarse a nuestro equipo de trabajo de forma presencial. Si tienes un perfil dinámico y una ampl…
    └───────────────────────────────────────────────────────
2026-09-27 14:35:53,824 DEBUG https://colombia.mimusjobs.com:443 "GET /wp-json/wp/v2/companies?slug=forza-outsourcing-sas HTTP/1.1" 200 None
2026-09-27 14:35:53,824 INFO ⏭ Company exists: FORZA OUTSOURCING SAS
2026-09-27 14:35:55,034 DEBUG https://colombia.mimusjobs.com:443 "GET /wp-json/wp/v2/job-listings?slug=asesora-comercial-con-experiencia-en-salud-y-estetica---sector-est-tica-y-bellez HTTP/1.1" 200 None
2026-09-27 14:35:55,062 DEBUG https://ii.ct-stc.com:443 "GET /1/logos/empresas/2019/05/10/4a16fea6802248f289ac025448265thumbnail.jpg HTTP/1.1" 200 5098
2026-09-27 14:35:55,941 DEBUG https://colombia.mimusjobs.com:443 "POST /wp-json/wp/v2/media HTTP/1.1" 201 None
2026-09-27 14:35:56,985 DEBUG https://colombia.mimusjobs.com:443 "POST /wp-json/wp/v2/job-listings HTTP/1.1" 201 None
2026-09-27 14:35:56,985 INFO ✅ Job posted: 'asesora comercial con experiencia en salud y estetica - Sector Estética y Belleza' → WP ID 40048
2026-09-27 14:35:56,985 INFO ✅ SUCCESS — 'asesora comercial con experiencia en salud y estetica - Sector Estética y Belleza' → WP ID=40048 🔗 https://colombia.mimusjobs.com/job/asesora-comercial-con-experiencia-en-salud-y-estetica-sector-estetica-y-belleza-2/
2026-09-27 14:35:57,985 INFO ── https://co.computrabajo.com/empleos-en-bogota-dc | page 4 | job 14/20: https://co.computrabajo.com/ofertas-de-trabajo/oferta-de-trabajo-de-asistente-legal-con-experiencia-en-personal-injury-en-bogota-dc-8B34CAB5A400B40E61373E686DCF3405
2026-09-27 14:35:58,117 DEBUG https://co.computrabajo.com:443 "GET /ofertas-de-trabajo/oferta-de-trabajo-de-asistente-legal-con-experiencia-en-personal-injury-en-bogota-dc-8B34CAB5A400B40E61373E686DCF3405 HTTP/1.1" 200 None
2026-09-27 14:35:58,120 DEBUG     GET https://co.computrabajo.com/ofertas-de-trabajo/oferta-de-trabajo-de-asistente-legal-con-experiencia-en-personal-injury-en-bogota-dc-8B34CAB5A400B40E61373E686DCF3405 → HTTP 200 (184,259 chars)
2026-09-27 14:35:58,143 INFO     ┌─ SCRAPED JOB ─────────────────────────────────────────
    │ URL          : https://co.computrabajo.com/ofertas-de-trabajo/oferta-de-trabajo-de-asistente-legal-con-experiencia-en-personal-injury-en-bogota-dc-8B34CAB5A400B40E61373E686DCF3405
    │ Title        : Asistente legal con experiencia en Personal Injury
    │ Company      : SOLVO S.A.S
    │ Location     : Bogotá, D.C.
    │ Job type     : full-time
    │ Salary       : (not listed)
    │ Industry     : RRHH / Personal
    │ Date posted  : 2026-08-26
    │ Deadline     : 2026-10-25
    │ External ID  : 4E09BFC9BDD72665
    │ Description  : Descripción del puesto:
Resumen del Puesto
Buscamos un/a Asistente Legal con inglés C1 altamente organizado/a y proactivo/a para brindar soporte operativo al equipo legal durante todo el ciclo de vida…
    └───────────────────────────────────────────────────────
2026-09-27 14:35:59,472 DEBUG https://colombia.mimusjobs.com:443 "GET /wp-json/wp/v2/companies?slug=solvo-s-a-s HTTP/1.1" 200 None
2026-09-27 14:35:59,472 INFO ⏭ Company exists: SOLVO S.A.S
2026-09-27 14:36:00,293 DEBUG https://colombia.mimusjobs.com:443 "GET /wp-json/wp/v2/job-listings?slug=asistente-legal-con-experiencia-en-personal-injury HTTP/1.1" 200 None
2026-09-27 14:36:00,293 INFO ⏭ Job already on WP: Asistente legal con experiencia en Personal Injury
2026-09-27 14:36:00,293 INFO ✅ SUCCESS — 'Asistente legal con experiencia en Personal Injury' → WP ID=16952 🔗 https://colombia.mimusjobs.com/job/asistente-legal-con-experiencia-en-personal-injury/
2026-09-27 14:36:01,294 INFO ── https://co.computrabajo.com/empleos-en-bogota-dc | page 4 | job 15/20: https://co.computrabajo.com/ofertas-de-trabajo/oferta-de-trabajo-de-asesor-comercial-call-center-con-experiencia-en-claro-hogar-colombia-ingreso-inmediato-en-venta-sin-techo-y-crecimiento-en-bogota-dc-D0D0BC0C7F936FC161373E686DCF3405
2026-09-27 14:36:01,394 DEBUG https://co.computrabajo.com:443 "GET /ofertas-de-trabajo/oferta-de-trabajo-de-asesor-comercial-call-center-con-experiencia-en-claro-hogar-colombia-ingreso-inmediato-en-venta-sin-techo-y-crecimiento-en-bogota-dc-D0D0BC0C7F936FC161373E686DCF3405 HTTP/1.1" 200 None
2026-09-27 14:36:01,397 DEBUG     GET https://co.computrabajo.com/ofertas-de-trabajo/oferta-de-trabajo-de-asesor-comercial-call-center-con-experiencia-en-claro-hogar-colombia-ingreso-inmediato-en-venta-sin-techo-y-crecimiento-en-bogota-dc-D0D0BC0C7F936FC161373E686DCF3405 → HTTP 200 (171,938 chars)
2026-09-27 14:36:01,416 INFO     ┌─ SCRAPED JOB ─────────────────────────────────────────
    │ URL          : https://co.computrabajo.com/ofertas-de-trabajo/oferta-de-trabajo-de-asesor-comercial-call-center-con-experiencia-en-claro-hogar-colombia-ingreso-inmediato-en-venta-sin-techo-y-crecimiento-en-bogota-dc-D0D0BC0C7F936FC161373E686DCF3405
    │ Title        : Asesor Comercial Call Center con Experiencia en Claro Hogar Colombia - Ingreso Inmediato en Venta Sin Techo y Crecimiento
    │ Company      : ASISTE ING BPO
    │ Location     : Bogotá, D.C.
    │ Job type     : full-time
    │ Salary       : 2000000 COP
    │ Industry     : Telecomunicaciones
    │ Date posted  : 2026-09-23
    │ Deadline     : 2026-11-22
    │ External ID  : 5C5691498D4E9CA9
    │ Description  : ¿Tienes experiencia con Claro Hogar Colombia? Crece con nosotros y potencia tus ingresos. Te ofrecemos: 3 días de capacitación para retomar la gestión comercial, remunerados a $50.000 cada uno al firm…
    └───────────────────────────────────────────────────────
2026-09-27 14:36:02,120 DEBUG https://colombia.mimusjobs.com:443 "GET /wp-json/wp/v2/companies?slug=asiste-ing-bpo HTTP/1.1" 200 None
2026-09-27 14:36:02,121 INFO ⏭ Company exists: ASISTE ING BPO
2026-09-27 14:36:03,011 DEBUG https://colombia.mimusjobs.com:443 "GET /wp-json/wp/v2/job-listings?slug=asesor-comercial-call-center-con-experiencia-en-claro-hogar-colombia---ingreso-i HTTP/1.1" 200 None
2026-09-27 14:36:03,015 DEBUG https://ii.ct-stc.com:443 "GET /1/logos/empresas/2025/12/04/fae798645d8f4f578bdd150532046thumbnail.jpg HTTP/1.1" 200 6405
2026-09-27 14:36:04,370 DEBUG https://colombia.mimusjobs.com:443 "POST /wp-json/wp/v2/media HTTP/1.1" 201 None
2026-09-27 14:36:05,799 DEBUG https://colombia.mimusjobs.com:443 "POST /wp-json/wp/v2/job-listings HTTP/1.1" 201 None
2026-09-27 14:36:05,799 INFO ✅ Job posted: 'Asesor Comercial Call Center con Experiencia en Claro Hogar Colombia - Ingreso Inmediato en Venta Sin Techo y Crecimiento' → WP ID 40050
2026-09-27 14:36:05,799 INFO ✅ SUCCESS — 'Asesor Comercial Call Center con Experiencia en Claro Hogar Colombia - Ingreso Inmediato en Venta Sin Techo y Crecimiento' → WP ID=40050 🔗 https://colombia.mimusjobs.com/job/asesor-comercial-call-center-con-experiencia-en-claro-hogar-colombia-ingreso-inmediato-en-venta-sin-techo-y-crecimiento/
2026-09-27 14:36:06,800 INFO ── https://co.computrabajo.com/empleos-en-bogota-dc | page 4 | job 16/20: https://co.computrabajo.com/ofertas-de-trabajo/oferta-de-trabajo-de-monitor-de-calidad-call-center-en-bogota-dc-741552519427970D61373E686DCF3405
2026-09-27 14:36:06,899 DEBUG https://co.computrabajo.com:443 "GET /ofertas-de-trabajo/oferta-de-trabajo-de-monitor-de-calidad-call-center-en-bogota-dc-741552519427970D61373E686DCF3405 HTTP/1.1" 200 None
2026-09-27 14:36:06,901 DEBUG     GET https://co.computrabajo.com/ofertas-de-trabajo/oferta-de-trabajo-de-monitor-de-calidad-call-center-en-bogota-dc-741552519427970D61373E686DCF3405 → HTTP 200 (170,933 chars)
2026-09-27 14:36:06,920 INFO     ┌─ SCRAPED JOB ─────────────────────────────────────────
    │ URL          : https://co.computrabajo.com/ofertas-de-trabajo/oferta-de-trabajo-de-monitor-de-calidad-call-center-en-bogota-dc-741552519427970D61373E686DCF3405
    │ Title        : Monitor de Calidad - Call Center
    │ Company      : Grupo Soluciones Horizonte
    │ Location     : Bogotá, D.C.
    │ Job type     : full-time
    │ Salary       : 2400000 COP
    │ Industry     : RRHH / Personal
    │ Date posted  : 2026-08-26
    │ Deadline     : 2026-10-25
    │ External ID  : 6BED3200A0B02A11
    │ Description  : ¡Estamos contratando! Monitor de Calidad – Call Center Telecomunicaciones (Claro Chile) Te apasiona la calidad, el análisis y la mejora continua? ¡Esta oportunidad es para ti! Temporal Grupo Solucione…
    └───────────────────────────────────────────────────────
2026-09-27 14:36:07,593 DEBUG https://colombia.mimusjobs.com:443 "GET /wp-json/wp/v2/companies?slug=grupo-soluciones-horizonte HTTP/1.1" 200 None
2026-09-27 14:36:07,593 INFO ⏭ Company exists: Grupo Soluciones Horizonte
2026-09-27 14:36:08,254 DEBUG https://colombia.mimusjobs.com:443 "GET /wp-json/wp/v2/job-listings?slug=monitor-de-calidad---call-center HTTP/1.1" 200 None
2026-09-27 14:36:08,254 INFO ⏭ Job already on WP: Monitor de Calidad - Call Center
2026-09-27 14:36:08,254 INFO ✅ SUCCESS — 'Monitor de Calidad - Call Center' → WP ID=15824 🔗 https://colombia.mimusjobs.com/job/monitor-de-calidad-call-center/
2026-09-27 14:36:09,255 INFO ── https://co.computrabajo.com/empleos-en-bogota-dc | page 4 | job 17/20: https://co.computrabajo.com/ofertas-de-trabajo/oferta-de-trabajo-de-237963-asesor-a-call-center-claro-soporte-cliente-colombiano-solo-atencion-al-cliente-en-bogota-dc-1641B1782207F31261373E686DCF3405
2026-09-27 14:36:09,360 DEBUG https://co.computrabajo.com:443 "GET /ofertas-de-trabajo/oferta-de-trabajo-de-237963-asesor-a-call-center-claro-soporte-cliente-colombiano-solo-atencion-al-cliente-en-bogota-dc-1641B1782207F31261373E686DCF3405 HTTP/1.1" 200 None
2026-09-27 14:36:09,363 DEBUG     GET https://co.computrabajo.com/ofertas-de-trabajo/oferta-de-trabajo-de-237963-asesor-a-call-center-claro-soporte-cliente-colombiano-solo-atencion-al-cliente-en-bogota-dc-1641B1782207F31261373E686DCF3405 → HTTP 200 (185,452 chars)
2026-09-27 14:36:09,386 INFO     ┌─ SCRAPED JOB ─────────────────────────────────────────
    │ URL          : https://co.computrabajo.com/ofertas-de-trabajo/oferta-de-trabajo-de-237963-asesor-a-call-center-claro-soporte-cliente-colombiano-solo-atencion-al-cliente-en-bogota-dc-1641B1782207F31261373E686DCF3405
    │ Title        : 237963 Asesor (a) call Center claro soporte cliente colombiano - Solo atención al cliente
    │ Company      : KONECTA
    │ Location     : Bogotá, D.C.
    │ Job type     : part-time
    │ Salary       : 2000000 COP
    │ Industry     : Telecomunicaciones
    │ Date posted  : 2026-08-02
    │ Deadline     : 2026-10-01
    │ External ID  : D4BCE52B57A8B87C
    │ Description  : Claro Soporte Empresas 
Soporte a servicios fijos (Internet, TV, telefonía) soporte se enfoca en primer nivel es decir descartes filtros de red interna y buscar soluciones al cliente en lo posible en …
    └───────────────────────────────────────────────────────
2026-09-27 14:36:10,007 DEBUG https://colombia.mimusjobs.com:443 "GET /wp-json/wp/v2/companies?slug=konecta HTTP/1.1" 200 None
2026-09-27 14:36:10,007 INFO ⏭ Company exists: KONECTA
2026-09-27 14:36:10,563 DEBUG https://colombia.mimusjobs.com:443 "GET /wp-json/wp/v2/job-listings?slug=237963-asesor--a--call-center-claro-soporte-cliente-colombiano---solo-atenci-n-a HTTP/1.1" 200 None
2026-09-27 14:36:10,590 DEBUG https://ii.ct-stc.com:443 "GET /1/logos/empresas/2017/08/04/allus-global-bpo-center-D4BCE52B57A8B87C142702thumbnail.jpeg HTTP/1.1" 200 2724
2026-09-27 14:36:11,889 DEBUG https://colombia.mimusjobs.com:443 "POST /wp-json/wp/v2/media HTTP/1.1" 201 None
2026-09-27 14:36:13,166 DEBUG https://colombia.mimusjobs.com:443 "POST /wp-json/wp/v2/job-listings HTTP/1.1" 201 None
2026-09-27 14:36:13,167 INFO ✅ Job posted: '237963 Asesor (a) call Center claro soporte cliente colombiano - Solo atención al cliente' → WP ID 40052
2026-09-27 14:36:13,167 INFO ✅ SUCCESS — '237963 Asesor (a) call Center claro soporte cliente colombiano - Solo atención al cliente' → WP ID=40052 🔗 https://colombia.mimusjobs.com/job/237963-asesor-a-call-center-claro-soporte-cliente-colombiano-solo-atencion-al-cliente-4/
2026-09-27 14:36:14,167 INFO ── https://co.computrabajo.com/empleos-en-bogota-dc | page 4 | job 18/20: https://co.computrabajo.com/ofertas-de-trabajo/oferta-de-trabajo-de-ejecutivo-comercial-y-conferencista-nacional-ventas-grupales-norte-de-bogota-urgente-en-bogota-dc-8C115223EBC0095E61373E686DCF3405
2026-09-27 14:36:14,379 DEBUG https://co.computrabajo.com:443 "GET /ofertas-de-trabajo/oferta-de-trabajo-de-ejecutivo-comercial-y-conferencista-nacional-ventas-grupales-norte-de-bogota-urgente-en-bogota-dc-8C115223EBC0095E61373E686DCF3405 HTTP/1.1" 200 None
2026-09-27 14:36:14,382 DEBUG     GET https://co.computrabajo.com/ofertas-de-trabajo/oferta-de-trabajo-de-ejecutivo-comercial-y-conferencista-nacional-ventas-grupales-norte-de-bogota-urgente-en-bogota-dc-8C115223EBC0095E61373E686DCF3405 → HTTP 200 (176,112 chars)
2026-09-27 14:36:14,404 INFO     ┌─ SCRAPED JOB ─────────────────────────────────────────
    │ URL          : https://co.computrabajo.com/ofertas-de-trabajo/oferta-de-trabajo-de-ejecutivo-comercial-y-conferencista-nacional-ventas-grupales-norte-de-bogota-urgente-en-bogota-dc-8C115223EBC0095E61373E686DCF3405
    │ Title        : Ejecutivo Comercial y conferencista Nacional // Ventas Grupales - Norte de Bogotá, Urgente
    │ Company      : PROYECCIÓN LABORAL S.A.S.
    │ Location     : Bogotá, D.C.
    │ Job type     : full-time
    │ Salary       : 2300000 COP
    │ Industry     : RRHH / Personal
    │ Date posted  : 2026-08-10
    │ Deadline     : 2026-10-09
    │ External ID  : 0AC901B3CFF20E71
    │ Description  : Importante empresa del sector está en búsqueda de Ejecutivo Comercial y conferencista Nacional - Ventas Grupales y Convenios Corporativos. Buscamos gestores comerciales con experiencia en manejo de li…
    └───────────────────────────────────────────────────────
2026-09-27 14:36:15,046 DEBUG https://colombia.mimusjobs.com:443 "GET /wp-json/wp/v2/companies?slug=proyecci-n-laboral-s-a-s- HTTP/1.1" 200 None
2026-09-27 14:36:15,070 DEBUG https://ii.ct-stc.com:443 "GET /1/logos/empresas/2017/05/25/proyeccion-laboral-0AC901B3CFF20E71211842thumbnail.png HTTP/1.1" 200 43686
2026-09-27 14:36:16,571 DEBUG https://colombia.mimusjobs.com:443 "POST /wp-json/wp/v2/media HTTP/1.1" 201 None
2026-09-27 14:36:18,004 DEBUG https://colombia.mimusjobs.com:443 "POST /wp-json/wp/v2/companies HTTP/1.1" 201 None
2026-09-27 14:36:18,004 INFO ✅ Company posted: PROYECCIÓN LABORAL S.A.S. → ID 40054
2026-09-27 14:36:18,830 DEBUG https://colombia.mimusjobs.com:443 "GET /wp-json/wp/v2/job-listings?slug=ejecutivo-comercial-y-conferencista-nacional----ventas-grupales---norte-de-bogot HTTP/1.1" 200 None
2026-09-27 14:36:18,835 DEBUG https://ii.ct-stc.com:443 "GET /1/logos/empresas/2017/05/25/proyeccion-laboral-0AC901B3CFF20E71211842thumbnail.png HTTP/1.1" 200 43686
2026-09-27 14:36:21,652 DEBUG https://colombia.mimusjobs.com:443 "POST /wp-json/wp/v2/media HTTP/1.1" 201 None
2026-09-27 14:36:22,892 DEBUG https://colombia.mimusjobs.com:443 "POST /wp-json/wp/v2/job-listings HTTP/1.1" 201 None
2026-09-27 14:36:22,893 INFO ✅ Job posted: 'Ejecutivo Comercial y conferencista Nacional // Ventas Grupales - Norte de Bogotá, Urgente' → WP ID 40057
2026-09-27 14:36:22,893 INFO ✅ SUCCESS — 'Ejecutivo Comercial y conferencista Nacional // Ventas Grupales - Norte de Bogotá, Urgente' → WP ID=40057 🔗 https://colombia.mimusjobs.com/job/ejecutivo-comercial-y-conferencista-nacional-ventas-grupales-norte-de-bogota-urgente-2/
2026-09-27 14:36:23,893 INFO ── https://co.computrabajo.com/empleos-en-bogota-dc | page 4 | job 19/20: https://co.computrabajo.com/ofertas-de-trabajo/oferta-de-trabajo-de-tecnico-a-mantenimiento-base-en-bogota-dc-9F49C5ACEED4C40461373E686DCF3405
2026-09-27 14:36:23,997 DEBUG https://co.computrabajo.com:443 "GET /ofertas-de-trabajo/oferta-de-trabajo-de-tecnico-a-mantenimiento-base-en-bogota-dc-9F49C5ACEED4C40461373E686DCF3405 HTTP/1.1" 200 None
2026-09-27 14:36:24,000 DEBUG     GET https://co.computrabajo.com/ofertas-de-trabajo/oferta-de-trabajo-de-tecnico-a-mantenimiento-base-en-bogota-dc-9F49C5ACEED4C40461373E686DCF3405 → HTTP 200 (186,326 chars)
2026-09-27 14:36:24,023 INFO     ┌─ SCRAPED JOB ─────────────────────────────────────────
    │ URL          : https://co.computrabajo.com/ofertas-de-trabajo/oferta-de-trabajo-de-tecnico-a-mantenimiento-base-en-bogota-dc-9F49C5ACEED4C40461373E686DCF3405
    │ Title        : Técnico (a) mantenimiento base
    │ Company      : Grupo Éxito
    │ Location     : Bogotá, D.C.
    │ Job type     : full-time
    │ Salary       : 2090300 COP
    │ Industry     : Venta al consumidor
    │ Date posted  : 2026-08-26
    │ Deadline     : 2026-10-25
    │ External ID  : A3FE4694CF374090
    │ Description  : Oportunidad para Técnico (a) de mantenimiento base en Grupo Éxito.
Funciones
Gestionar el mantenimiento preventivo y correctivo de instalaciones.
Analizar informes de mantenimiento y proponer mejoras.…
    └───────────────────────────────────────────────────────
2026-09-27 14:36:24,662 DEBUG https://colombia.mimusjobs.com:443 "GET /wp-json/wp/v2/companies?slug=grupo--xito HTTP/1.1" 200 None
2026-09-27 14:36:24,807 DEBUG https://ii.ct-stc.com:443 "GET /1/logos/empresas/2021/08/06/69ebb942f8f24b46afa0201838978thumbnail.png HTTP/1.1" 200 5854
2026-09-27 14:36:25,982 DEBUG https://colombia.mimusjobs.com:443 "POST /wp-json/wp/v2/media HTTP/1.1" 201 None
2026-09-27 14:36:27,002 DEBUG https://colombia.mimusjobs.com:443 "POST /wp-json/wp/v2/companies HTTP/1.1" 201 None
2026-09-27 14:36:27,002 INFO ✅ Company posted: Grupo Éxito → ID 40060
2026-09-27 14:36:27,871 DEBUG https://colombia.mimusjobs.com:443 "GET /wp-json/wp/v2/job-listings?slug=t-cnico--a--mantenimiento-base HTTP/1.1" 200 None
2026-09-27 14:36:27,897 DEBUG https://ii.ct-stc.com:443 "GET /1/logos/empresas/2021/08/06/69ebb942f8f24b46afa0201838978thumbnail.png HTTP/1.1" 200 5854
2026-09-27 14:36:28,832 DEBUG https://colombia.mimusjobs.com:443 "POST /wp-json/wp/v2/media HTTP/1.1" 201 None
2026-09-27 14:36:30,159 DEBUG https://colombia.mimusjobs.com:443 "POST /wp-json/wp/v2/job-listings HTTP/1.1" 201 None
2026-09-27 14:36:30,159 INFO ✅ Job posted: 'Técnico (a) mantenimiento base' → WP ID 40062
2026-09-27 14:36:30,160 INFO ✅ SUCCESS — 'Técnico (a) mantenimiento base' → WP ID=40062 🔗 https://colombia.mimusjobs.com/job/tecnico-a-mantenimiento-base-3/
2026-09-27 14:36:31,160 INFO ── https://co.computrabajo.com/empleos-en-bogota-dc | page 4 | job 20/20: https://co.computrabajo.com/ofertas-de-trabajo/oferta-de-trabajo-de-tecnico-a-mantenimiento-cubiertas-civil-en-bogota-dc-124D04F51C93CC6C61373E686DCF3405
2026-09-27 14:36:31,244 DEBUG https://co.computrabajo.com:443 "GET /ofertas-de-trabajo/oferta-de-trabajo-de-tecnico-a-mantenimiento-cubiertas-civil-en-bogota-dc-124D04F51C93CC6C61373E686DCF3405 HTTP/1.1" 200 None
2026-09-27 14:36:31,247 DEBUG     GET https://co.computrabajo.com/ofertas-de-trabajo/oferta-de-trabajo-de-tecnico-a-mantenimiento-cubiertas-civil-en-bogota-dc-124D04F51C93CC6C61373E686DCF3405 → HTTP 200 (186,055 chars)
2026-09-27 14:36:31,270 INFO     ┌─ SCRAPED JOB ─────────────────────────────────────────
    │ URL          : https://co.computrabajo.com/ofertas-de-trabajo/oferta-de-trabajo-de-tecnico-a-mantenimiento-cubiertas-civil-en-bogota-dc-124D04F51C93CC6C61373E686DCF3405
    │ Title        : Técnico (a) mantenimiento cubiertas civil
    │ Company      : Grupo Éxito
    │ Location     : Bogotá, D.C.
    │ Job type     : full-time
    │ Salary       : 3301700 COP
    │ Industry     : Venta al consumidor
    │ Date posted  : 2026-08-26
    │ Deadline     : 2026-10-25
    │ External ID  : A3FE4694CF374090
    │ Description  : Grupo Éxito requiere para su equipo de trabajo personal técnico/a o en áreas relacionadas a impermeabilización, acabados, enchape, mampostería, muros y demás temas civiles, cubiertas · Dentro de sus f…
    └───────────────────────────────────────────────────────
2026-09-27 14:36:31,980 DEBUG https://colombia.mimusjobs.com:443 "GET /wp-json/wp/v2/companies?slug=grupo--xito HTTP/1.1" 200 None
2026-09-27 14:36:31,983 DEBUG https://ii.ct-stc.com:443 "GET /1/logos/empresas/2021/08/06/69ebb942f8f24b46afa0201838978thumbnail.png HTTP/1.1" 200 5854
2026-09-27 14:36:33,104 DEBUG https://colombia.mimusjobs.com:443 "POST /wp-json/wp/v2/media HTTP/1.1" 201 None
2026-09-27 14:36:34,620 DEBUG https://colombia.mimusjobs.com:443 "POST /wp-json/wp/v2/companies HTTP/1.1" 201 None
2026-09-27 14:36:34,620 INFO ✅ Company posted: Grupo Éxito → ID 40065
2026-09-27 14:36:35,262 DEBUG https://colombia.mimusjobs.com:443 "GET /wp-json/wp/v2/job-listings?slug=t-cnico--a--mantenimiento-cubiertas-civil HTTP/1.1" 200 None
2026-09-27 14:36:35,266 DEBUG https://ii.ct-stc.com:443 "GET /1/logos/empresas/2021/08/06/69ebb942f8f24b46afa0201838978thumbnail.png HTTP/1.1" 200 5854
2026-09-27 14:36:36,751 DEBUG https://colombia.mimusjobs.com:443 "POST /wp-json/wp/v2/media HTTP/1.1" 201 None
2026-09-27 14:36:38,379 DEBUG https://colombia.mimusjobs.com:443 "POST /wp-json/wp/v2/job-listings HTTP/1.1" 201 None
2026-09-27 14:36:38,380 INFO ✅ Job posted: 'Técnico (a) mantenimiento cubiertas civil' → WP ID 40067
2026-09-27 14:36:38,380 INFO ✅ SUCCESS — 'Técnico (a) mantenimiento cubiertas civil' → WP ID=40067 🔗 https://colombia.mimusjobs.com/job/tecnico-a-mantenimiento-cubiertas-civil-2/
2026-09-27 14:36:39,381 INFO 📊 Running totals — posted: 75 | skipped: 5 | failed: 0
2026-09-27 14:36:39,381 INFO Fetching listing page 5: https://co.computrabajo.com/empleos-en-bogota-dc?p=5
2026-09-27 14:36:39,495 DEBUG https://co.computrabajo.com:443 "GET /empleos-en-bogota-dc?p=5 HTTP/1.1" 200 None
2026-09-27 14:36:39,500 DEBUG     GET https://co.computrabajo.com/empleos-en-bogota-dc?p=5 → HTTP 200 (330,067 chars)
2026-09-27 14:36:39,560 INFO Found 20 job URLs on page 5
2026-09-27 14:36:39,560 DEBUG     job 1: https://co.computrabajo.com/ofertas-de-trabajo/oferta-de-trabajo-de-agente-call-center-entidad-financiera-en-bogota-dc-0A10C5EA6531EDD061373E686DCF3405
2026-09-27 14:36:39,560 DEBUG     job 2: https://co.computrabajo.com/ofertas-de-trabajo/oferta-de-trabajo-de-asesor-comercialtarjetas-de-credito-en-bogota-dc-350BECA7DC51540B61373E686DCF3405
2026-09-27 14:36:39,560 DEBUG     job 3: https://co.computrabajo.com/ofertas-de-trabajo/oferta-de-trabajo-de-conductor-camioneta-panel-paqueteria-masiva-contacto-directo-por-whatsapp-en-bogota-dc-672636B7B0F23E0261373E686DCF3405
2026-09-27 14:36:39,560 DEBUG     job 4: https://co.computrabajo.com/ofertas-de-trabajo/oferta-de-trabajo-de-buscamos-auxiliar-punto-de-venta-en-bogota-dc-1A52361B6BC8B12961373E686DCF3405
2026-09-27 14:36:39,560 DEBUG     job 5: https://co.computrabajo.com/ofertas-de-trabajo/oferta-de-trabajo-de-buscamos-domiciliarios-con-moto-excelentes-ingresos-postulate-ya-en-bogota-dc-26385853F458823B61373E686DCF3405
2026-09-27 14:36:39,560 DEBUG     job 6: https://co.computrabajo.com/ofertas-de-trabajo/oferta-de-trabajo-de-jefe-de-mantenimiento-industrial-en-bogota-dc-C78ACEECAB395FB861373E686DCF3405
2026-09-27 14:36:39,560 DEBUG     job 7: https://co.computrabajo.com/ofertas-de-trabajo/oferta-de-trabajo-de-cajeroa-aux-supernumerario-atencion-al-cliente-zona-centro-de-bogota-en-bogota-dc-48E1E4BDF9E6B3D461373E686DCF3405
2026-09-27 14:36:39,560 DEBUG     job 8: https://co.computrabajo.com/ofertas-de-trabajo/oferta-de-trabajo-de-conductor-viajero-contratacion-inmediata-en-bogota-dc-69479BF11CC3981261373E686DCF3405
2026-09-27 14:36:39,560 DEBUG     job 9: https://co.computrabajo.com/ofertas-de-trabajo/oferta-de-trabajo-de-conductor-patio-tractomula-c3-en-bogota-dc-A2B87CA795F8BFC761373E686DCF3405
2026-09-27 14:36:39,560 DEBUG     job 10: https://co.computrabajo.com/ofertas-de-trabajo/oferta-de-trabajo-de-facilitador-comercialejecutivo-experiencia-en-el-sector-logistico-o-transporte-en-bogota-dc-FE09537A470B254961373E686DCF3405
2026-09-27 14:36:39,560 DEBUG     job 11: https://co.computrabajo.com/ofertas-de-trabajo/oferta-de-trabajo-de-auxiliar-logistico-sector-automotriz-experiencia-en-manejo-de-repuestos-en-bogota-dc-F23922FFE8F286AA61373E686DCF3405
2026-09-27 14:36:39,560 DEBUG     job 12: https://co.computrabajo.com/ofertas-de-trabajo/oferta-de-trabajo-de-conductor-patio-contratacion-inmediata-en-bogota-dc-E3B6A6CF6390AB4C61373E686DCF3405
2026-09-27 14:36:39,560 DEBUG     job 13: https://co.computrabajo.com/ofertas-de-trabajo/oferta-de-trabajo-de-montacarguista-operador-de-montacargas-1-ano-de-experiencia-contratacion-inmediata-en-bogota-dc-F8A8B4269333110261373E686DCF3405
2026-09-27 14:36:39,560 DEBUG     job 14: https://co.computrabajo.com/ofertas-de-trabajo/oferta-de-trabajo-de-conductor-repartidor-en-bogota-dc-E7C3501C80ECC84E61373E686DCF3405
2026-09-27 14:36:39,560 DEBUG     job 15: https://co.computrabajo.com/ofertas-de-trabajo/oferta-de-trabajo-de-operario-de-limpieza-y-desinfeccion-zona-norte-bogota-en-bogota-dc-DD36D33618B167DF61373E686DCF3405
2026-09-27 14:36:39,560 DEBUG     job 16: https://co.computrabajo.com/ofertas-de-trabajo/oferta-de-trabajo-de-agente-call-center-remoto-en-bogota-dc-9D83DFA2E63E36C861373E686DCF3405
2026-09-27 14:36:39,560 DEBUG     job 17: https://co.computrabajo.com/ofertas-de-trabajo/oferta-de-trabajo-de-teletrabajo-en-bogota-dc-C1056E854A0F36FF61373E686DCF3405
2026-09-27 14:36:39,560 DEBUG     job 18: https://co.computrabajo.com/ofertas-de-trabajo/oferta-de-trabajo-de-asesor-comercial-proyectos-de-vivienda-bogota-en-bogota-dc-9742CD3E8EAE7D5161373E686DCF3405
2026-09-27 14:36:39,560 DEBUG     job 19: https://co.computrabajo.com/ofertas-de-trabajo/oferta-de-trabajo-de-coordinador-de-seleccion-bogota-en-bogota-dc-5D093647CF1CBFA561373E686DCF3405
2026-09-27 14:36:39,560 DEBUG     job 20: https://co.computrabajo.com/ofertas-de-trabajo/oferta-de-trabajo-de-ingeniero-desarrollo-en-inteligencia-artificial-en-bogota-dc-CE4331CC318B281F61373E686DCF3405
2026-09-27 14:36:39,561 INFO ── https://co.computrabajo.com/empleos-en-bogota-dc | page 5 | job 1/20: https://co.computrabajo.com/ofertas-de-trabajo/oferta-de-trabajo-de-agente-call-center-entidad-financiera-en-bogota-dc-0A10C5EA6531EDD061373E686DCF3405
2026-09-27 14:36:39,640 DEBUG https://co.computrabajo.com:443 "GET /ofertas-de-trabajo/oferta-de-trabajo-de-agente-call-center-entidad-financiera-en-bogota-dc-0A10C5EA6531EDD061373E686DCF3405 HTTP/1.1" 200 None
2026-09-27 14:36:39,643 DEBUG     GET https://co.computrabajo.com/ofertas-de-trabajo/oferta-de-trabajo-de-agente-call-center-entidad-financiera-en-bogota-dc-0A10C5EA6531EDD061373E686DCF3405 → HTTP 200 (151,341 chars)
2026-09-27 14:36:39,658 WARNING No JobPosting JSON-LD found, using HTML fallback: https://co.computrabajo.com/ofertas-de-trabajo/oferta-de-trabajo-de-agente-call-center-entidad-financiera-en-bogota-dc-0A10C5EA6531EDD061373E686DCF3405
2026-09-27 14:36:39,659 INFO     ┌─ SCRAPED JOB ─────────────────────────────────────────
    │ URL          : https://co.computrabajo.com/ofertas-de-trabajo/oferta-de-trabajo-de-agente-call-center-entidad-financiera-en-bogota-dc-0A10C5EA6531EDD061373E686DCF3405
    │ Title        : Agente call center entidad financiera
    │ Company      : Importante empresa del sector
    │ Location     : Bogotá, D.C., Bogotá, D.C.
    │ Job type     : full-time
    │ Salary       : $ 2.000.000,00 (Mensual) COP
    │ Industry     : (none)
    │ Date posted  : (unknown)
    │ Deadline     : (estimated: )
    │ External ID  : (none)
    │ Description  : ¡HAZ PARTE DEL SECTOR FINANCIERO Y POTENCIA TU TALENTO COMERCIAL! 
¿Te apasionan las ventas y quieres crecer profesionalmente en una importante entidad financiera?
¡Esta oportunidad es para ti! 
 CARG…
    └───────────────────────────────────────────────────────
2026-09-27 14:36:40,300 DEBUG https://colombia.mimusjobs.com:443 "GET /wp-json/wp/v2/companies?slug=importante-empresa-del-sector HTTP/1.1" 200 None
2026-09-27 14:36:40,300 INFO ⏭ Company exists: Importante empresa del sector
2026-09-27 14:36:41,457 DEBUG https://colombia.mimusjobs.com:443 "GET /wp-json/wp/v2/job-listings?slug=agente-call-center-entidad-financiera HTTP/1.1" 200 None
2026-09-27 14:36:41,457 INFO ⏭ Job already on WP: Agente call center entidad financiera
2026-09-27 14:36:41,457 INFO ✅ SUCCESS — 'Agente call center entidad financiera' → WP ID=11894 🔗 https://colombia.mimusjobs.com/job/agente-call-center-entidad-financiera/
2026-09-27 14:36:42,458 INFO ── https://co.computrabajo.com/empleos-en-bogota-dc | page 5 | job 2/20: https://co.computrabajo.com/ofertas-de-trabajo/oferta-de-trabajo-de-asesor-comercialtarjetas-de-credito-en-bogota-dc-350BECA7DC51540B61373E686DCF3405
2026-09-27 14:36:42,563 DEBUG https://co.computrabajo.com:443 "GET /ofertas-de-trabajo/oferta-de-trabajo-de-asesor-comercialtarjetas-de-credito-en-bogota-dc-350BECA7DC51540B61373E686DCF3405 HTTP/1.1" 200 None
2026-09-27 14:36:42,566 DEBUG     GET https://co.computrabajo.com/ofertas-de-trabajo/oferta-de-trabajo-de-asesor-comercialtarjetas-de-credito-en-bogota-dc-350BECA7DC51540B61373E686DCF3405 → HTTP 200 (174,479 chars)
2026-09-27 14:36:42,588 INFO     ┌─ SCRAPED JOB ─────────────────────────────────────────
    │ URL          : https://co.computrabajo.com/ofertas-de-trabajo/oferta-de-trabajo-de-asesor-comercialtarjetas-de-credito-en-bogota-dc-350BECA7DC51540B61373E686DCF3405
    │ Title        : Asesor comercial/tarjetas de crédito
    │ Company      : ATENTO S.A.
    │ Location     : Bogotá, D.C.
    │ Job type     : full-time
    │ Salary       : 2000000 COP
    │ Industry     : Telecomunicaciones
    │ Date posted  : 2026-09-11
    │ Deadline     : 2026-11-10
    │ External ID  : 91481E3A2932E4CF
    │ Description  : ¿Buscas estabilidad laboral y oportunidades de crecimiento? ¡Esta es tu oportunidad!
 Perfil: Técnicos, Tecnólogos o Profesionales en áreas Administrativas, Sistemas o Telecomunicaciones.
 Bogotá Moda…
    └───────────────────────────────────────────────────────
2026-09-27 14:36:43,415 DEBUG https://colombia.mimusjobs.com:443 "GET /wp-json/wp/v2/companies?slug=atento-s-a- HTTP/1.1" 200 None
2026-09-27 14:36:43,416 INFO ⏭ Company exists: ATENTO S.A.
2026-09-27 14:36:44,093 DEBUG https://colombia.mimusjobs.com:443 "GET /wp-json/wp/v2/job-listings?slug=asesor-comercial-tarjetas-de-cr-dito HTTP/1.1" 200 None
2026-09-27 14:36:44,352 DEBUG https://ii.ct-stc.com:443 "GET /1/logos/empresas/2025/03/18//atento141338thumbnail.png HTTP/1.1" 200 4847
2026-09-27 14:36:46,237 DEBUG https://colombia.mimusjobs.com:443 "POST /wp-json/wp/v2/media HTTP/1.1" 201 None
2026-09-27 14:36:47,239 DEBUG https://colombia.mimusjobs.com:443 "POST /wp-json/wp/v2/job-listings HTTP/1.1" 201 None
2026-09-27 14:36:47,239 INFO ✅ Job posted: 'Asesor comercial/tarjetas de crédito' → WP ID 40071
2026-09-27 14:36:47,239 INFO ✅ SUCCESS — 'Asesor comercial/tarjetas de crédito' → WP ID=40071 🔗 https://colombia.mimusjobs.com/job/asesor-comercial-tarjetas-de-credito-25/
2026-09-27 14:36:48,239 INFO ── https://co.computrabajo.com/empleos-en-bogota-dc | page 5 | job 3/20: https://co.computrabajo.com/ofertas-de-trabajo/oferta-de-trabajo-de-conductor-camioneta-panel-paqueteria-masiva-contacto-directo-por-whatsapp-en-bogota-dc-672636B7B0F23E0261373E686DCF3405
2026-09-27 14:36:48,336 DEBUG https://co.computrabajo.com:443 "GET /ofertas-de-trabajo/oferta-de-trabajo-de-conductor-camioneta-panel-paqueteria-masiva-contacto-directo-por-whatsapp-en-bogota-dc-672636B7B0F23E0261373E686DCF3405 HTTP/1.1" 200 None
2026-09-27 14:36:48,339 DEBUG     GET https://co.computrabajo.com/ofertas-de-trabajo/oferta-de-trabajo-de-conductor-camioneta-panel-paqueteria-masiva-contacto-directo-por-whatsapp-en-bogota-dc-672636B7B0F23E0261373E686DCF3405 → HTTP 200 (172,830 chars)
2026-09-27 14:36:48,360 INFO     ┌─ SCRAPED JOB ─────────────────────────────────────────
    │ URL          : https://co.computrabajo.com/ofertas-de-trabajo/oferta-de-trabajo-de-conductor-camioneta-panel-paqueteria-masiva-contacto-directo-por-whatsapp-en-bogota-dc-672636B7B0F23E0261373E686DCF3405
    │ Title        : Conductor Camioneta panel paquetería masiva - Contacto directo por whatsapp
    │ Company      : envía
    │ Location     : Bogotá, D.C.
    │ Job type     : full-time
    │ Salary       : 2300000 COP
    │ Industry     : Transporte
    │ Date posted  : 2026-09-11
    │ Deadline     : 2026-11-10
    │ External ID  : 96A2767681ABFACB
    │ Description  : Se busca conductor de camioneta panel para paquetería masiva en Envía.
Funciones
Gestionar el transporte de paquetería y mensajería masiva dentro de la cuidad.
Coordinar rutas y horarios de entrega.
A…
    └───────────────────────────────────────────────────────
2026-09-27 14:36:49,177 DEBUG https://colombia.mimusjobs.com:443 "GET /wp-json/wp/v2/companies?slug=env-a HTTP/1.1" 200 None
2026-09-27 14:36:49,181 DEBUG https://ii.ct-stc.com:443 "GET /1/logos/empresas/2023/05/11/envia-mercancia-y-mensajeria-colvanes-sas-96A2767681ABFACB184131thumbnail.jpeg HTTP/1.1" 200 499759
2026-09-27 14:36:55,767 DEBUG https://colombia.mimusjobs.com:443 "POST /wp-json/wp/v2/media HTTP/1.1" 201 None
2026-09-27 14:36:57,282 DEBUG https://colombia.mimusjobs.com:443 "POST /wp-json/wp/v2/companies HTTP/1.1" 201 None
2026-09-27 14:36:57,284 INFO ✅ Company posted: envía → ID 40075
2026-09-27 14:36:58,062 DEBUG https://colombia.mimusjobs.com:443 "GET /wp-json/wp/v2/job-listings?slug=conductor-camioneta-panel-paqueter-a-masiva---contacto-directo-por-whatsapp HTTP/1.1" 200 None
2026-09-27 14:36:58,067 DEBUG https://ii.ct-stc.com:443 "GET /1/logos/empresas/2023/05/11/envia-mercancia-y-mensajeria-colvanes-sas-96A2767681ABFACB184131thumbnail.jpeg HTTP/1.1" 200 499759
2026-09-27 14:37:03,538 DEBUG https://colombia.mimusjobs.com:443 "POST /wp-json/wp/v2/media HTTP/1.1" 201 None
2026-09-27 14:37:04,731 DEBUG https://colombia.mimusjobs.com:443 "POST /wp-json/wp/v2/job-listings HTTP/1.1" 201 None
2026-09-27 14:37:04,840 INFO ✅ Job posted: 'Conductor Camioneta panel paquetería masiva - Contacto directo por whatsapp' → WP ID 40079
2026-09-27 14:37:04,841 INFO ✅ SUCCESS — 'Conductor Camioneta panel paquetería masiva - Contacto directo por whatsapp' → WP ID=40079 🔗 https://colombia.mimusjobs.com/job/conductor-camioneta-panel-paqueteria-masiva-contacto-directo-por-whatsapp-2/
2026-09-27 14:37:05,841 INFO ── https://co.computrabajo.com/empleos-en-bogota-dc | page 5 | job 4/20: https://co.computrabajo.com/ofertas-de-trabajo/oferta-de-trabajo-de-buscamos-auxiliar-punto-de-venta-en-bogota-dc-1A52361B6BC8B12961373E686DCF3405
2026-09-27 14:37:05,947 DEBUG https://co.computrabajo.com:443 "GET /ofertas-de-trabajo/oferta-de-trabajo-de-buscamos-auxiliar-punto-de-venta-en-bogota-dc-1A52361B6BC8B12961373E686DCF3405 HTTP/1.1" 200 None
2026-09-27 14:37:05,950 DEBUG     GET https://co.computrabajo.com/ofertas-de-trabajo/oferta-de-trabajo-de-buscamos-auxiliar-punto-de-venta-en-bogota-dc-1A52361B6BC8B12961373E686DCF3405 → HTTP 200 (171,013 chars)
2026-09-27 14:37:05,971 INFO     ┌─ SCRAPED JOB ─────────────────────────────────────────
    │ URL          : https://co.computrabajo.com/ofertas-de-trabajo/oferta-de-trabajo-de-buscamos-auxiliar-punto-de-venta-en-bogota-dc-1A52361B6BC8B12961373E686DCF3405
    │ Title        : Buscamos Auxiliar Punto de Venta
    │ Company      : Multiempleos S.A.
    │ Location     : Bogotá, D.C.
    │ Job type     : full-time
    │ Salary       : 1800000 COP
    │ Industry     : RRHH / Personal
    │ Date posted  : 2026-09-19
    │ Deadline     : 2026-11-18
    │ External ID  : 801E4844F985DA4D
    │ Description  : ¡Importante compañía del sector avícola está contratando! 
Buscamos Auxiliares de Punto de Venta para hacer parte de nuestro equipo 
 Funciones:
 Atención al cliente
 Manejo de caja
 Surtido y apoyo e…
    └───────────────────────────────────────────────────────
2026-09-27 14:37:06,890 DEBUG https://colombia.mimusjobs.com:443 "GET /wp-json/wp/v2/companies?slug=multiempleos-s-a- HTTP/1.1" 200 None
2026-09-27 14:37:06,891 INFO ⏭ Company exists: Multiempleos S.A.
2026-09-27 14:37:07,734 DEBUG https://colombia.mimusjobs.com:443 "GET /wp-json/wp/v2/job-listings?slug=buscamos-auxiliar-punto-de-venta HTTP/1.1" 200 None
2026-09-27 14:37:07,735 INFO ⏭ Job already on WP: Buscamos Auxiliar Punto de Venta
2026-09-27 14:37:07,735 INFO ✅ SUCCESS — 'Buscamos Auxiliar Punto de Venta' → WP ID=16609 🔗 https://colombia.mimusjobs.com/job/buscamos-auxiliar-punto-de-venta/
2026-09-27 14:37:08,735 INFO ── https://co.computrabajo.com/empleos-en-bogota-dc | page 5 | job 5/20: https://co.computrabajo.com/ofertas-de-trabajo/oferta-de-trabajo-de-buscamos-domiciliarios-con-moto-excelentes-ingresos-postulate-ya-en-bogota-dc-26385853F458823B61373E686DCF3405
2026-09-27 14:37:08,851 DEBUG https://co.computrabajo.com:443 "GET /ofertas-de-trabajo/oferta-de-trabajo-de-buscamos-domiciliarios-con-moto-excelentes-ingresos-postulate-ya-en-bogota-dc-26385853F458823B61373E686DCF3405 HTTP/1.1" 200 None
2026-09-27 14:37:08,854 DEBUG     GET https://co.computrabajo.com/ofertas-de-trabajo/oferta-de-trabajo-de-buscamos-domiciliarios-con-moto-excelentes-ingresos-postulate-ya-en-bogota-dc-26385853F458823B61373E686DCF3405 → HTTP 200 (175,543 chars)
2026-09-27 14:37:08,876 INFO     ┌─ SCRAPED JOB ─────────────────────────────────────────
    │ URL          : https://co.computrabajo.com/ofertas-de-trabajo/oferta-de-trabajo-de-buscamos-domiciliarios-con-moto-excelentes-ingresos-postulate-ya-en-bogota-dc-26385853F458823B61373E686DCF3405
    │ Title        : Buscamos domiciliarios con Moto, excelentes ingresos, postúlate YA
    │ Company      : Multiempleos S.A.
    │ Location     : Bogotá, D.C.
    │ Job type     : full-time
    │ Salary       : 1800000 COP
    │ Industry     : RRHH / Personal
    │ Date posted  : 2026-09-19
    │ Deadline     : 2026-11-18
    │ External ID  : 801E4844F985DA4D
    │ Description  : ¡DOMICILIARIOS CON MOTO ESTABILIDAD Y BUENAS GANANCIAS! 
Importante empresa del sector alimentos está en búsqueda de Domiciliarios con moto, responsables y comprometidos, para realizar entregas segura…
    └───────────────────────────────────────────────────────
2026-09-27 14:37:09,859 DEBUG https://colombia.mimusjobs.com:443 "GET /wp-json/wp/v2/companies?slug=multiempleos-s-a- HTTP/1.1" 200 None
2026-09-27 14:37:09,859 INFO ⏭ Company exists: Multiempleos S.A.
2026-09-27 14:37:11,173 DEBUG https://colombia.mimusjobs.com:443 "GET /wp-json/wp/v2/job-listings?slug=buscamos-domiciliarios-con-moto--excelentes-ingresos--post-late-ya HTTP/1.1" 200 None
2026-09-27 14:37:11,198 DEBUG https://ii.ct-stc.com:443 "GET /1/logos/empresas/2022/03/30//multiempleos152646thumbnail.png HTTP/1.1" 200 18199
2026-09-27 14:37:12,484 DEBUG https://colombia.mimusjobs.com:443 "POST /wp-json/wp/v2/media HTTP/1.1" 201 None
2026-09-27 14:37:13,922 DEBUG https://colombia.mimusjobs.com:443 "POST /wp-json/wp/v2/job-listings HTTP/1.1" 201 None
2026-09-27 14:37:13,922 INFO ✅ Job posted: 'Buscamos domiciliarios con Moto, excelentes ingresos, postúlate YA' → WP ID 40083
2026-09-27 14:37:13,923 INFO ✅ SUCCESS — 'Buscamos domiciliarios con Moto, excelentes ingresos, postúlate YA' → WP ID=40083 🔗 https://colombia.mimusjobs.com/job/buscamos-domiciliarios-con-moto-excelentes-ingresos-postulate-ya-2/
2026-09-27 14:37:14,923 INFO ── https://co.computrabajo.com/empleos-en-bogota-dc | page 5 | job 6/20: https://co.computrabajo.com/ofertas-de-trabajo/oferta-de-trabajo-de-jefe-de-mantenimiento-industrial-en-bogota-dc-C78ACEECAB395FB861373E686DCF3405
2026-09-27 14:37:15,020 DEBUG https://co.computrabajo.com:443 "GET /ofertas-de-trabajo/oferta-de-trabajo-de-jefe-de-mantenimiento-industrial-en-bogota-dc-C78ACEECAB395FB861373E686DCF3405 HTTP/1.1" 200 None
2026-09-27 14:37:15,023 DEBUG     GET https://co.computrabajo.com/ofertas-de-trabajo/oferta-de-trabajo-de-jefe-de-mantenimiento-industrial-en-bogota-dc-C78ACEECAB395FB861373E686DCF3405 → HTTP 200 (177,563 chars)
2026-09-27 14:37:15,044 INFO     ┌─ SCRAPED JOB ─────────────────────────────────────────
    │ URL          : https://co.computrabajo.com/ofertas-de-trabajo/oferta-de-trabajo-de-jefe-de-mantenimiento-industrial-en-bogota-dc-C78ACEECAB395FB861373E686DCF3405
    │ Title        : Jefe de mantenimiento industrial
    │ Company      : Alianza Temporal S.A.S
    │ Location     : Bogotá, D.C.
    │ Job type     : full-time
    │ Salary       : (not listed)
    │ Industry     : RRHH / Personal
    │ Date posted  : 2026-09-11
    │ Deadline     : 2026-11-10
    │ External ID  : 7FB06E91D0D90AA1
    │ Description  : Importante empresa del sector manufacturero/industrial se encuentra en búsqueda de Jefe de Mantenimiento para liderar y garantizar el adecuado funcionamiento de los procesos de mantenimiento de la ope…
    └───────────────────────────────────────────────────────
2026-09-27 14:37:15,751 DEBUG https://colombia.mimusjobs.com:443 "GET /wp-json/wp/v2/companies?slug=alianza-temporal-s-a-s HTTP/1.1" 200 None
2026-09-27 14:37:15,752 INFO ⏭ Company exists: Alianza Temporal S.A.S
2026-09-27 14:37:16,434 DEBUG https://colombia.mimusjobs.com:443 "GET /wp-json/wp/v2/job-listings?slug=jefe-de-mantenimiento-industrial HTTP/1.1" 200 None
2026-09-27 14:37:16,434 INFO ⏭ Job already on WP: Jefe de mantenimiento industrial
2026-09-27 14:37:16,434 INFO ✅ SUCCESS — 'Jefe de mantenimiento industrial' → WP ID=17712 🔗 https://colombia.mimusjobs.com/job/jefe-de-mantenimiento-industrial/
2026-09-27 14:37:17,435 INFO ── https://co.computrabajo.com/empleos-en-bogota-dc | page 5 | job 7/20: https://co.computrabajo.com/ofertas-de-trabajo/oferta-de-trabajo-de-cajeroa-aux-supernumerario-atencion-al-cliente-zona-centro-de-bogota-en-bogota-dc-48E1E4BDF9E6B3D461373E686DCF3405
2026-09-27 14:37:17,532 DEBUG https://co.computrabajo.com:443 "GET /ofertas-de-trabajo/oferta-de-trabajo-de-cajeroa-aux-supernumerario-atencion-al-cliente-zona-centro-de-bogota-en-bogota-dc-48E1E4BDF9E6B3D461373E686DCF3405 HTTP/1.1" 200 None
2026-09-27 14:37:17,535 DEBUG     GET https://co.computrabajo.com/ofertas-de-trabajo/oferta-de-trabajo-de-cajeroa-aux-supernumerario-atencion-al-cliente-zona-centro-de-bogota-en-bogota-dc-48E1E4BDF9E6B3D461373E686DCF3405 → HTTP 200 (179,853 chars)
2026-09-27 14:37:17,557 INFO     ┌─ SCRAPED JOB ─────────────────────────────────────────
    │ URL          : https://co.computrabajo.com/ofertas-de-trabajo/oferta-de-trabajo-de-cajeroa-aux-supernumerario-atencion-al-cliente-zona-centro-de-bogota-en-bogota-dc-48E1E4BDF9E6B3D461373E686DCF3405
    │ Title        : Cajero/a aux supernumerario / Atencion al cliente - Zona centro de Bogotá
    │ Company      : Alianza Temporal S.A.S
    │ Location     : Bogotá, D.C.
    │ Job type     : full-time
    │ Salary       : 1750905 COP
    │ Industry     : RRHH / Personal
    │ Date posted  : 2026-09-27
    │ Deadline     : 2026-11-26
    │ External ID  : 7FB06E91D0D90AA1
    │ Description  : Importante empresa de transporte logistico se encuentra en busqueda de Aux supernumerario cajero/a para su equipo de trabajo Horario: Lunes a Sábado, disponibilidad domingos y festivos según el punto …
    └───────────────────────────────────────────────────────
2026-09-27 14:37:18,415 DEBUG https://colombia.mimusjobs.com:443 "GET /wp-json/wp/v2/companies?slug=alianza-temporal-s-a-s HTTP/1.1" 200 None
2026-09-27 14:37:18,415 INFO ⏭ Company exists: Alianza Temporal S.A.S
2026-09-27 14:37:18,995 DEBUG https://colombia.mimusjobs.com:443 "GET /wp-json/wp/v2/job-listings?slug=cajero-a-aux-supernumerario---atencion-al-cliente---zona-centro-de-bogot- HTTP/1.1" 200 None
2026-09-27 14:37:18,998 DEBUG https://ii.ct-stc.com:443 "GET /1/logos/empresas/2024/02/26/alianza-temporal-sas-7FB06E91D0D90AA1185612thumbnail.jpeg HTTP/1.1" 200 316005
2026-09-27 14:37:28,101 DEBUG https://colombia.mimusjobs.com:443 "POST /wp-json/wp/v2/media HTTP/1.1" 201 None
2026-09-27 14:37:29,242 DEBUG https://colombia.mimusjobs.com:443 "POST /wp-json/wp/v2/job-listings HTTP/1.1" 201 None
2026-09-27 14:37:29,242 INFO ✅ Job posted: 'Cajero/a aux supernumerario / Atencion al cliente - Zona centro de Bogotá' → WP ID 40086
2026-09-27 14:37:29,243 INFO ✅ SUCCESS — 'Cajero/a aux supernumerario / Atencion al cliente - Zona centro de Bogotá' → WP ID=40086 🔗 https://colombia.mimusjobs.com/job/cajero-a-aux-supernumerario-atencion-al-cliente-zona-centro-de-bogota/
2026-09-27 14:37:30,243 INFO ── https://co.computrabajo.com/empleos-en-bogota-dc | page 5 | job 8/20: https://co.computrabajo.com/ofertas-de-trabajo/oferta-de-trabajo-de-conductor-viajero-contratacion-inmediata-en-bogota-dc-69479BF11CC3981261373E686DCF3405
2026-09-27 14:37:30,369 DEBUG https://co.computrabajo.com:443 "GET /ofertas-de-trabajo/oferta-de-trabajo-de-conductor-viajero-contratacion-inmediata-en-bogota-dc-69479BF11CC3981261373E686DCF3405 HTTP/1.1" 200 None
2026-09-27 14:37:30,372 DEBUG     GET https://co.computrabajo.com/ofertas-de-trabajo/oferta-de-trabajo-de-conductor-viajero-contratacion-inmediata-en-bogota-dc-69479BF11CC3981261373E686DCF3405 → HTTP 200 (180,305 chars)
2026-09-27 14:37:30,395 INFO     ┌─ SCRAPED JOB ─────────────────────────────────────────
    │ URL          : https://co.computrabajo.com/ofertas-de-trabajo/oferta-de-trabajo-de-conductor-viajero-contratacion-inmediata-en-bogota-dc-69479BF11CC3981261373E686DCF3405
    │ Title        : Conductor viajero - Contratacion inmediata
    │ Company      : Alianza Temporal S.A.S
    │ Location     : Bogotá, D.C.
    │ Job type     : full-time
    │ Salary       : 3000000 COP
    │ Industry     : RRHH / Personal
    │ Date posted  : 2026-09-27
    │ Deadline     : 2026-11-26
    │ External ID  : 7FB06E91D0D90AA1
    │ Description  : Conductor Operativo – Licencia C2 o C3 Importante empresa de transporte logístico se encuentra en búsqueda de Conductor Operativo para fortalecer su equipo de trabajo. Lugar de trabajo: Portal Dorado …
    └───────────────────────────────────────────────────────
2026-09-27 14:37:30,953 DEBUG https://colombia.mimusjobs.com:443 "GET /wp-json/wp/v2/companies?slug=alianza-temporal-s-a-s HTTP/1.1" 200 None
2026-09-27 14:37:30,953 INFO ⏭ Company exists: Alianza Temporal S.A.S
2026-09-27 14:37:32,411 DEBUG https://colombia.mimusjobs.com:443 "GET /wp-json/wp/v2/job-listings?slug=conductor-viajero---contratacion-inmediata HTTP/1.1" 200 None
2026-09-27 14:37:32,411 INFO ⏭ Job already on WP: Conductor viajero - Contratacion inmediata
2026-09-27 14:37:32,411 INFO ✅ SUCCESS — 'Conductor viajero - Contratacion inmediata' → WP ID=11540 🔗 https://colombia.mimusjobs.com/job/conductor-viajero-contratacion-inmediata/
2026-09-27 14:37:33,412 INFO ── https://co.computrabajo.com/empleos-en-bogota-dc | page 5 | job 9/20: https://co.computrabajo.com/ofertas-de-trabajo/oferta-de-trabajo-de-conductor-patio-tractomula-c3-en-bogota-dc-A2B87CA795F8BFC761373E686DCF3405
2026-09-27 14:37:33,525 DEBUG https://co.computrabajo.com:443 "GET /ofertas-de-trabajo/oferta-de-trabajo-de-conductor-patio-tractomula-c3-en-bogota-dc-A2B87CA795F8BFC761373E686DCF3405 HTTP/1.1" 200 None
2026-09-27 14:37:33,528 DEBUG     GET https://co.computrabajo.com/ofertas-de-trabajo/oferta-de-trabajo-de-conductor-patio-tractomula-c3-en-bogota-dc-A2B87CA795F8BFC761373E686DCF3405 → HTTP 200 (179,487 chars)
2026-09-27 14:37:33,549 INFO     ┌─ SCRAPED JOB ─────────────────────────────────────────
    │ URL          : https://co.computrabajo.com/ofertas-de-trabajo/oferta-de-trabajo-de-conductor-patio-tractomula-c3-en-bogota-dc-A2B87CA795F8BFC761373E686DCF3405
    │ Title        : Conductor Patio / Tractomula C3
    │ Company      : Alianza Temporal S.A.S
    │ Location     : Bogotá, D.C.
    │ Job type     : full-time
    │ Salary       : 2500000 COP
    │ Industry     : RRHH / Personal
    │ Date posted  : 2026-09-27
    │ Deadline     : 2026-11-26
    │ External ID  : 7FB06E91D0D90AA1
    │ Description  : Importante empresa de transporte logistico se encuentra en busqueda de Conductor de Patio Supernumeraio con licencia C3 manejo caja Fuller para su equipo de trabajo Horario: Lunes a Sábado Rotativos d…
    └───────────────────────────────────────────────────────
2026-09-27 14:37:34,160 DEBUG https://colombia.mimusjobs.com:443 "GET /wp-json/wp/v2/companies?slug=alianza-temporal-s-a-s HTTP/1.1" 200 None
2026-09-27 14:37:34,161 INFO ⏭ Company exists: Alianza Temporal S.A.S
2026-09-27 14:37:34,810 DEBUG https://colombia.mimusjobs.com:443 "GET /wp-json/wp/v2/job-listings?slug=conductor-patio---tractomula-c3 HTTP/1.1" 200 None
2026-09-27 14:37:34,813 DEBUG https://ii.ct-stc.com:443 "GET /1/logos/empresas/2024/02/26/alianza-temporal-sas-7FB06E91D0D90AA1185612thumbnail.jpeg HTTP/1.1" 200 316005
2026-09-27 14:37:42,084 DEBUG https://colombia.mimusjobs.com:443 "POST /wp-json/wp/v2/media HTTP/1.1" 201 None
2026-09-27 14:37:43,588 DEBUG https://colombia.mimusjobs.com:443 "POST /wp-json/wp/v2/job-listings HTTP/1.1" 201 None
2026-09-27 14:37:43,588 INFO ✅ Job posted: 'Conductor Patio / Tractomula C3' → WP ID 40091
2026-09-27 14:37:43,588 INFO ✅ SUCCESS — 'Conductor Patio / Tractomula C3' → WP ID=40091 🔗 https://colombia.mimusjobs.com/job/conductor-patio-tractomula-c3/
2026-09-27 14:37:44,589 INFO ── https://co.computrabajo.com/empleos-en-bogota-dc | page 5 | job 10/20: https://co.computrabajo.com/ofertas-de-trabajo/oferta-de-trabajo-de-facilitador-comercialejecutivo-experiencia-en-el-sector-logistico-o-transporte-en-bogota-dc-FE09537A470B254961373E686DCF3405
2026-09-27 14:37:44,696 DEBUG https://co.computrabajo.com:443 "GET /ofertas-de-trabajo/oferta-de-trabajo-de-facilitador-comercialejecutivo-experiencia-en-el-sector-logistico-o-transporte-en-bogota-dc-FE09537A470B254961373E686DCF3405 HTTP/1.1" 200 None
2026-09-27 14:37:44,699 DEBUG     GET https://co.computrabajo.com/ofertas-de-trabajo/oferta-de-trabajo-de-facilitador-comercialejecutivo-experiencia-en-el-sector-logistico-o-transporte-en-bogota-dc-FE09537A470B254961373E686DCF3405 → HTTP 200 (183,617 chars)
2026-09-27 14:37:44,722 INFO     ┌─ SCRAPED JOB ─────────────────────────────────────────
    │ URL          : https://co.computrabajo.com/ofertas-de-trabajo/oferta-de-trabajo-de-facilitador-comercialejecutivo-experiencia-en-el-sector-logistico-o-transporte-en-bogota-dc-FE09537A470B254961373E686DCF3405
    │ Title        : Facilitador comercial/Ejecutivo - Experiencia en el sector logístico o transporte
    │ Company      : Alianza Temporal S.A.S
    │ Location     : Bogotá, D.C.
    │ Job type     : full-time
    │ Salary       : 8000000 COP
    │ Industry     : RRHH / Personal
    │ Date posted  : 2026-09-27
    │ Deadline     : 2026-11-26
    │ External ID  : 7FB06E91D0D90AA1
    │ Description  : Importante empresa de transporte logistico se encuentra en busqueda de Ejecutivo comercial / facilitador para su equipo de trabajo Horario: Lunes a Viernes 7am a 5pm, horario de oficina pm Disponibili…
    └───────────────────────────────────────────────────────
2026-09-27 14:37:46,968 DEBUG https://colombia.mimusjobs.com:443 "GET /wp-json/wp/v2/companies?slug=alianza-temporal-s-a-s HTTP/1.1" 200 None
2026-09-27 14:37:46,969 INFO ⏭ Company exists: Alianza Temporal S.A.S
2026-09-27 14:37:47,637 DEBUG https://colombia.mimusjobs.com:443 "GET /wp-json/wp/v2/job-listings?slug=facilitador-comercial-ejecutivo---experiencia-en-el-sector-log-stico-o-transport HTTP/1.1" 200 None
2026-09-27 14:37:47,641 DEBUG https://ii.ct-stc.com:443 "GET /1/logos/empresas/2024/02/26/alianza-temporal-sas-7FB06E91D0D90AA1185612thumbnail.jpeg HTTP/1.1" 200 316005
2026-09-27 14:37:54,055 DEBUG https://colombia.mimusjobs.com:443 "POST /wp-json/wp/v2/media HTTP/1.1" 201 None
2026-09-27 14:37:55,411 DEBUG https://colombia.mimusjobs.com:443 "POST /wp-json/wp/v2/job-listings HTTP/1.1" 201 None
2026-09-27 14:37:55,411 INFO ✅ Job posted: 'Facilitador comercial/Ejecutivo - Experiencia en el sector logístico o transporte' → WP ID 40095
2026-09-27 14:37:55,412 INFO ✅ SUCCESS — 'Facilitador comercial/Ejecutivo - Experiencia en el sector logístico o transporte' → WP ID=40095 🔗 https://colombia.mimusjobs.com/job/facilitador-comercial-ejecutivo-experiencia-en-el-sector-logistico-o-transporte-2/
2026-09-27 14:37:56,412 INFO ── https://co.computrabajo.com/empleos-en-bogota-dc | page 5 | job 11/20: https://co.computrabajo.com/ofertas-de-trabajo/oferta-de-trabajo-de-auxiliar-logistico-sector-automotriz-experiencia-en-manejo-de-repuestos-en-bogota-dc-F23922FFE8F286AA61373E686DCF3405
2026-09-27 14:37:56,512 DEBUG https://co.computrabajo.com:443 "GET /ofertas-de-trabajo/oferta-de-trabajo-de-auxiliar-logistico-sector-automotriz-experiencia-en-manejo-de-repuestos-en-bogota-dc-F23922FFE8F286AA61373E686DCF3405 HTTP/1.1" 200 None
2026-09-27 14:37:56,515 DEBUG     GET https://co.computrabajo.com/ofertas-de-trabajo/oferta-de-trabajo-de-auxiliar-logistico-sector-automotriz-experiencia-en-manejo-de-repuestos-en-bogota-dc-F23922FFE8F286AA61373E686DCF3405 → HTTP 200 (184,665 chars)
2026-09-27 14:37:56,538 INFO     ┌─ SCRAPED JOB ─────────────────────────────────────────
    │ URL          : https://co.computrabajo.com/ofertas-de-trabajo/oferta-de-trabajo-de-auxiliar-logistico-sector-automotriz-experiencia-en-manejo-de-repuestos-en-bogota-dc-F23922FFE8F286AA61373E686DCF3405
    │ Title        : Auxiliar logístico / Sector automotriz - Experiencia en manejo de repuestos
    │ Company      : Alianza Temporal S.A.S
    │ Location     : Bogotá, D.C.
    │ Job type     : full-time
    │ Salary       : 1750905 COP
    │ Industry     : RRHH / Personal
    │ Date posted  : 2026-09-27
    │ Deadline     : 2026-11-26
    │ External ID  : 7FB06E91D0D90AA1
    │ Description  : Importante compañía se encuentra en búsqueda de un Auxiliar Logístico con experiencia en manejo de repuestos. Buscamos personas bachilleres certificadas, con mínimo 1 año de experiencia certificada en…
    └───────────────────────────────────────────────────────
2026-09-27 14:37:57,178 DEBUG https://colombia.mimusjobs.com:443 "GET /wp-json/wp/v2/companies?slug=alianza-temporal-s-a-s HTTP/1.1" 200 None
2026-09-27 14:37:57,178 INFO ⏭ Company exists: Alianza Temporal S.A.S
2026-09-27 14:37:57,861 DEBUG https://colombia.mimusjobs.com:443 "GET /wp-json/wp/v2/job-listings?slug=auxiliar-log-stico---sector-automotriz---experiencia-en-manejo-de-repuestos HTTP/1.1" 200 None
2026-09-27 14:37:57,865 DEBUG https://ii.ct-stc.com:443 "GET /1/logos/empresas/2024/02/26/alianza-temporal-sas-7FB06E91D0D90AA1185612thumbnail.jpeg HTTP/1.1" 200 316005
2026-09-27 14:38:04,439 DEBUG https://colombia.mimusjobs.com:443 "POST /wp-json/wp/v2/media HTTP/1.1" 201 None
2026-09-27 14:38:06,872 DEBUG https://colombia.mimusjobs.com:443 "POST /wp-json/wp/v2/job-listings HTTP/1.1" 201 None
2026-09-27 14:38:06,872 INFO ✅ Job posted: 'Auxiliar logístico / Sector automotriz - Experiencia en manejo de repuestos' → WP ID 40099
2026-09-27 14:38:06,872 INFO ✅ SUCCESS — 'Auxiliar logístico / Sector automotriz - Experiencia en manejo de repuestos' → WP ID=40099 🔗 https://colombia.mimusjobs.com/job/auxiliar-logistico-sector-automotriz-experiencia-en-manejo-de-repuestos-2/
2026-09-27 14:38:07,872 INFO ── https://co.computrabajo.com/empleos-en-bogota-dc | page 5 | job 12/20: https://co.computrabajo.com/ofertas-de-trabajo/oferta-de-trabajo-de-conductor-patio-contratacion-inmediata-en-bogota-dc-E3B6A6CF6390AB4C61373E686DCF3405
2026-09-27 14:38:07,986 DEBUG https://co.computrabajo.com:443 "GET /ofertas-de-trabajo/oferta-de-trabajo-de-conductor-patio-contratacion-inmediata-en-bogota-dc-E3B6A6CF6390AB4C61373E686DCF3405 HTTP/1.1" 200 None
2026-09-27 14:38:07,989 DEBUG     GET https://co.computrabajo.com/ofertas-de-trabajo/oferta-de-trabajo-de-conductor-patio-contratacion-inmediata-en-bogota-dc-E3B6A6CF6390AB4C61373E686DCF3405 → HTTP 200 (179,674 chars)
2026-09-27 14:38:08,012 INFO     ┌─ SCRAPED JOB ─────────────────────────────────────────
    │ URL          : https://co.computrabajo.com/ofertas-de-trabajo/oferta-de-trabajo-de-conductor-patio-contratacion-inmediata-en-bogota-dc-E3B6A6CF6390AB4C61373E686DCF3405
    │ Title        : Conductor Patio / Contratación inmediata
    │ Company      : Alianza Temporal S.A.S
    │ Location     : Bogotá, D.C.
    │ Job type     : full-time
    │ Salary       : 2500000 COP
    │ Industry     : RRHH / Personal
    │ Date posted  : 2026-09-27
    │ Deadline     : 2026-11-26
    │ External ID  : 7FB06E91D0D90AA1
    │ Description  : Importante empresa de transporte logistico se encuentra en busqueda de Conductor de Patio con licencia C2 manejo caja Fuller para su equipo de trabajo Horario: Lunes a Sábado Rotativos disponibilidad …
    └───────────────────────────────────────────────────────
2026-09-27 14:38:08,966 DEBUG https://colombia.mimusjobs.com:443 "GET /wp-json/wp/v2/companies?slug=alianza-temporal-s-a-s HTTP/1.1" 200 None
2026-09-27 14:38:08,966 INFO ⏭ Company exists: Alianza Temporal S.A.S
2026-09-27 14:38:09,544 DEBUG https://colombia.mimusjobs.com:443 "GET /wp-json/wp/v2/job-listings?slug=conductor-patio---contrataci-n-inmediata HTTP/1.1" 200 None
2026-09-27 14:38:09,547 DEBUG https://ii.ct-stc.com:443 "GET /1/logos/empresas/2024/02/26/alianza-temporal-sas-7FB06E91D0D90AA1185612thumbnail.jpeg HTTP/1.1" 200 316005
2026-09-27 14:38:16,115 DEBUG https://colombia.mimusjobs.com:443 "POST /wp-json/wp/v2/media HTTP/1.1" 201 None
2026-09-27 14:38:17,198 DEBUG https://colombia.mimusjobs.com:443 "POST /wp-json/wp/v2/job-listings HTTP/1.1" 201 None
2026-09-27 14:38:17,199 INFO ✅ Job posted: 'Conductor Patio / Contratación inmediata' → WP ID 40103
2026-09-27 14:38:17,199 INFO ✅ SUCCESS — 'Conductor Patio / Contratación inmediata' → WP ID=40103 🔗 https://colombia.mimusjobs.com/job/conductor-patio-contratacion-inmediata/
2026-09-27 14:38:18,199 INFO ── https://co.computrabajo.com/empleos-en-bogota-dc | page 5 | job 13/20: https://co.computrabajo.com/ofertas-de-trabajo/oferta-de-trabajo-de-montacarguista-operador-de-montacargas-1-ano-de-experiencia-contratacion-inmediata-en-bogota-dc-F8A8B4269333110261373E686DCF3405
2026-09-27 14:38:18,295 DEBUG https://co.computrabajo.com:443 "GET /ofertas-de-trabajo/oferta-de-trabajo-de-montacarguista-operador-de-montacargas-1-ano-de-experiencia-contratacion-inmediata-en-bogota-dc-F8A8B4269333110261373E686DCF3405 HTTP/1.1" 200 None
2026-09-27 14:38:18,297 DEBUG     GET https://co.computrabajo.com/ofertas-de-trabajo/oferta-de-trabajo-de-montacarguista-operador-de-montacargas-1-ano-de-experiencia-contratacion-inmediata-en-bogota-dc-F8A8B4269333110261373E686DCF3405 → HTTP 200 (184,265 chars)
2026-09-27 14:38:18,351 INFO     ┌─ SCRAPED JOB ─────────────────────────────────────────
    │ URL          : https://co.computrabajo.com/ofertas-de-trabajo/oferta-de-trabajo-de-montacarguista-operador-de-montacargas-1-ano-de-experiencia-contratacion-inmediata-en-bogota-dc-F8A8B4269333110261373E686DCF3405
    │ Title        : Montacarguista / Operador de montacargas / 1 año de experiencia - Contratacion inmediata
    │ Company      : Alianza Temporal S.A.S
    │ Location     : Bogotá, D.C.
    │ Job type     : full-time
    │ Salary       : 2700000 COP
    │ Industry     : RRHH / Personal
    │ Date posted  : 2026-09-27
    │ Deadline     : 2026-11-26
    │ External ID  : 7FB06E91D0D90AA1
    │ Description  : Importante empresa de transporte logistico se encuentra en busqueda de Montacarga para su equipo de trabajo Horario: Turnos rotativos de domingo a domingo con un (1) día compensatorio de descanso a la…
    └───────────────────────────────────────────────────────
2026-09-27 14:38:19,230 DEBUG https://colombia.mimusjobs.com:443 "GET /wp-json/wp/v2/companies?slug=alianza-temporal-s-a-s HTTP/1.1" 200 None
2026-09-27 14:38:19,231 INFO ⏭ Company exists: Alianza Temporal S.A.S
2026-09-27 14:38:20,315 DEBUG https://colombia.mimusjobs.com:443 "GET /wp-json/wp/v2/job-listings?slug=montacarguista---operador-de-montacargas---1-a-o-de-experiencia---contratacion-i HTTP/1.1" 200 None
2026-09-27 14:38:20,320 DEBUG https://ii.ct-stc.com:443 "GET /1/logos/empresas/2024/02/26/alianza-temporal-sas-7FB06E91D0D90AA1185612thumbnail.jpeg HTTP/1.1" 200 316005
2026-09-27 14:38:27,990 DEBUG https://colombia.mimusjobs.com:443 "POST /wp-json/wp/v2/media HTTP/1.1" 201 None
2026-09-27 14:38:30,133 DEBUG https://colombia.mimusjobs.com:443 "POST /wp-json/wp/v2/job-listings HTTP/1.1" 201 None
2026-09-27 14:38:30,133 INFO ✅ Job posted: 'Montacarguista / Operador de montacargas / 1 año de experiencia - Contratacion inmediata' → WP ID 40108
2026-09-27 14:38:30,133 INFO ✅ SUCCESS — 'Montacarguista / Operador de montacargas / 1 año de experiencia - Contratacion inmediata' → WP ID=40108 🔗 https://colombia.mimusjobs.com/job/montacarguista-operador-de-montacargas-1-ano-de-experiencia-contratacion-inmediata/
2026-09-27 14:38:31,134 INFO ── https://co.computrabajo.com/empleos-en-bogota-dc | page 5 | job 14/20: https://co.computrabajo.com/ofertas-de-trabajo/oferta-de-trabajo-de-conductor-repartidor-en-bogota-dc-E7C3501C80ECC84E61373E686DCF3405
2026-09-27 14:38:31,253 DEBUG https://co.computrabajo.com:443 "GET /ofertas-de-trabajo/oferta-de-trabajo-de-conductor-repartidor-en-bogota-dc-E7C3501C80ECC84E61373E686DCF3405 HTTP/1.1" 200 None
2026-09-27 14:38:31,255 DEBUG     GET https://co.computrabajo.com/ofertas-de-trabajo/oferta-de-trabajo-de-conductor-repartidor-en-bogota-dc-E7C3501C80ECC84E61373E686DCF3405 → HTTP 200 (158,025 chars)
2026-09-27 14:38:31,273 INFO     ┌─ SCRAPED JOB ─────────────────────────────────────────
    │ URL          : https://co.computrabajo.com/ofertas-de-trabajo/oferta-de-trabajo-de-conductor-repartidor-en-bogota-dc-E7C3501C80ECC84E61373E686DCF3405
    │ Title        : Conductor repartidor
    │ Company      : AALPE LOGISTICA SAS
    │ Location     : Bogotá, D.C.
    │ Job type     : full-time
    │ Salary       : 2500000 COP
    │ Industry     : Fabricación
    │ Date posted  : 2026-08-10
    │ Deadline     : 2026-10-09
    │ External ID  : CA58385381BE1B04
    │ Description  : Bachiller, con licencia de conducción categoría C2, mínimo un año de experiencia en el área de conducción, cargue y descargue de mercancía, transporte y entrega de la misma. Excelente presentación per…
    └───────────────────────────────────────────────────────
2026-09-27 14:38:32,593 DEBUG https://colombia.mimusjobs.com:443 "GET /wp-json/wp/v2/companies?slug=aalpe-logistica-sas HTTP/1.1" 200 None
2026-09-27 14:38:34,232 DEBUG https://colombia.mimusjobs.com:443 "POST /wp-json/wp/v2/companies HTTP/1.1" 201 None
2026-09-27 14:38:34,235 INFO ✅ Company posted: AALPE LOGISTICA SAS → ID 40109
2026-09-27 14:38:34,865 DEBUG https://colombia.mimusjobs.com:443 "GET /wp-json/wp/v2/job-listings?slug=conductor-repartidor HTTP/1.1" 200 None
2026-09-27 14:38:36,295 DEBUG https://colombia.mimusjobs.com:443 "POST /wp-json/wp/v2/job-listings HTTP/1.1" 201 None
2026-09-27 14:38:36,295 INFO ✅ Job posted: 'Conductor repartidor' → WP ID 40110
2026-09-27 14:38:36,296 INFO ✅ SUCCESS — 'Conductor repartidor' → WP ID=40110 🔗 https://colombia.mimusjobs.com/job/conductor-repartidor/
2026-09-27 14:38:37,296 INFO ── https://co.computrabajo.com/empleos-en-bogota-dc | page 5 | job 15/20: https://co.computrabajo.com/ofertas-de-trabajo/oferta-de-trabajo-de-operario-de-limpieza-y-desinfeccion-zona-norte-bogota-en-bogota-dc-DD36D33618B167DF61373E686DCF3405
2026-09-27 14:38:37,495 DEBUG https://co.computrabajo.com:443 "GET /ofertas-de-trabajo/oferta-de-trabajo-de-operario-de-limpieza-y-desinfeccion-zona-norte-bogota-en-bogota-dc-DD36D33618B167DF61373E686DCF3405 HTTP/1.1" 200 None
2026-09-27 14:38:37,498 DEBUG     GET https://co.computrabajo.com/ofertas-de-trabajo/oferta-de-trabajo-de-operario-de-limpieza-y-desinfeccion-zona-norte-bogota-en-bogota-dc-DD36D33618B167DF61373E686DCF3405 → HTTP 200 (162,316 chars)
2026-09-27 14:38:37,516 INFO     ┌─ SCRAPED JOB ─────────────────────────────────────────
    │ URL          : https://co.computrabajo.com/ofertas-de-trabajo/oferta-de-trabajo-de-operario-de-limpieza-y-desinfeccion-zona-norte-bogota-en-bogota-dc-DD36D33618B167DF61373E686DCF3405
    │ Title        : Operario de limpieza y desinfección - Zona Norte, Bogotá
    │ Company      : HACEPACK S A S
    │ Location     : Bogotá, D.C.
    │ Job type     : full-time
    │ Salary       : 1750905 COP
    │ Industry     : Fabricación
    │ Date posted  : 2026-08-01
    │ Deadline     : 2026-09-30
    │ External ID  : 76EDCD159260C450
    │ Description  : Compañía líder en el sector de alimentos con años de trayectoria y compromiso con la calidad, creemos que el ingrediente más importante de nuestro éxito es nuestra gente. Hoy queremos invitarte a ser …
    └───────────────────────────────────────────────────────
2026-09-27 14:38:38,419 DEBUG https://colombia.mimusjobs.com:443 "GET /wp-json/wp/v2/companies?slug=hacepack-s-a-s HTTP/1.1" 200 None
2026-09-27 14:38:38,420 INFO ⏭ Company exists: HACEPACK S A S
2026-09-27 14:38:39,191 DEBUG https://colombia.mimusjobs.com:443 "GET /wp-json/wp/v2/job-listings?slug=operario-de-limpieza-y-desinfecci-n---zona-norte--bogot- HTTP/1.1" 200 None
2026-09-27 14:38:40,526 DEBUG https://colombia.mimusjobs.com:443 "POST /wp-json/wp/v2/job-listings HTTP/1.1" 201 None
2026-09-27 14:38:40,526 INFO ✅ Job posted: 'Operario de limpieza y desinfección - Zona Norte, Bogotá' → WP ID 40112
2026-09-27 14:38:40,527 INFO ✅ SUCCESS — 'Operario de limpieza y desinfección - Zona Norte, Bogotá' → WP ID=40112 🔗 https://colombia.mimusjobs.com/job/operario-de-limpieza-y-desinfeccion-zona-norte-bogota-5/
2026-09-27 14:38:41,527 INFO ── https://co.computrabajo.com/empleos-en-bogota-dc | page 5 | job 16/20: https://co.computrabajo.com/ofertas-de-trabajo/oferta-de-trabajo-de-agente-call-center-remoto-en-bogota-dc-9D83DFA2E63E36C861373E686DCF3405
2026-09-27 14:38:41,645 DEBUG https://co.computrabajo.com:443 "GET /ofertas-de-trabajo/oferta-de-trabajo-de-agente-call-center-remoto-en-bogota-dc-9D83DFA2E63E36C861373E686DCF3405 HTTP/1.1" 200 None
2026-09-27 14:38:41,648 DEBUG     GET https://co.computrabajo.com/ofertas-de-trabajo/oferta-de-trabajo-de-agente-call-center-remoto-en-bogota-dc-9D83DFA2E63E36C861373E686DCF3405 → HTTP 200 (164,243 chars)
2026-09-27 14:38:41,666 INFO     ┌─ SCRAPED JOB ─────────────────────────────────────────
    │ URL          : https://co.computrabajo.com/ofertas-de-trabajo/oferta-de-trabajo-de-agente-call-center-remoto-en-bogota-dc-9D83DFA2E63E36C861373E686DCF3405
    │ Title        : agente call center remoto
    │ Company      : TITAN SAS
    │ Location     : Bogotá, D.C.
    │ Job type     : part-time
    │ Salary       : 2000000 COP
    │ Industry     : Finanzas / Banca
    │ Date posted  : 2026-08-10
    │ Deadline     : 2026-10-09
    │ External ID  : DB81795D353B9944
    │ Description  : Estamos en busca de un talentoso relacionalista o agente telefónico remoto para unirte a nuestro equipo. Este puesto es ideal para alguien con habilidades de comunicación efectivas y una actitud posit…
    └───────────────────────────────────────────────────────
2026-09-27 14:38:42,367 DEBUG https://colombia.mimusjobs.com:443 "GET /wp-json/wp/v2/companies?slug=titan-sas HTTP/1.1" 200 None
2026-09-27 14:38:42,367 INFO ⏭ Company exists: TITAN SAS
2026-09-27 14:38:43,085 DEBUG https://colombia.mimusjobs.com:443 "GET /wp-json/wp/v2/job-listings?slug=agente-call-center-remoto HTTP/1.1" 200 None
2026-09-27 14:38:43,086 INFO ⏭ Job already on WP: agente call center remoto
2026-09-27 14:38:43,086 INFO ✅ SUCCESS — 'agente call center remoto' → WP ID=18240 🔗 https://colombia.mimusjobs.com/job/agente-call-center-remoto/
2026-09-27 14:38:44,086 INFO ── https://co.computrabajo.com/empleos-en-bogota-dc | page 5 | job 17/20: https://co.computrabajo.com/ofertas-de-trabajo/oferta-de-trabajo-de-teletrabajo-en-bogota-dc-C1056E854A0F36FF61373E686DCF3405
2026-09-27 14:38:44,166 DEBUG https://co.computrabajo.com:443 "GET /ofertas-de-trabajo/oferta-de-trabajo-de-teletrabajo-en-bogota-dc-C1056E854A0F36FF61373E686DCF3405 HTTP/1.1" 200 None
2026-09-27 14:38:44,169 DEBUG     GET https://co.computrabajo.com/ofertas-de-trabajo/oferta-de-trabajo-de-teletrabajo-en-bogota-dc-C1056E854A0F36FF61373E686DCF3405 → HTTP 200 (149,463 chars)
2026-09-27 14:38:44,185 WARNING No JobPosting JSON-LD found, using HTML fallback: https://co.computrabajo.com/ofertas-de-trabajo/oferta-de-trabajo-de-teletrabajo-en-bogota-dc-C1056E854A0F36FF61373E686DCF3405
2026-09-27 14:38:44,186 INFO     ┌─ SCRAPED JOB ─────────────────────────────────────────
    │ URL          : https://co.computrabajo.com/ofertas-de-trabajo/oferta-de-trabajo-de-teletrabajo-en-bogota-dc-C1056E854A0F36FF61373E686DCF3405
    │ Title        : Teletrabajo
    │ Company      : Importante empresa del sector
    │ Location     : Bogotá, D.C., Bogotá, D.C.
    │ Job type     : full-time
    │ Salary       : $ 3.600.000,00 (Mensual) + Comisiones COP
    │ Industry     : (none)
    │ Date posted  : (unknown)
    │ Deadline     : (estimated: )
    │ External ID  : (none)
    │ Description  : Si eres profesional, en proceso de grado o tecnólogo y tienes habilidades comerciales con experiencia en ventas y trabajo en equipo. Empresa en el sector educativo de idiomas busca personal para su de…
    └───────────────────────────────────────────────────────
2026-09-27 14:38:45,501 DEBUG https://colombia.mimusjobs.com:443 "GET /wp-json/wp/v2/companies?slug=importante-empresa-del-sector HTTP/1.1" 200 None
2026-09-27 14:38:45,501 INFO ⏭ Company exists: Importante empresa del sector
2026-09-27 14:38:46,219 DEBUG https://colombia.mimusjobs.com:443 "GET /wp-json/wp/v2/job-listings?slug=teletrabajo HTTP/1.1" 200 None
2026-09-27 14:38:46,219 INFO ⏭ Job already on WP: Teletrabajo
2026-09-27 14:38:46,219 INFO ✅ SUCCESS — 'Teletrabajo' → WP ID=17469 🔗 https://colombia.mimusjobs.com/job/teletrabajo/
2026-09-27 14:38:47,219 INFO ── https://co.computrabajo.com/empleos-en-bogota-dc | page 5 | job 18/20: https://co.computrabajo.com/ofertas-de-trabajo/oferta-de-trabajo-de-asesor-comercial-proyectos-de-vivienda-bogota-en-bogota-dc-9742CD3E8EAE7D5161373E686DCF3405
2026-09-27 14:38:47,303 DEBUG https://co.computrabajo.com:443 "GET /ofertas-de-trabajo/oferta-de-trabajo-de-asesor-comercial-proyectos-de-vivienda-bogota-en-bogota-dc-9742CD3E8EAE7D5161373E686DCF3405 HTTP/1.1" 200 None
2026-09-27 14:38:47,306 DEBUG     GET https://co.computrabajo.com/ofertas-de-trabajo/oferta-de-trabajo-de-asesor-comercial-proyectos-de-vivienda-bogota-en-bogota-dc-9742CD3E8EAE7D5161373E686DCF3405 → HTTP 200 (165,908 chars)
2026-09-27 14:38:47,324 INFO     ┌─ SCRAPED JOB ─────────────────────────────────────────
    │ URL          : https://co.computrabajo.com/ofertas-de-trabajo/oferta-de-trabajo-de-asesor-comercial-proyectos-de-vivienda-bogota-en-bogota-dc-9742CD3E8EAE7D5161373E686DCF3405
    │ Title        : Asesor Comercial proyectos de vivienda - Bogotá
    │ Company      : OCOBO CONSTRUCCIONES S.A.S
    │ Location     : Bogotá, D.C.
    │ Job type     : full-time
    │ Salary       : 2630822 COP
    │ Industry     : Construcción / obras
    │ Date posted  : 2026-08-18
    │ Deadline     : 2026-10-17
    │ External ID  : 0A39A95DDC2ABB3E
    │ Description  : ¡Atrévete a construir tu futuro con nosotros! Somos una constructora con más de 38 años de trayectoria, Creemos que las grandes obras se construyen con personas que sueñan en grande, por eso estamos e…
    └───────────────────────────────────────────────────────
2026-09-27 14:38:48,199 DEBUG https://colombia.mimusjobs.com:443 "GET /wp-json/wp/v2/companies?slug=ocobo-construcciones-s-a-s HTTP/1.1" 200 None
2026-09-27 14:38:48,199 INFO ⏭ Company exists: OCOBO CONSTRUCCIONES S.A.S
2026-09-27 14:38:49,352 DEBUG https://colombia.mimusjobs.com:443 "GET /wp-json/wp/v2/job-listings?slug=asesor-comercial-proyectos-de-vivienda---bogot- HTTP/1.1" 200 None
2026-09-27 14:38:50,781 DEBUG https://colombia.mimusjobs.com:443 "POST /wp-json/wp/v2/job-listings HTTP/1.1" 201 None
2026-09-27 14:38:50,783 INFO ✅ Job posted: 'Asesor Comercial proyectos de vivienda - Bogotá' → WP ID 40115
2026-09-27 14:38:50,783 INFO ✅ SUCCESS — 'Asesor Comercial proyectos de vivienda - Bogotá' → WP ID=40115 🔗 https://colombia.mimusjobs.com/job/asesor-comercial-proyectos-de-vivienda-bogota-2/
2026-09-27 14:38:51,783 INFO ── https://co.computrabajo.com/empleos-en-bogota-dc | page 5 | job 19/20: https://co.computrabajo.com/ofertas-de-trabajo/oferta-de-trabajo-de-coordinador-de-seleccion-bogota-en-bogota-dc-5D093647CF1CBFA561373E686DCF3405
2026-09-27 14:38:51,883 DEBUG https://co.computrabajo.com:443 "GET /ofertas-de-trabajo/oferta-de-trabajo-de-coordinador-de-seleccion-bogota-en-bogota-dc-5D093647CF1CBFA561373E686DCF3405 HTTP/1.1" 200 None
2026-09-27 14:38:51,885 DEBUG     GET https://co.computrabajo.com/ofertas-de-trabajo/oferta-de-trabajo-de-coordinador-de-seleccion-bogota-en-bogota-dc-5D093647CF1CBFA561373E686DCF3405 → HTTP 200 (149,802 chars)
2026-09-27 14:38:51,900 WARNING No JobPosting JSON-LD found, using HTML fallback: https://co.computrabajo.com/ofertas-de-trabajo/oferta-de-trabajo-de-coordinador-de-seleccion-bogota-en-bogota-dc-5D093647CF1CBFA561373E686DCF3405
2026-09-27 14:38:51,901 INFO     ┌─ SCRAPED JOB ─────────────────────────────────────────
    │ URL          : https://co.computrabajo.com/ofertas-de-trabajo/oferta-de-trabajo-de-coordinador-de-seleccion-bogota-en-bogota-dc-5D093647CF1CBFA561373E686DCF3405
    │ Title        : Coordinador de Selección - Bogotá
    │ Company      : Importante empresa del sector
    │ Location     : Bogotá, D.C., Bogotá, D.C.
    │ Job type     : full-time
    │ Salary       : A convenir COP
    │ Industry     : (none)
    │ Date posted  : (unknown)
    │ Deadline     : (estimated: )
    │ External ID  : (none)
    │ Description  : Importante empresa del sector se encuentra en la busqueda de Coordinador de Selección y Reclutamiento en la ciudad de Bogotá, esta persona sera encargada de manejar procesos de selección a nivel nacio…
    └───────────────────────────────────────────────────────
2026-09-27 14:38:52,928 DEBUG https://colombia.mimusjobs.com:443 "GET /wp-json/wp/v2/companies?slug=importante-empresa-del-sector HTTP/1.1" 200 None
2026-09-27 14:38:52,928 INFO ⏭ Company exists: Importante empresa del sector
2026-09-27 14:38:53,963 DEBUG https://colombia.mimusjobs.com:443 "GET /wp-json/wp/v2/job-listings?slug=coordinador-de-selecci-n---bogot- HTTP/1.1" 200 None
2026-09-27 14:38:55,414 DEBUG https://colombia.mimusjobs.com:443 "POST /wp-json/wp/v2/job-listings HTTP/1.1" 201 None
2026-09-27 14:38:55,414 INFO ✅ Job posted: 'Coordinador de Selección - Bogotá' → WP ID 40116
2026-09-27 14:38:55,415 INFO ✅ SUCCESS — 'Coordinador de Selección - Bogotá' → WP ID=40116 🔗 https://colombia.mimusjobs.com/job/coordinador-de-seleccion-bogota-2/
2026-09-27 14:38:56,415 INFO ── https://co.computrabajo.com/empleos-en-bogota-dc | page 5 | job 20/20: https://co.computrabajo.com/ofertas-de-trabajo/oferta-de-trabajo-de-ingeniero-desarrollo-en-inteligencia-artificial-en-bogota-dc-CE4331CC318B281F61373E686DCF3405
2026-09-27 14:38:56,632 DEBUG https://co.computrabajo.com:443 "GET /ofertas-de-trabajo/oferta-de-trabajo-de-ingeniero-desarrollo-en-inteligencia-artificial-en-bogota-dc-CE4331CC318B281F61373E686DCF3405 HTTP/1.1" 200 None
2026-09-27 14:38:56,635 DEBUG     GET https://co.computrabajo.com/ofertas-de-trabajo/oferta-de-trabajo-de-ingeniero-desarrollo-en-inteligencia-artificial-en-bogota-dc-CE4331CC318B281F61373E686DCF3405 → HTTP 200 (162,606 chars)
2026-09-27 14:38:56,653 INFO     ┌─ SCRAPED JOB ─────────────────────────────────────────
    │ URL          : https://co.computrabajo.com/ofertas-de-trabajo/oferta-de-trabajo-de-ingeniero-desarrollo-en-inteligencia-artificial-en-bogota-dc-CE4331CC318B281F61373E686DCF3405
    │ Title        : ingeniero desarrollo - en Inteligencia Artificial
    │ Company      : EDICIONES PERIODISTICAS DIARIO DEL SUR S.A.S
    │ Location     : Bogotá, D.C.
    │ Job type     : full-time
    │ Salary       : (not listed)
    │ Industry     : Telecomunicaciones
    │ Date posted  : 2026-08-18
    │ Deadline     : 2026-10-17
    │ External ID  : F44AA721D31E80D8
    │ Description  : Estamos contratando | Ingeniero Web con Énfasis en Inteligencia Artificial Nuestro equipo de Diseño & Desarrollo Digital está en búsqueda de un profesional técnico con visión estratégica, capaz de lid…
    └───────────────────────────────────────────────────────
2026-09-27 14:38:57,390 DEBUG https://colombia.mimusjobs.com:443 "GET /wp-json/wp/v2/companies?slug=ediciones-periodisticas-diario-del-sur-s-a-s HTTP/1.1" 200 None
2026-09-27 14:38:57,390 INFO ⏭ Company exists: EDICIONES PERIODISTICAS DIARIO DEL SUR S.A.S
2026-09-27 14:38:58,564 DEBUG https://colombia.mimusjobs.com:443 "GET /wp-json/wp/v2/job-listings?slug=ingeniero-desarrollo---en-inteligencia-artificial HTTP/1.1" 200 None
2026-09-27 14:38:58,565 INFO ⏭ Job already on WP: ingeniero desarrollo - en Inteligencia Artificial
2026-09-27 14:38:58,565 INFO ✅ SUCCESS — 'ingeniero desarrollo - en Inteligencia Artificial' → WP ID=17298 🔗 https://colombia.mimusjobs.com/job/ingeniero-desarrollo-en-inteligencia-artificial/
2026-09-27 14:38:59,566 INFO 📊 Running totals — posted: 95 | skipped: 5 | failed: 0
2026-09-27 14:38:59,566 INFO Fetching listing page 6: https://co.computrabajo.com/empleos-en-bogota-dc?p=6
2026-09-27 14:38:59,680 DEBUG https://co.computrabajo.com:443 "GET /empleos-en-bogota-dc?p=6 HTTP/1.1" 200 None
2026-09-27 14:38:59,685 DEBUG     GET https://co.computrabajo.com/empleos-en-bogota-dc?p=6 → HTTP 200 (327,133 chars)
2026-09-27 14:38:59,722 INFO Found 20 job URLs on page 6
2026-09-27 14:38:59,722 DEBUG     job 1: https://co.computrabajo.com/ofertas-de-trabajo/oferta-de-trabajo-de-asesora-comercial-call-center-contrato-indefinido-experiencia-formalinformal-contrato-indefinido-en-bogota-dc-F2F3786BADA17BC161373E686DCF3405
2026-09-27 14:38:59,722 DEBUG     job 2: https://co.computrabajo.com/ofertas-de-trabajo/oferta-de-trabajo-de-tecnico-electronico-con-experiencia-en-cajeros-y-billeteros-bogota-bogota-contratacion-inmediata-en-bogota-dc-19F3B92D50D47CF161373E686DCF3405
2026-09-27 14:38:59,722 DEBUG     job 3: https://co.computrabajo.com/ofertas-de-trabajo/oferta-de-trabajo-de-conductor-logistico-licencia-c2-en-bogota-dc-D176940647D5A3DE61373E686DCF3405
2026-09-27 14:38:59,722 DEBUG     job 4: https://co.computrabajo.com/ofertas-de-trabajo/oferta-de-trabajo-de-administrador-de-punto-dispensacion-farmacia-soacha-cundinamarca-en-bogota-dc-C4AFE668904CD8D061373E686DCF3405
2026-09-27 14:38:59,722 DEBUG     job 5: https://co.computrabajo.com/ofertas-de-trabajo/oferta-de-trabajo-de-analista-hseq-bogota-en-bogota-dc-0AD6A8A7D12FF6DE61373E686DCF3405
2026-09-27 14:38:59,722 DEBUG     job 6: https://co.computrabajo.com/ofertas-de-trabajo/oferta-de-trabajo-de-bodeguero-sector-retail-bogota-en-bogota-dc-E9E522365BBEACE961373E686DCF3405
2026-09-27 14:38:59,722 DEBUG     job 7: https://co.computrabajo.com/ofertas-de-trabajo/oferta-de-trabajo-de-tec-aux-farmaciaaux-servicios-farmaceuticos-asesor-medicamentos-vendedor-farmacia-en-bogota-dc-6726E467B541DF6561373E686DCF3405
2026-09-27 14:38:59,722 DEBUG     job 8: https://co.computrabajo.com/ofertas-de-trabajo/oferta-de-trabajo-de-tecnico-logistico-de-almacen-de-obra-urgente-en-bogota-dc-F7E0519D44FAC62D61373E686DCF3405
2026-09-27 14:38:59,722 DEBUG     job 9: https://co.computrabajo.com/ofertas-de-trabajo/oferta-de-trabajo-de-urgenteasesor-sac-soporte-factura-call-center-trabaja-6-horas-contratacion-inmediata-en-bogota-dc-22E29C9886C9E7F761373E686DCF3405
2026-09-27 14:38:59,722 DEBUG     job 10: https://co.computrabajo.com/ofertas-de-trabajo/oferta-de-trabajo-de-convocatoria-ayudante-de-obra-en-bogota-dc-C0EB61952C96663761373E686DCF3405
2026-09-27 14:38:59,722 DEBUG     job 11: https://co.computrabajo.com/ofertas-de-trabajo/oferta-de-trabajo-de-operario-de-dispensacion-para-empresa-del-sector-farmaceutico-un-ano-de-experiencia-en-bogota-dc-0A442FC76BC2319761373E686DCF3405
2026-09-27 14:38:59,722 DEBUG     job 12: https://co.computrabajo.com/ofertas-de-trabajo/oferta-de-trabajo-de-tecnologo-en-sst-bogota-disponibilidad-de-viajar-en-bogota-dc-BD3FE605549AA64A61373E686DCF3405
2026-09-27 14:38:59,722 DEBUG     job 13: https://co.computrabajo.com/ofertas-de-trabajo/oferta-de-trabajo-de-agente-chat-center-en-bogota-dc-A7E73419429305FC61373E686DCF3405
2026-09-27 14:38:59,723 DEBUG     job 14: https://co.computrabajo.com/ofertas-de-trabajo/oferta-de-trabajo-de-asesor-servicio-al-cliente-apuestas-deportivaschat-en-bogota-dc-03A51DF74A5946A661373E686DCF3405
2026-09-27 14:38:59,723 DEBUG     job 15: https://co.computrabajo.com/ofertas-de-trabajo/oferta-de-trabajo-de-auxiliar-administrativo-en-bogota-dc-CDE8B930B76FB6F061373E686DCF3405
2026-09-27 14:38:59,723 DEBUG     job 16: https://co.computrabajo.com/ofertas-de-trabajo/oferta-de-trabajo-de-analista-de-operaciones-logisticas-ultima-milla-urgente-para-zona-franca-de-fontibon-en-bogota-dc-04AFEB76B12B34B061373E686DCF3405
2026-09-27 14:38:59,723 DEBUG     job 17: https://co.computrabajo.com/ofertas-de-trabajo/oferta-de-trabajo-de-asesores-call-center-ventas-telecomunicaciones-zona-franca-de-fontibon-contratacion-inmediata-en-bogota-dc-C38941EB4341944961373E686DCF3405
2026-09-27 14:38:59,723 DEBUG     job 18: https://co.computrabajo.com/ofertas-de-trabajo/oferta-de-trabajo-de-agente-de-ventas-call-center--todos-los-segmentos-zona-franca-de-fontibon-contratacion-inmediata-en-bogota-dc-BF9F60B3E4D4DA8461373E686DCF3405
2026-09-27 14:38:59,723 DEBUG     job 19: https://co.computrabajo.com/ofertas-de-trabajo/oferta-de-trabajo-de-auxiliar-de-zonificado-y-ruteo-urgente-para-zona-franca-de-fontibon-en-bogota-dc-A88907BD5316E6DC61373E686DCF3405
2026-09-27 14:38:59,723 DEBUG     job 20: https://co.computrabajo.com/ofertas-de-trabajo/oferta-de-trabajo-de-asesor-call-center-retencion-y-fidelizacion-zona-franca-de-fontibon-contratacion-inmediata-en-bogota-dc-7D956C4B236007F861373E686DCF3405
2026-09-27 14:38:59,723 INFO ── https://co.computrabajo.com/empleos-en-bogota-dc | page 6 | job 1/20: https://co.computrabajo.com/ofertas-de-trabajo/oferta-de-trabajo-de-asesora-comercial-call-center-contrato-indefinido-experiencia-formalinformal-contrato-indefinido-en-bogota-dc-F2F3786BADA17BC161373E686DCF3405
2026-09-27 14:38:59,822 DEBUG https://co.computrabajo.com:443 "GET /ofertas-de-trabajo/oferta-de-trabajo-de-asesora-comercial-call-center-contrato-indefinido-experiencia-formalinformal-contrato-indefinido-en-bogota-dc-F2F3786BADA17BC161373E686DCF3405 HTTP/1.1" 200 None
2026-09-27 14:38:59,824 DEBUG     GET https://co.computrabajo.com/ofertas-de-trabajo/oferta-de-trabajo-de-asesora-comercial-call-center-contrato-indefinido-experiencia-formalinformal-contrato-indefinido-en-bogota-dc-F2F3786BADA17BC161373E686DCF3405 → HTTP 200 (170,049 chars)
2026-09-27 14:38:59,843 INFO     ┌─ SCRAPED JOB ─────────────────────────────────────────
    │ URL          : https://co.computrabajo.com/ofertas-de-trabajo/oferta-de-trabajo-de-asesora-comercial-call-center-contrato-indefinido-experiencia-formalinformal-contrato-indefinido-en-bogota-dc-F2F3786BADA17BC161373E686DCF3405
    │ Title        : Asesor(a) comercial Call center contrato indefinido - experiencia formal/informal contrato indefinido
    │ Company      : ASISTE ING BPO
    │ Location     : Bogotá, D.C.
    │ Job type     : full-time
    │ Salary       : 2000000 COP
    │ Industry     : Telecomunicaciones
    │ Date posted  : 2026-09-25
    │ Deadline     : 2026-11-24
    │ External ID  : 5C5691498D4E9CA9
    │ Description  : Estamos buscando personas con energía, compromiso y orientación a resultados para integrarse a nuestro equipo comercial. ¿QUE ENCONTRARAS? - Contrato indefinido - SMMLV + todas las prestaciones de ley…
    └───────────────────────────────────────────────────────
2026-09-27 14:39:00,856 DEBUG https://colombia.mimusjobs.com:443 "GET /wp-json/wp/v2/companies?slug=asiste-ing-bpo HTTP/1.1" 200 None
2026-09-27 14:39:00,856 INFO ⏭ Company exists: ASISTE ING BPO
2026-09-27 14:39:01,578 DEBUG https://colombia.mimusjobs.com:443 "GET /wp-json/wp/v2/job-listings?slug=asesor-a--comercial-call-center-contrato-indefinido---experiencia-formal-informa HTTP/1.1" 200 None
2026-09-27 14:39:01,582 DEBUG https://ii.ct-stc.com:443 "GET /1/logos/empresas/2025/12/04/fae798645d8f4f578bdd150532046thumbnail.jpg HTTP/1.1" 200 6405
2026-09-27 14:39:02,552 DEBUG https://colombia.mimusjobs.com:443 "POST /wp-json/wp/v2/media HTTP/1.1" 201 None
2026-09-27 14:39:04,209 DEBUG https://colombia.mimusjobs.com:443 "POST /wp-json/wp/v2/job-listings HTTP/1.1" 201 None
2026-09-27 14:39:04,210 INFO ✅ Job posted: 'Asesor(a) comercial Call center contrato indefinido - experiencia formal/informal contrato indefinido' → WP ID 40118
2026-09-27 14:39:04,210 INFO ✅ SUCCESS — 'Asesor(a) comercial Call center contrato indefinido - experiencia formal/informal contrato indefinido' → WP ID=40118 🔗 https://colombia.mimusjobs.com/job/asesora-comercial-call-center-contrato-indefinido-experiencia-formal-informal-contrato-indefinido-2/
2026-09-27 14:39:05,210 INFO ── https://co.computrabajo.com/empleos-en-bogota-dc | page 6 | job 2/20: https://co.computrabajo.com/ofertas-de-trabajo/oferta-de-trabajo-de-tecnico-electronico-con-experiencia-en-cajeros-y-billeteros-bogota-bogota-contratacion-inmediata-en-bogota-dc-19F3B92D50D47CF161373E686DCF3405
2026-09-27 14:39:05,312 DEBUG https://co.computrabajo.com:443 "GET /ofertas-de-trabajo/oferta-de-trabajo-de-tecnico-electronico-con-experiencia-en-cajeros-y-billeteros-bogota-bogota-contratacion-inmediata-en-bogota-dc-19F3B92D50D47CF161373E686DCF3405 HTTP/1.1" 200 None
2026-09-27 14:39:05,315 DEBUG     GET https://co.computrabajo.com/ofertas-de-trabajo/oferta-de-trabajo-de-tecnico-electronico-con-experiencia-en-cajeros-y-billeteros-bogota-bogota-contratacion-inmediata-en-bogota-dc-19F3B92D50D47CF161373E686DCF3405 → HTTP 200 (172,634 chars)
2026-09-27 14:39:05,336 INFO     ┌─ SCRAPED JOB ─────────────────────────────────────────
    │ URL          : https://co.computrabajo.com/ofertas-de-trabajo/oferta-de-trabajo-de-tecnico-electronico-con-experiencia-en-cajeros-y-billeteros-bogota-bogota-contratacion-inmediata-en-bogota-dc-19F3B92D50D47CF161373E686DCF3405
    │ Title        : Técnico electrónico / con experiencia en cajeros y billeteros/ Bogota - Bogota contratacion inmediata
    │ Company      : Productividad Empresarial SAS
    │ Location     : Bogotá, D.C.
    │ Job type     : full-time
    │ Salary       : 3100000 COP
    │ Industry     : RRHH / Personal
    │ Date posted  : 2026-09-11
    │ Deadline     : 2026-11-10
    │ External ID  : 159A8948D2C691D1
    │ Description  : ¡Estamos contratando! Importante empresa de casinos en Cundinamarca y Bogota, buscar para su equipo de trabajo *Técnico Electrónico* · Indispensable
 Técnico en Electrónica o Electricidad (certificado…
    └───────────────────────────────────────────────────────
2026-09-27 14:39:06,137 DEBUG https://colombia.mimusjobs.com:443 "GET /wp-json/wp/v2/companies?slug=productividad-empresarial-sas HTTP/1.1" 200 None
2026-09-27 14:39:06,137 INFO ⏭ Company exists: Productividad Empresarial SAS
2026-09-27 14:39:06,832 DEBUG https://colombia.mimusjobs.com:443 "GET /wp-json/wp/v2/job-listings?slug=t-cnico-electr-nico---con-experiencia-en-cajeros-y-billeteros--bogota---bogota-c HTTP/1.1" 200 None
2026-09-27 14:39:06,982 DEBUG https://ii.ct-stc.com:443 "GET /1/logos/empresas/2019/06/20/c5ca3124e9cc489183f8213107537thumbnail.png HTTP/1.1" 200 9022
2026-09-27 14:39:08,104 DEBUG https://colombia.mimusjobs.com:443 "POST /wp-json/wp/v2/media HTTP/1.1" 201 None
2026-09-27 14:39:09,241 DEBUG https://colombia.mimusjobs.com:443 "POST /wp-json/wp/v2/job-listings HTTP/1.1" 201 None
2026-09-27 14:39:09,241 INFO ✅ Job posted: 'Técnico electrónico / con experiencia en cajeros y billeteros/ Bogota - Bogota contratacion inmediata' → WP ID 40122
2026-09-27 14:39:09,241 INFO ✅ SUCCESS — 'Técnico electrónico / con experiencia en cajeros y billeteros/ Bogota - Bogota contratacion inmediata' → WP ID=40122 🔗 https://colombia.mimusjobs.com/job/tecnico-electronico-con-experiencia-en-cajeros-y-billeteros-bogota-bogota-contratacion-inmediata-2/
2026-09-27 14:39:10,242 INFO ── https://co.computrabajo.com/empleos-en-bogota-dc | page 6 | job 3/20: https://co.computrabajo.com/ofertas-de-trabajo/oferta-de-trabajo-de-conductor-logistico-licencia-c2-en-bogota-dc-D176940647D5A3DE61373E686DCF3405
2026-09-27 14:39:10,326 DEBUG https://co.computrabajo.com:443 "GET /ofertas-de-trabajo/oferta-de-trabajo-de-conductor-logistico-licencia-c2-en-bogota-dc-D176940647D5A3DE61373E686DCF3405 HTTP/1.1" 200 None
2026-09-27 14:39:10,329 DEBUG     GET https://co.computrabajo.com/ofertas-de-trabajo/oferta-de-trabajo-de-conductor-logistico-licencia-c2-en-bogota-dc-D176940647D5A3DE61373E686DCF3405 → HTTP 200 (172,453 chars)
2026-09-27 14:39:10,350 INFO     ┌─ SCRAPED JOB ─────────────────────────────────────────
    │ URL          : https://co.computrabajo.com/ofertas-de-trabajo/oferta-de-trabajo-de-conductor-logistico-licencia-c2-en-bogota-dc-D176940647D5A3DE61373E686DCF3405
    │ Title        : Conductor Logistico / Licencia C2
    │ Company      : Trabajadores Temporales S.A.S.
    │ Location     : Bogotá, D.C.
    │ Job type     : full-time
    │ Salary       : 1800000 COP
    │ Industry     : RRHH / Personal
    │ Date posted  : 2026-08-26
    │ Deadline     : 2026-10-25
    │ External ID  : F5DF6D2185A507CC
    │ Description  : Importante empresa del sector textil se encuentra en la búsqueda de personal masculino para fortalecer su equipo de trabajo en Bogotá Cargo: Conductor Licencia C2 Perfil: Bachiller académico Experienc…
    └───────────────────────────────────────────────────────
2026-09-27 14:39:11,487 DEBUG https://colombia.mimusjobs.com:443 "GET /wp-json/wp/v2/companies?slug=trabajadores-temporales-s-a-s- HTTP/1.1" 200 None
2026-09-27 14:39:11,487 INFO ⏭ Company exists: Trabajadores Temporales S.A.S.
2026-09-27 14:39:12,329 DEBUG https://colombia.mimusjobs.com:443 "GET /wp-json/wp/v2/job-listings?slug=conductor-logistico---licencia-c2 HTTP/1.1" 200 None
2026-09-27 14:39:12,330 INFO ⏭ Job already on WP: Conductor Logistico / Licencia C2
2026-09-27 14:39:12,330 INFO ✅ SUCCESS — 'Conductor Logistico / Licencia C2' → WP ID=16877 🔗 https://colombia.mimusjobs.com/job/conductor-logistico-licencia-c2/
2026-09-27 14:39:13,330 INFO ── https://co.computrabajo.com/empleos-en-bogota-dc | page 6 | job 4/20: https://co.computrabajo.com/ofertas-de-trabajo/oferta-de-trabajo-de-administrador-de-punto-dispensacion-farmacia-soacha-cundinamarca-en-bogota-dc-C4AFE668904CD8D061373E686DCF3405
2026-09-27 14:39:13,449 DEBUG https://co.computrabajo.com:443 "GET /ofertas-de-trabajo/oferta-de-trabajo-de-administrador-de-punto-dispensacion-farmacia-soacha-cundinamarca-en-bogota-dc-C4AFE668904CD8D061373E686DCF3405 HTTP/1.1" 200 None
2026-09-27 14:39:13,453 DEBUG     GET https://co.computrabajo.com/ofertas-de-trabajo/oferta-de-trabajo-de-administrador-de-punto-dispensacion-farmacia-soacha-cundinamarca-en-bogota-dc-C4AFE668904CD8D061373E686DCF3405 → HTTP 200 (153,103 chars)
2026-09-27 14:39:13,468 WARNING No JobPosting JSON-LD found, using HTML fallback: https://co.computrabajo.com/ofertas-de-trabajo/oferta-de-trabajo-de-administrador-de-punto-dispensacion-farmacia-soacha-cundinamarca-en-bogota-dc-C4AFE668904CD8D061373E686DCF3405
2026-09-27 14:39:13,470 INFO     ┌─ SCRAPED JOB ─────────────────────────────────────────
    │ URL          : https://co.computrabajo.com/ofertas-de-trabajo/oferta-de-trabajo-de-administrador-de-punto-dispensacion-farmacia-soacha-cundinamarca-en-bogota-dc-C4AFE668904CD8D061373E686DCF3405
    │ Title        : Administrador de punto dispensación (Farmacia) - Soacha Cundinamarca
    │ Company      : Importante empresa del sector
    │ Location     : Bogotá, D.C., Bogotá, D.C.
    │ Job type     : full-time
    │ Salary       : $ 3.000.000,00 (Mensual) COP
    │ Industry     : (none)
    │ Date posted  : (unknown)
    │ Deadline     : (estimated: )
    │ External ID  : (none)
    │ Description  : Esta oportunidad puede ser para ti, lee los siguientes requisitos y si cumples, aplica con tu hoja de vida actualizada para participar en esta convocatoria: Importante empresa del sector farmacéutico …
    └───────────────────────────────────────────────────────
2026-09-27 14:39:14,702 DEBUG https://colombia.mimusjobs.com:443 "GET /wp-json/wp/v2/companies?slug=importante-empresa-del-sector HTTP/1.1" 200 None
2026-09-27 14:39:14,702 INFO ⏭ Company exists: Importante empresa del sector
2026-09-27 14:39:15,796 DEBUG https://colombia.mimusjobs.com:443 "GET /wp-json/wp/v2/job-listings?slug=administrador-de-punto-dispensaci-n--farmacia----soacha-cundinamarca HTTP/1.1" 200 None
2026-09-27 14:39:17,143 DEBUG https://colombia.mimusjobs.com:443 "POST /wp-json/wp/v2/job-listings HTTP/1.1" 201 None
2026-09-27 14:39:17,146 INFO ✅ Job posted: 'Administrador de punto dispensación (Farmacia) - Soacha Cundinamarca' → WP ID 40123
2026-09-27 14:39:17,147 INFO ✅ SUCCESS — 'Administrador de punto dispensación (Farmacia) - Soacha Cundinamarca' → WP ID=40123 🔗 https://colombia.mimusjobs.com/job/administrador-de-punto-dispensacion-farmacia-soacha-cundinamarca-2/
2026-09-27 14:39:18,147 INFO ── https://co.computrabajo.com/empleos-en-bogota-dc | page 6 | job 5/20: https://co.computrabajo.com/ofertas-de-trabajo/oferta-de-trabajo-de-analista-hseq-bogota-en-bogota-dc-0AD6A8A7D12FF6DE61373E686DCF3405
2026-09-27 14:39:18,245 DEBUG https://co.computrabajo.com:443 "GET /ofertas-de-trabajo/oferta-de-trabajo-de-analista-hseq-bogota-en-bogota-dc-0AD6A8A7D12FF6DE61373E686DCF3405 HTTP/1.1" 200 None
2026-09-27 14:39:18,248 DEBUG     GET https://co.computrabajo.com/ofertas-de-trabajo/oferta-de-trabajo-de-analista-hseq-bogota-en-bogota-dc-0AD6A8A7D12FF6DE61373E686DCF3405 → HTTP 200 (174,248 chars)
2026-09-27 14:39:18,294 INFO     ┌─ SCRAPED JOB ─────────────────────────────────────────
    │ URL          : https://co.computrabajo.com/ofertas-de-trabajo/oferta-de-trabajo-de-analista-hseq-bogota-en-bogota-dc-0AD6A8A7D12FF6DE61373E686DCF3405
    │ Title        : Analista HSEQ - Bogotá
    │ Company      : Adecco Colombia S.A.
    │ Location     : Bogotá, D.C.
    │ Job type     : full-time
    │ Salary       : 2320000 COP
    │ Industry     : RRHH / Personal
    │ Date posted  : 2026-09-11
    │ Deadline     : 2026-11-10
    │ External ID  : F9FF1FBA81D6FD54
    │ Description  : Si te apasiona la seguridad y salud en el trabajo, la gestión ambiental y la calidad, ¡queremos que hagas parte de nuestro equipo en Adecco!
 ¿Qué buscamos?
 Tecnólogo(a) con licencia SST vigente (req…
    └───────────────────────────────────────────────────────
2026-09-27 14:39:19,150 DEBUG https://colombia.mimusjobs.com:443 "GET /wp-json/wp/v2/companies?slug=adecco-colombia-s-a- HTTP/1.1" 200 None
2026-09-27 14:39:19,150 INFO ⏭ Company exists: Adecco Colombia S.A.
2026-09-27 14:39:19,892 DEBUG https://colombia.mimusjobs.com:443 "GET /wp-json/wp/v2/job-listings?slug=analista-hseq---bogot- HTTP/1.1" 200 None
2026-09-27 14:39:20,047 DEBUG https://ii.ct-stc.com:443 "GET /1/logos/empresas/2025/07/22//adecco-colombia-sa174640thumbnail.png HTTP/1.1" 200 6638
2026-09-27 14:39:21,214 DEBUG https://colombia.mimusjobs.com:443 "POST /wp-json/wp/v2/media HTTP/1.1" 201 None
2026-09-27 14:39:22,652 DEBUG https://colombia.mimusjobs.com:443 "POST /wp-json/wp/v2/job-listings HTTP/1.1" 201 None
2026-09-27 14:39:22,653 INFO ✅ Job posted: 'Analista HSEQ - Bogotá' → WP ID 40126
2026-09-27 14:39:22,653 INFO ✅ SUCCESS — 'Analista HSEQ - Bogotá' → WP ID=40126 🔗 https://colombia.mimusjobs.com/job/analista-hseq-bogota-2/
2026-09-27 14:39:23,653 INFO ── https://co.computrabajo.com/empleos-en-bogota-dc | page 6 | job 6/20: https://co.computrabajo.com/ofertas-de-trabajo/oferta-de-trabajo-de-bodeguero-sector-retail-bogota-en-bogota-dc-E9E522365BBEACE961373E686DCF3405
2026-09-27 14:39:23,763 DEBUG https://co.computrabajo.com:443 "GET /ofertas-de-trabajo/oferta-de-trabajo-de-bodeguero-sector-retail-bogota-en-bogota-dc-E9E522365BBEACE961373E686DCF3405 HTTP/1.1" 200 None
2026-09-27 14:39:23,766 DEBUG     GET https://co.computrabajo.com/ofertas-de-trabajo/oferta-de-trabajo-de-bodeguero-sector-retail-bogota-en-bogota-dc-E9E522365BBEACE961373E686DCF3405 → HTTP 200 (172,304 chars)
2026-09-27 14:39:23,787 INFO     ┌─ SCRAPED JOB ─────────────────────────────────────────
    │ URL          : https://co.computrabajo.com/ofertas-de-trabajo/oferta-de-trabajo-de-bodeguero-sector-retail-bogota-en-bogota-dc-E9E522365BBEACE961373E686DCF3405
    │ Title        : Bodeguero Sector Retail / Bogota
    │ Company      : Jiro S.A.
    │ Location     : Bogotá, D.C.
    │ Job type     : full-time
    │ Salary       : (not listed)
    │ Industry     : RRHH / Personal
    │ Date posted  : 2026-09-11
    │ Deadline     : 2026-11-10
    │ External ID  : 7420832D1357123E
    │ Description  : ¡Buscamos Bodeguero sector Retail! 
 Centro Comercial
 Domingo a Domingo con un dia de descanso a la semana
 SMLV + Aux de transporte + Recargos dominicales y festivas 
 Contrato por obra o labor
 Per…
    └───────────────────────────────────────────────────────
2026-09-27 14:39:24,444 DEBUG https://colombia.mimusjobs.com:443 "GET /wp-json/wp/v2/companies?slug=jiro-s-a- HTTP/1.1" 200 None
2026-09-27 14:39:24,445 INFO ⏭ Company exists: Jiro S.A.
2026-09-27 14:39:25,079 DEBUG https://colombia.mimusjobs.com:443 "GET /wp-json/wp/v2/job-listings?slug=bodeguero-sector-retail---bogota HTTP/1.1" 200 None
2026-09-27 14:39:25,079 INFO ⏭ Job already on WP: Bodeguero Sector Retail / Bogota
2026-09-27 14:39:25,080 INFO ✅ SUCCESS — 'Bodeguero Sector Retail / Bogota' → WP ID=16711 🔗 https://colombia.mimusjobs.com/job/bodeguero-sector-retail-bogota/
2026-09-27 14:39:26,080 INFO ── https://co.computrabajo.com/empleos-en-bogota-dc | page 6 | job 7/20: https://co.computrabajo.com/ofertas-de-trabajo/oferta-de-trabajo-de-tec-aux-farmaciaaux-servicios-farmaceuticos-asesor-medicamentos-vendedor-farmacia-en-bogota-dc-6726E467B541DF6561373E686DCF3405
2026-09-27 14:39:26,161 DEBUG https://co.computrabajo.com:443 "GET /ofertas-de-trabajo/oferta-de-trabajo-de-tec-aux-farmaciaaux-servicios-farmaceuticos-asesor-medicamentos-vendedor-farmacia-en-bogota-dc-6726E467B541DF6561373E686DCF3405 HTTP/1.1" 200 None
2026-09-27 14:39:26,164 DEBUG     GET https://co.computrabajo.com/ofertas-de-trabajo/oferta-de-trabajo-de-tec-aux-farmaciaaux-servicios-farmaceuticos-asesor-medicamentos-vendedor-farmacia-en-bogota-dc-6726E467B541DF6561373E686DCF3405 → HTTP 200 (184,822 chars)
2026-09-27 14:39:26,186 INFO     ┌─ SCRAPED JOB ─────────────────────────────────────────
    │ URL          : https://co.computrabajo.com/ofertas-de-trabajo/oferta-de-trabajo-de-tec-aux-farmaciaaux-servicios-farmaceuticos-asesor-medicamentos-vendedor-farmacia-en-bogota-dc-6726E467B541DF6561373E686DCF3405
    │ Title        : Tec aux farmacia/aux servicios farmaceuticos - Asesor medicamentos vendedor farmacia
    │ Company      : AMERICAS BUSINESS PROCESS SERVICES S.A
    │ Location     : Bogotá, D.C.
    │ Job type     : full-time
    │ Salary       : 2000000 COP
    │ Industry     : Telecomunicaciones
    │ Date posted  : 2026-09-11
    │ Deadline     : 2026-11-10
    │ External ID  : 91510608568F42DD
    │ Description  : ¡Únete a nuestro equipo como Auxiliar de Farmacia en Bogotá! Buscamos talento con pasión por la atención al cliente y las ventas. Si cumples con el perfil, esta es tu oportunidad de generar excelentes…
    └───────────────────────────────────────────────────────
2026-09-27 14:39:26,972 DEBUG https://colombia.mimusjobs.com:443 "GET /wp-json/wp/v2/companies?slug=americas-business-process-services-s-a HTTP/1.1" 200 None
2026-09-27 14:39:26,972 INFO ⏭ Company exists: AMERICAS BUSINESS PROCESS SERVICES S.A
2026-09-27 14:39:27,866 DEBUG https://colombia.mimusjobs.com:443 "GET /wp-json/wp/v2/job-listings?slug=tec-aux-farmacia-aux-servicios-farmaceuticos---asesor-medicamentos-vendedor-farm HTTP/1.1" 200 None
2026-09-27 14:39:30,224 DEBUG https://colombia.mimusjobs.com:443 "POST /wp-json/wp/v2/job-listings HTTP/1.1" 201 None
2026-09-27 14:39:30,224 INFO ✅ Job posted: 'Tec aux farmacia/aux servicios farmaceuticos - Asesor medicamentos vendedor farmacia' → WP ID 40128
2026-09-27 14:39:30,224 INFO ✅ SUCCESS — 'Tec aux farmacia/aux servicios farmaceuticos - Asesor medicamentos vendedor farmacia' → WP ID=40128 🔗 https://colombia.mimusjobs.com/job/tec-aux-farmacia-aux-servicios-farmaceuticos-asesor-medicamentos-vendedor-farmacia-2/
2026-09-27 14:39:31,224 INFO ── https://co.computrabajo.com/empleos-en-bogota-dc | page 6 | job 8/20: https://co.computrabajo.com/ofertas-de-trabajo/oferta-de-trabajo-de-tecnico-logistico-de-almacen-de-obra-urgente-en-bogota-dc-F7E0519D44FAC62D61373E686DCF3405
2026-09-27 14:39:31,327 DEBUG https://co.computrabajo.com:443 "GET /ofertas-de-trabajo/oferta-de-trabajo-de-tecnico-logistico-de-almacen-de-obra-urgente-en-bogota-dc-F7E0519D44FAC62D61373E686DCF3405 HTTP/1.1" 200 None
2026-09-27 14:39:31,330 DEBUG     GET https://co.computrabajo.com/ofertas-de-trabajo/oferta-de-trabajo-de-tecnico-logistico-de-almacen-de-obra-urgente-en-bogota-dc-F7E0519D44FAC62D61373E686DCF3405 → HTTP 200 (178,147 chars)
2026-09-27 14:39:31,352 INFO     ┌─ SCRAPED JOB ─────────────────────────────────────────
    │ URL          : https://co.computrabajo.com/ofertas-de-trabajo/oferta-de-trabajo-de-tecnico-logistico-de-almacen-de-obra-urgente-en-bogota-dc-F7E0519D44FAC62D61373E686DCF3405
    │ Title        : Técnico Logístico de almacén de obra - Urgente
    │ Company      : GENTE UTIL S.A.
    │ Location     : Bogotá, D.C.
    │ Job type     : full-time
    │ Salary       : 2036000 COP
    │ Industry     : RRHH / Personal
    │ Date posted  : 2026-09-11
    │ Deadline     : 2026-11-10
    │ External ID  : EC1BB2AE8DDC6DF6
    │ Description  : importante constructora de la ciudad requiere para su equipo de trabajo auxiliar de almacen para bogota
Tu misión: Ejecutar las actividades de recepción, almacenamiento, control, preparación y suminis…
    └───────────────────────────────────────────────────────
2026-09-27 14:39:32,502 DEBUG https://colombia.mimusjobs.com:443 "GET /wp-json/wp/v2/companies?slug=gente-util-s-a- HTTP/1.1" 200 None
2026-09-27 14:39:32,502 INFO ⏭ Company exists: GENTE UTIL S.A.
2026-09-27 14:39:33,215 DEBUG https://colombia.mimusjobs.com:443 "GET /wp-json/wp/v2/job-listings?slug=t-cnico-log-stico-de-almac-n-de-obra---urgente HTTP/1.1" 200 None
2026-09-27 14:39:33,372 DEBUG https://ii.ct-stc.com:443 "GET /1/logos/empresas/2023/01/31/gente-util-sa-EC1BB2AE8DDC6DF6194417thumbnail.png HTTP/1.1" 200 9371
2026-09-27 14:39:34,560 DEBUG https://colombia.mimusjobs.com:443 "POST /wp-json/wp/v2/media HTTP/1.1" 201 None
2026-09-27 14:39:36,135 DEBUG https://colombia.mimusjobs.com:443 "POST /wp-json/wp/v2/job-listings HTTP/1.1" 201 None
2026-09-27 14:39:36,136 INFO ✅ Job posted: 'Técnico Logístico de almacén de obra - Urgente' → WP ID 40131
2026-09-27 14:39:36,136 INFO ✅ SUCCESS — 'Técnico Logístico de almacén de obra - Urgente' → WP ID=40131 🔗 https://colombia.mimusjobs.com/job/tecnico-logistico-de-almacen-de-obra-urgente-2/
2026-09-27 14:39:37,136 INFO ── https://co.computrabajo.com/empleos-en-bogota-dc | page 6 | job 9/20: https://co.computrabajo.com/ofertas-de-trabajo/oferta-de-trabajo-de-urgenteasesor-sac-soporte-factura-call-center-trabaja-6-horas-contratacion-inmediata-en-bogota-dc-22E29C9886C9E7F761373E686DCF3405
2026-09-27 14:39:37,252 DEBUG https://co.computrabajo.com:443 "GET /ofertas-de-trabajo/oferta-de-trabajo-de-urgenteasesor-sac-soporte-factura-call-center-trabaja-6-horas-contratacion-inmediata-en-bogota-dc-22E29C9886C9E7F761373E686DCF3405 HTTP/1.1" 200 None
2026-09-27 14:39:37,254 DEBUG     GET https://co.computrabajo.com/ofertas-de-trabajo/oferta-de-trabajo-de-urgenteasesor-sac-soporte-factura-call-center-trabaja-6-horas-contratacion-inmediata-en-bogota-dc-22E29C9886C9E7F761373E686DCF3405 → HTTP 200 (152,261 chars)
2026-09-27 14:39:37,271 WARNING No JobPosting JSON-LD found, using HTML fallback: https://co.computrabajo.com/ofertas-de-trabajo/oferta-de-trabajo-de-urgenteasesor-sac-soporte-factura-call-center-trabaja-6-horas-contratacion-inmediata-en-bogota-dc-22E29C9886C9E7F761373E686DCF3405
2026-09-27 14:39:37,272 INFO     ┌─ SCRAPED JOB ─────────────────────────────────────────
    │ URL          : https://co.computrabajo.com/ofertas-de-trabajo/oferta-de-trabajo-de-urgenteasesor-sac-soporte-factura-call-center-trabaja-6-horas-contratacion-inmediata-en-bogota-dc-22E29C9886C9E7F761373E686DCF3405
    │ Title        : urgente!!asesor sac , soporte factura call center - trabaja 6 horas contratacion inmediata
    │ Company      : Importante empresa del sector
    │ Location     : Bogotá, D.C., Bogotá, D.C.
    │ Job type     : full-time
    │ Salary       : $ 3.000.000,00 (Mensual) COP
    │ Industry     : (none)
    │ Date posted  : (unknown)
    │ Deadline     : (estimated: )
    │ External ID  : (none)
    │ Description  : Únete a nuestro equipo de asesores y sé parte de una multinacional líder en el sector. ¡Te ofrecemos más que un trabajo! Te ofrecemos : -Contratación desde el 1 día de capacitación -eps,arl Aux. Trans…
    └───────────────────────────────────────────────────────
2026-09-27 14:39:38,504 DEBUG https://colombia.mimusjobs.com:443 "GET /wp-json/wp/v2/companies?slug=importante-empresa-del-sector HTTP/1.1" 200 None
2026-09-27 14:39:38,504 INFO ⏭ Company exists: Importante empresa del sector
2026-09-27 14:39:39,493 DEBUG https://colombia.mimusjobs.com:443 "GET /wp-json/wp/v2/job-listings?slug=urgente--asesor-sac---soporte-factura-call-center---trabaja-6-horas-contratacion HTTP/1.1" 200 None
2026-09-27 14:39:41,184 DEBUG https://colombia.mimusjobs.com:443 "POST /wp-json/wp/v2/job-listings HTTP/1.1" 201 None
2026-09-27 14:39:41,184 INFO ✅ Job posted: 'urgente!!asesor sac , soporte factura call center - trabaja 6 horas contratacion inmediata' → WP ID 40133
2026-09-27 14:39:41,184 INFO ✅ SUCCESS — 'urgente!!asesor sac , soporte factura call center - trabaja 6 horas contratacion inmediata' → WP ID=40133 🔗 https://colombia.mimusjobs.com/job/urgenteasesor-sac-soporte-factura-call-center-trabaja-6-horas-contratacion-inmediata-2/
2026-09-27 14:39:42,185 INFO ── https://co.computrabajo.com/empleos-en-bogota-dc | page 6 | job 10/20: https://co.computrabajo.com/ofertas-de-trabajo/oferta-de-trabajo-de-convocatoria-ayudante-de-obra-en-bogota-dc-C0EB61952C96663761373E686DCF3405
2026-09-27 14:39:42,282 DEBUG https://co.computrabajo.com:443 "GET /ofertas-de-trabajo/oferta-de-trabajo-de-convocatoria-ayudante-de-obra-en-bogota-dc-C0EB61952C96663761373E686DCF3405 HTTP/1.1" 200 None
2026-09-27 14:39:42,285 DEBUG     GET https://co.computrabajo.com/ofertas-de-trabajo/oferta-de-trabajo-de-convocatoria-ayudante-de-obra-en-bogota-dc-C0EB61952C96663761373E686DCF3405 → HTTP 200 (178,265 chars)
2026-09-27 14:39:42,308 INFO     ┌─ SCRAPED JOB ─────────────────────────────────────────
    │ URL          : https://co.computrabajo.com/ofertas-de-trabajo/oferta-de-trabajo-de-convocatoria-ayudante-de-obra-en-bogota-dc-C0EB61952C96663761373E686DCF3405
    │ Title        : Convocatoria Ayudante de obra
    │ Company      : GENTE UTIL S.A.
    │ Location     : Bogotá, D.C.
    │ Job type     : full-time
    │ Salary       : 1752000 COP
    │ Industry     : RRHH / Personal
    │ Date posted  : 2026-09-11
    │ Deadline     : 2026-11-10
    │ External ID  : EC1BB2AE8DDC6DF6
    │ Description  : Importante empresa del sector de construccion, requiere para su equipo de trabajo AYUDANTE SST Y MEDIO AMBIENTE para el sur de la ciudad
condiciones de la vacante:
SALARIO: $1.752.000 + + auxilio de t…
    └───────────────────────────────────────────────────────
2026-09-27 14:39:42,921 DEBUG https://colombia.mimusjobs.com:443 "GET /wp-json/wp/v2/companies?slug=gente-util-s-a- HTTP/1.1" 200 None
2026-09-27 14:39:42,921 INFO ⏭ Company exists: GENTE UTIL S.A.
2026-09-27 14:39:43,652 DEBUG https://colombia.mimusjobs.com:443 "GET /wp-json/wp/v2/job-listings?slug=convocatoria-ayudante-de-obra HTTP/1.1" 200 None
2026-09-27 14:39:43,652 INFO ⏭ Job already on WP: Convocatoria Ayudante de obra
2026-09-27 14:39:43,652 INFO ✅ SUCCESS — 'Convocatoria Ayudante de obra' → WP ID=18020 🔗 https://colombia.mimusjobs.com/job/convocatoria-ayudante-de-obra/
2026-09-27 14:39:44,652 INFO ── https://co.computrabajo.com/empleos-en-bogota-dc | page 6 | job 11/20: https://co.computrabajo.com/ofertas-de-trabajo/oferta-de-trabajo-de-operario-de-dispensacion-para-empresa-del-sector-farmaceutico-un-ano-de-experiencia-en-bogota-dc-0A442FC76BC2319761373E686DCF3405
2026-09-27 14:39:44,750 DEBUG https://co.computrabajo.com:443 "GET /ofertas-de-trabajo/oferta-de-trabajo-de-operario-de-dispensacion-para-empresa-del-sector-farmaceutico-un-ano-de-experiencia-en-bogota-dc-0A442FC76BC2319761373E686DCF3405 HTTP/1.1" 200 None
2026-09-27 14:39:44,753 DEBUG     GET https://co.computrabajo.com/ofertas-de-trabajo/oferta-de-trabajo-de-operario-de-dispensacion-para-empresa-del-sector-farmaceutico-un-ano-de-experiencia-en-bogota-dc-0A442FC76BC2319761373E686DCF3405 → HTTP 200 (174,248 chars)
2026-09-27 14:39:44,774 INFO     ┌─ SCRAPED JOB ─────────────────────────────────────────
    │ URL          : https://co.computrabajo.com/ofertas-de-trabajo/oferta-de-trabajo-de-operario-de-dispensacion-para-empresa-del-sector-farmaceutico-un-ano-de-experiencia-en-bogota-dc-0A442FC76BC2319761373E686DCF3405
    │ Title        : operario de dispensación para empresa del - sector farmacéutico un año de experiencia
    │ Company      : S&A Servicios y Asesorias
    │ Location     : Bogotá, D.C.
    │ Job type     : full-time
    │ Salary       : 2000000 COP
    │ Industry     : RRHH / Personal
    │ Date posted  : 2026-09-11
    │ Deadline     : 2026-11-10
    │ External ID  : 4AE2E31383EA33AE
    │ Description  : Reconocida empresa del sector farmacéutico ubicada en Puente Aranda requiere para su equipo de trabajo OPERARIO DE DISPENSACIÓN UN AÑO DE EXPERIENCIA para realizar las siguientes funciones: Garantizar…
    └───────────────────────────────────────────────────────
2026-09-27 14:39:45,359 DEBUG https://colombia.mimusjobs.com:443 "GET /wp-json/wp/v2/companies?slug=s-a-servicios-y-asesorias HTTP/1.1" 200 None
2026-09-27 14:39:45,363 DEBUG https://ii.ct-stc.com:443 "GET /1/logos/empresas/2017/05/31/servicios-y-asesorias-4AE2E31383EA33AE193646thumbnail.png HTTP/1.1" 200 3965
2026-09-27 14:39:46,487 DEBUG https://colombia.mimusjobs.com:443 "POST /wp-json/wp/v2/media HTTP/1.1" 201 None
2026-09-27 14:39:47,697 DEBUG https://colombia.mimusjobs.com:443 "POST /wp-json/wp/v2/companies HTTP/1.1" 201 None
2026-09-27 14:39:47,698 INFO ✅ Company posted: S&A Servicios y Asesorias → ID 40136
2026-09-27 14:39:48,294 DEBUG https://colombia.mimusjobs.com:443 "GET /wp-json/wp/v2/job-listings?slug=operario-de-dispensaci-n-para-empresa-del---sector-farmac-utico-un-a-o-de-experi HTTP/1.1" 200 None
2026-09-27 14:39:48,298 DEBUG https://ii.ct-stc.com:443 "GET /1/logos/empresas/2017/05/31/servicios-y-asesorias-4AE2E31383EA33AE193646thumbnail.png HTTP/1.1" 200 3965
2026-09-27 14:39:49,340 DEBUG https://colombia.mimusjobs.com:443 "POST /wp-json/wp/v2/media HTTP/1.1" 201 None
2026-09-27 14:39:50,798 DEBUG https://colombia.mimusjobs.com:443 "POST /wp-json/wp/v2/job-listings HTTP/1.1" 201 None
2026-09-27 14:39:50,798 INFO ✅ Job posted: 'operario de dispensación para empresa del - sector farmacéutico un año de experiencia' → WP ID 40139
2026-09-27 14:39:50,798 INFO ✅ SUCCESS — 'operario de dispensación para empresa del - sector farmacéutico un año de experiencia' → WP ID=40139 🔗 https://colombia.mimusjobs.com/job/operario-de-dispensacion-para-empresa-del-sector-farmaceutico-un-ano-de-experiencia-2/
2026-09-27 14:39:51,799 INFO ── https://co.computrabajo.com/empleos-en-bogota-dc | page 6 | job 12/20: https://co.computrabajo.com/ofertas-de-trabajo/oferta-de-trabajo-de-tecnologo-en-sst-bogota-disponibilidad-de-viajar-en-bogota-dc-BD3FE605549AA64A61373E686DCF3405
2026-09-27 14:39:51,899 DEBUG https://co.computrabajo.com:443 "GET /ofertas-de-trabajo/oferta-de-trabajo-de-tecnologo-en-sst-bogota-disponibilidad-de-viajar-en-bogota-dc-BD3FE605549AA64A61373E686DCF3405 HTTP/1.1" 200 None
2026-09-27 14:39:51,902 DEBUG     GET https://co.computrabajo.com/ofertas-de-trabajo/oferta-de-trabajo-de-tecnologo-en-sst-bogota-disponibilidad-de-viajar-en-bogota-dc-BD3FE605549AA64A61373E686DCF3405 → HTTP 200 (181,983 chars)
2026-09-27 14:39:51,925 INFO     ┌─ SCRAPED JOB ─────────────────────────────────────────
    │ URL          : https://co.computrabajo.com/ofertas-de-trabajo/oferta-de-trabajo-de-tecnologo-en-sst-bogota-disponibilidad-de-viajar-en-bogota-dc-BD3FE605549AA64A61373E686DCF3405
    │ Title        : Tecnologo en sst Bogota - disponibilidad de viajar
    │ Company      : ACTIVOS S A S
    │ Location     : Bogotá, D.C.
    │ Job type     : full-time
    │ Salary       : 2160000 COP
    │ Industry     : RRHH / Personal
    │ Date posted  : 2026-09-11
    │ Deadline     : 2026-11-10
    │ External ID  : 09AB45621F6528D6
    │ Description  : Importante compañia busca Tecnologo en Salud y Seguridad en el trabajo, con LICENCIA VIGENTE, PARA TRABAJAR Tecnologo en seguridad y salud en el trabajo, conocimiento en sistema integrados de gestion …
    └───────────────────────────────────────────────────────
2026-09-27 14:39:53,077 DEBUG https://colombia.mimusjobs.com:443 "GET /wp-json/wp/v2/companies?slug=activos-s-a-s HTTP/1.1" 200 None
2026-09-27 14:39:53,077 INFO ⏭ Company exists: ACTIVOS S A S
2026-09-27 14:39:53,733 DEBUG https://colombia.mimusjobs.com:443 "GET /wp-json/wp/v2/job-listings?slug=tecnologo-en-sst-bogota---disponibilidad-de-viajar HTTP/1.1" 200 None
2026-09-27 14:39:53,733 INFO ⏭ Job already on WP: Tecnologo en sst Bogota - disponibilidad de viajar
2026-09-27 14:39:53,733 INFO ✅ SUCCESS — 'Tecnologo en sst Bogota - disponibilidad de viajar' → WP ID=18098 🔗 https://colombia.mimusjobs.com/job/tecnologo-en-sst-bogota-disponibilidad-de-viajar/
2026-09-27 14:39:54,733 INFO ── https://co.computrabajo.com/empleos-en-bogota-dc | page 6 | job 13/20: https://co.computrabajo.com/ofertas-de-trabajo/oferta-de-trabajo-de-agente-chat-center-en-bogota-dc-A7E73419429305FC61373E686DCF3405
2026-09-27 14:39:54,852 DEBUG https://co.computrabajo.com:443 "GET /ofertas-de-trabajo/oferta-de-trabajo-de-agente-chat-center-en-bogota-dc-A7E73419429305FC61373E686DCF3405 HTTP/1.1" 200 None
2026-09-27 14:39:54,855 DEBUG     GET https://co.computrabajo.com/ofertas-de-trabajo/oferta-de-trabajo-de-agente-chat-center-en-bogota-dc-A7E73419429305FC61373E686DCF3405 → HTTP 200 (149,498 chars)
2026-09-27 14:39:54,869 WARNING No JobPosting JSON-LD found, using HTML fallback: https://co.computrabajo.com/ofertas-de-trabajo/oferta-de-trabajo-de-agente-chat-center-en-bogota-dc-A7E73419429305FC61373E686DCF3405
2026-09-27 14:39:54,871 INFO     ┌─ SCRAPED JOB ─────────────────────────────────────────
    │ URL          : https://co.computrabajo.com/ofertas-de-trabajo/oferta-de-trabajo-de-agente-chat-center-en-bogota-dc-A7E73419429305FC61373E686DCF3405
    │ Title        : Agente chat center
    │ Company      : Importante empresa del sector
    │ Location     : Bogotá, D.C., Bogotá, D.C.
    │ Job type     : full-time
    │ Salary       : $ 1.800.000,00 (Mensual) COP
    │ Industry     : (none)
    │ Date posted  : (unknown)
    │ Deadline     : (estimated: )
    │ External ID  : (none)
    │ Description  : ¡HAZ PARTE DE ESTA GRAN FAMILIA! 
Si te apasiona el servicio al cliente y disfrutas ayudar a las personas brindando tranquilidad, confianza y soluciones, ¡esta oportunidad es para ti! 
Estamos en búsq…
    └───────────────────────────────────────────────────────
2026-09-27 14:39:55,435 DEBUG https://colombia.mimusjobs.com:443 "GET /wp-json/wp/v2/companies?slug=importante-empresa-del-sector HTTP/1.1" 200 None
2026-09-27 14:39:55,435 INFO ⏭ Company exists: Importante empresa del sector
2026-09-27 14:39:56,113 DEBUG https://colombia.mimusjobs.com:443 "GET /wp-json/wp/v2/job-listings?slug=agente-chat-center HTTP/1.1" 200 None
2026-09-27 14:39:56,113 INFO ⏭ Job already on WP: Agente chat center
2026-09-27 14:39:56,114 INFO ✅ SUCCESS — 'Agente chat center' → WP ID=12164 🔗 https://colombia.mimusjobs.com/job/agente-chat-center/
2026-09-27 14:39:57,114 INFO ── https://co.computrabajo.com/empleos-en-bogota-dc | page 6 | job 14/20: https://co.computrabajo.com/ofertas-de-trabajo/oferta-de-trabajo-de-asesor-servicio-al-cliente-apuestas-deportivaschat-en-bogota-dc-03A51DF74A5946A661373E686DCF3405
2026-09-27 14:39:57,220 DEBUG https://co.computrabajo.com:443 "GET /ofertas-de-trabajo/oferta-de-trabajo-de-asesor-servicio-al-cliente-apuestas-deportivaschat-en-bogota-dc-03A51DF74A5946A661373E686DCF3405 HTTP/1.1" 200 None
2026-09-27 14:39:57,222 DEBUG     GET https://co.computrabajo.com/ofertas-de-trabajo/oferta-de-trabajo-de-asesor-servicio-al-cliente-apuestas-deportivaschat-en-bogota-dc-03A51DF74A5946A661373E686DCF3405 → HTTP 200 (151,578 chars)
2026-09-27 14:39:57,239 WARNING No JobPosting JSON-LD found, using HTML fallback: https://co.computrabajo.com/ofertas-de-trabajo/oferta-de-trabajo-de-asesor-servicio-al-cliente-apuestas-deportivaschat-en-bogota-dc-03A51DF74A5946A661373E686DCF3405
2026-09-27 14:39:57,240 INFO     ┌─ SCRAPED JOB ─────────────────────────────────────────
    │ URL          : https://co.computrabajo.com/ofertas-de-trabajo/oferta-de-trabajo-de-asesor-servicio-al-cliente-apuestas-deportivaschat-en-bogota-dc-03A51DF74A5946A661373E686DCF3405
    │ Title        : Asesor servicio al cliente apuestas deportivas/chat
    │ Company      : Importante empresa del sector
    │ Location     : Bogotá, D.C., Bogotá, D.C.
    │ Job type     : full-time
    │ Salary       : $ 2.300.000,00 (Mensual) COP
    │ Industry     : (none)
    │ Date posted  : (unknown)
    │ Deadline     : (estimated: )
    │ External ID  : (none)
    │ Description  : Tienes experiencia en atención al cliente y te apasiona el mundo de las apuestas deportivas?
Buscamos un asesor con pensamiento ágil, capacidad de resolución y enfoque en la experiencia del usuario.
 …
    └───────────────────────────────────────────────────────
2026-09-27 14:39:58,016 DEBUG https://colombia.mimusjobs.com:443 "GET /wp-json/wp/v2/companies?slug=importante-empresa-del-sector HTTP/1.1" 200 None
2026-09-27 14:39:58,017 INFO ⏭ Company exists: Importante empresa del sector
2026-09-27 14:39:58,836 DEBUG https://colombia.mimusjobs.com:443 "GET /wp-json/wp/v2/job-listings?slug=asesor-servicio-al-cliente-apuestas-deportivas-chat HTTP/1.1" 200 None
2026-09-27 14:39:58,836 INFO ⏭ Job already on WP: Asesor servicio al cliente apuestas deportivas/chat
2026-09-27 14:39:58,836 INFO ✅ SUCCESS — 'Asesor servicio al cliente apuestas deportivas/chat' → WP ID=12071 🔗 https://colombia.mimusjobs.com/job/asesor-servicio-al-cliente-apuestas-deportivas-chat/
2026-09-27 14:39:59,836 INFO ── https://co.computrabajo.com/empleos-en-bogota-dc | page 6 | job 15/20: https://co.computrabajo.com/ofertas-de-trabajo/oferta-de-trabajo-de-auxiliar-administrativo-en-bogota-dc-CDE8B930B76FB6F061373E686DCF3405
2026-09-27 14:39:59,987 DEBUG https://co.computrabajo.com:443 "GET /ofertas-de-trabajo/oferta-de-trabajo-de-auxiliar-administrativo-en-bogota-dc-CDE8B930B76FB6F061373E686DCF3405 HTTP/1.1" 200 None
2026-09-27 14:39:59,989 DEBUG     GET https://co.computrabajo.com/ofertas-de-trabajo/oferta-de-trabajo-de-auxiliar-administrativo-en-bogota-dc-CDE8B930B76FB6F061373E686DCF3405 → HTTP 200 (153,393 chars)
2026-09-27 14:40:00,005 WARNING No JobPosting JSON-LD found, using HTML fallback: https://co.computrabajo.com/ofertas-de-trabajo/oferta-de-trabajo-de-auxiliar-administrativo-en-bogota-dc-CDE8B930B76FB6F061373E686DCF3405
2026-09-27 14:40:00,007 INFO     ┌─ SCRAPED JOB ─────────────────────────────────────────
    │ URL          : https://co.computrabajo.com/ofertas-de-trabajo/oferta-de-trabajo-de-auxiliar-administrativo-en-bogota-dc-CDE8B930B76FB6F061373E686DCF3405
    │ Title        : Auxiliar administrativo
    │ Company      : Importante empresa del sector
    │ Location     : Bogotá, D.C., Bogotá, D.C.
    │ Job type     : full-time
    │ Salary       : $ 2.000.000,00 (Mensual) COP
    │ Industry     : (none)
    │ Date posted  : (unknown)
    │ Deadline     : (estimated: )
    │ External ID  : (none)
    │ Description  : ¡NO TE PIERDAS ESTA GRAN OPORTUNIDAD! 
 ¿Buscas estabilidad, crecimiento y un ambiente laboral que valore tu talento? 
 ¡Esta es tu oportunidad para formar parte de una de las mejores empresas a nivel…
    └───────────────────────────────────────────────────────
2026-09-27 14:40:00,705 DEBUG https://colombia.mimusjobs.com:443 "GET /wp-json/wp/v2/companies?slug=importante-empresa-del-sector HTTP/1.1" 200 None
2026-09-27 14:40:00,705 INFO ⏭ Company exists: Importante empresa del sector
2026-09-27 14:40:02,655 DEBUG https://colombia.mimusjobs.com:443 "GET /wp-json/wp/v2/job-listings?slug=auxiliar-administrativo HTTP/1.1" 200 None
2026-09-27 14:40:02,655 INFO ⏭ Job already on WP: Auxiliar administrativo
2026-09-27 14:40:02,656 INFO ✅ SUCCESS — 'Auxiliar administrativo' → WP ID=129 🔗 https://colombia.mimusjobs.com/job/auxiliar-administrativo/
2026-09-27 14:40:03,656 INFO ── https://co.computrabajo.com/empleos-en-bogota-dc | page 6 | job 16/20: https://co.computrabajo.com/ofertas-de-trabajo/oferta-de-trabajo-de-analista-de-operaciones-logisticas-ultima-milla-urgente-para-zona-franca-de-fontibon-en-bogota-dc-04AFEB76B12B34B061373E686DCF3405
2026-09-27 14:40:03,776 DEBUG https://co.computrabajo.com:443 "GET /ofertas-de-trabajo/oferta-de-trabajo-de-analista-de-operaciones-logisticas-ultima-milla-urgente-para-zona-franca-de-fontibon-en-bogota-dc-04AFEB76B12B34B061373E686DCF3405 HTTP/1.1" 200 None
2026-09-27 14:40:03,779 DEBUG     GET https://co.computrabajo.com/ofertas-de-trabajo/oferta-de-trabajo-de-analista-de-operaciones-logisticas-ultima-milla-urgente-para-zona-franca-de-fontibon-en-bogota-dc-04AFEB76B12B34B061373E686DCF3405 → HTTP 200 (168,218 chars)
2026-09-27 14:40:03,798 INFO     ┌─ SCRAPED JOB ─────────────────────────────────────────
    │ URL          : https://co.computrabajo.com/ofertas-de-trabajo/oferta-de-trabajo-de-analista-de-operaciones-logisticas-ultima-milla-urgente-para-zona-franca-de-fontibon-en-bogota-dc-04AFEB76B12B34B061373E686DCF3405
    │ Title        : analista de operaciones logísticas / ultima milla - Urgente para zona franca de fontibon
    │ Company      : Grupo Soluciones Horizonte
    │ Location     : Bogotá, D.C.
    │ Job type     : full-time
    │ Salary       : 1902092 COP
    │ Industry     : RRHH / Personal
    │ Date posted  : 2026-08-20
    │ Deadline     : 2026-10-19
    │ External ID  : 6BED3200A0B02A11
    │ Description  : **ANALISTA DE INFORMACIÓN** ¿Tienes experiencia en operaciones logísticas, mensajería o procesos de última milla? Esta oportunidad es para ti. En GSH estamos en búsqueda de un **Analista de Informació…
    └───────────────────────────────────────────────────────
2026-09-27 14:40:05,282 DEBUG https://colombia.mimusjobs.com:443 "GET /wp-json/wp/v2/companies?slug=grupo-soluciones-horizonte HTTP/1.1" 200 None
2026-09-27 14:40:05,282 INFO ⏭ Company exists: Grupo Soluciones Horizonte
2026-09-27 14:40:06,531 DEBUG https://colombia.mimusjobs.com:443 "GET /wp-json/wp/v2/job-listings?slug=analista-de-operaciones-log-sticas---ultima-milla---urgente-para-zona-franca-de- HTTP/1.1" 200 None
2026-09-27 14:40:06,718 DEBUG https://ii.ct-stc.com:443 "GET /1/logos/empresas/2022/06/13//solucionesempresarialeshorizonte163309thumbnail.png HTTP/1.1" 200 3494
2026-09-27 14:40:08,097 DEBUG https://colombia.mimusjobs.com:443 "POST /wp-json/wp/v2/media HTTP/1.1" 201 None
2026-09-27 14:40:10,645 DEBUG https://colombia.mimusjobs.com:443 "POST /wp-json/wp/v2/job-listings HTTP/1.1" 201 None
2026-09-27 14:40:10,646 INFO ✅ Job posted: 'analista de operaciones logísticas / ultima milla - Urgente para zona franca de fontibon' → WP ID 40145
2026-09-27 14:40:10,646 INFO ✅ SUCCESS — 'analista de operaciones logísticas / ultima milla - Urgente para zona franca de fontibon' → WP ID=40145 🔗 https://colombia.mimusjobs.com/job/analista-de-operaciones-logisticas-ultima-milla-urgente-para-zona-franca-de-fontibon-2/
2026-09-27 14:40:11,646 INFO ── https://co.computrabajo.com/empleos-en-bogota-dc | page 6 | job 17/20: https://co.computrabajo.com/ofertas-de-trabajo/oferta-de-trabajo-de-asesores-call-center-ventas-telecomunicaciones-zona-franca-de-fontibon-contratacion-inmediata-en-bogota-dc-C38941EB4341944961373E686DCF3405
2026-09-27 14:40:11,751 DEBUG https://co.computrabajo.com:443 "GET /ofertas-de-trabajo/oferta-de-trabajo-de-asesores-call-center-ventas-telecomunicaciones-zona-franca-de-fontibon-contratacion-inmediata-en-bogota-dc-C38941EB4341944961373E686DCF3405 HTTP/1.1" 200 None
2026-09-27 14:40:11,754 DEBUG     GET https://co.computrabajo.com/ofertas-de-trabajo/oferta-de-trabajo-de-asesores-call-center-ventas-telecomunicaciones-zona-franca-de-fontibon-contratacion-inmediata-en-bogota-dc-C38941EB4341944961373E686DCF3405 → HTTP 200 (166,564 chars)
2026-09-27 14:40:11,773 INFO     ┌─ SCRAPED JOB ─────────────────────────────────────────
    │ URL          : https://co.computrabajo.com/ofertas-de-trabajo/oferta-de-trabajo-de-asesores-call-center-ventas-telecomunicaciones-zona-franca-de-fontibon-contratacion-inmediata-en-bogota-dc-C38941EB4341944961373E686DCF3405
    │ Title        : Asesores call center ventas telecomunicaciones - zona franca de fontibon Contratación Inmediata
    │ Company      : Grupo Soluciones Horizonte
    │ Location     : Bogotá, D.C.
    │ Job type     : full-time
    │ Salary       : 3500000 COP
    │ Industry     : RRHH / Personal
    │ Date posted  : 2026-08-19
    │ Deadline     : 2026-10-18
    │ External ID  : 6BED3200A0B02A11
    │ Description  : Buscamos un Asesores con experiencia mínima de 3 meses en call center. Salario: $ 1.750.000 + $ 250.000 auxilio de transporte + COMISIONES SIN TECHO 100% PRESTACIONALES (promedio de $2´500.000 a $3´00…
    └───────────────────────────────────────────────────────
2026-09-27 14:40:12,527 DEBUG https://colombia.mimusjobs.com:443 "GET /wp-json/wp/v2/companies?slug=grupo-soluciones-horizonte HTTP/1.1" 200 None
2026-09-27 14:40:12,527 INFO ⏭ Company exists: Grupo Soluciones Horizonte
2026-09-27 14:40:13,543 DEBUG https://colombia.mimusjobs.com:443 "GET /wp-json/wp/v2/job-listings?slug=asesores-call-center-ventas-telecomunicaciones---zona-franca-de-fontibon-contrat HTTP/1.1" 200 None
2026-09-27 14:40:13,548 DEBUG https://ii.ct-stc.com:443 "GET /1/logos/empresas/2022/06/13//solucionesempresarialeshorizonte163309thumbnail.png HTTP/1.1" 200 3494
2026-09-27 14:40:14,768 DEBUG https://colombia.mimusjobs.com:443 "POST /wp-json/wp/v2/media HTTP/1.1" 201 None
2026-09-27 14:40:16,632 DEBUG https://colombia.mimusjobs.com:443 "POST /wp-json/wp/v2/job-listings HTTP/1.1" 201 None
2026-09-27 14:40:16,632 INFO ✅ Job posted: 'Asesores call center ventas telecomunicaciones - zona franca de fontibon Contratación Inmediata' → WP ID 40148
2026-09-27 14:40:16,632 INFO ✅ SUCCESS — 'Asesores call center ventas telecomunicaciones - zona franca de fontibon Contratación Inmediata' → WP ID=40148 🔗 https://colombia.mimusjobs.com/job/asesores-call-center-ventas-telecomunicaciones-zona-franca-de-fontibon-contratacion-inmediata-5/
2026-09-27 14:40:17,633 INFO ── https://co.computrabajo.com/empleos-en-bogota-dc | page 6 | job 18/20: https://co.computrabajo.com/ofertas-de-trabajo/oferta-de-trabajo-de-agente-de-ventas-call-center--todos-los-segmentos-zona-franca-de-fontibon-contratacion-inmediata-en-bogota-dc-BF9F60B3E4D4DA8461373E686DCF3405
2026-09-27 14:40:17,737 DEBUG https://co.computrabajo.com:443 "GET /ofertas-de-trabajo/oferta-de-trabajo-de-agente-de-ventas-call-center--todos-los-segmentos-zona-franca-de-fontibon-contratacion-inmediata-en-bogota-dc-BF9F60B3E4D4DA8461373E686DCF3405 HTTP/1.1" 200 None
2026-09-27 14:40:17,740 DEBUG     GET https://co.computrabajo.com/ofertas-de-trabajo/oferta-de-trabajo-de-agente-de-ventas-call-center--todos-los-segmentos-zona-franca-de-fontibon-contratacion-inmediata-en-bogota-dc-BF9F60B3E4D4DA8461373E686DCF3405 → HTTP 200 (167,011 chars)
2026-09-27 14:40:17,759 INFO     ┌─ SCRAPED JOB ─────────────────────────────────────────
    │ URL          : https://co.computrabajo.com/ofertas-de-trabajo/oferta-de-trabajo-de-agente-de-ventas-call-center--todos-los-segmentos-zona-franca-de-fontibon-contratacion-inmediata-en-bogota-dc-BF9F60B3E4D4DA8461373E686DCF3405
    │ Title        : Agente de Ventas Call Center / Todos los Segmentos - zona franca de fontibon Contratación Inmediata
    │ Company      : Grupo Soluciones Horizonte
    │ Location     : Bogotá, D.C.
    │ Job type     : full-time
    │ Salary       : 3500000 COP
    │ Industry     : RRHH / Personal
    │ Date posted  : 2026-08-21
    │ Deadline     : 2026-10-20
    │ External ID  : 6BED3200A0B02A11
    │ Description  : Buscamos un Asesores con experiencia mínima de 3 meses en call center. Salario: $ 1.750.000 + $ 250.000 auxilio de transporte + COMISIONES SIN TECHO 100% PRESTACIONALES (promedio de $2´500.000 a $3´00…
    └───────────────────────────────────────────────────────
2026-09-27 14:40:18,406 DEBUG https://colombia.mimusjobs.com:443 "GET /wp-json/wp/v2/companies?slug=grupo-soluciones-horizonte HTTP/1.1" 200 None
2026-09-27 14:40:18,407 INFO ⏭ Company exists: Grupo Soluciones Horizonte
2026-09-27 14:40:19,571 DEBUG https://colombia.mimusjobs.com:443 "GET /wp-json/wp/v2/job-listings?slug=agente-de-ventas-call-center---todos-los-segmentos---zona-franca-de-fontibon-con HTTP/1.1" 200 None
2026-09-27 14:40:19,574 DEBUG https://ii.ct-stc.com:443 "GET /1/logos/empresas/2022/06/13//solucionesempresarialeshorizonte163309thumbnail.png HTTP/1.1" 200 3494
2026-09-27 14:40:21,474 DEBUG https://colombia.mimusjobs.com:443 "POST /wp-json/wp/v2/media HTTP/1.1" 201 None
2026-09-27 14:40:23,053 DEBUG https://colombia.mimusjobs.com:443 "POST /wp-json/wp/v2/job-listings HTTP/1.1" 201 None
2026-09-27 14:40:23,054 INFO ✅ Job posted: 'Agente de Ventas Call Center / Todos los Segmentos - zona franca de fontibon Contratación Inmediata' → WP ID 40152
2026-09-27 14:40:23,054 INFO ✅ SUCCESS — 'Agente de Ventas Call Center / Todos los Segmentos - zona franca de fontibon Contratación Inmediata' → WP ID=40152 🔗 https://colombia.mimusjobs.com/job/agente-de-ventas-call-center-todos-los-segmentos-zona-franca-de-fontibon-contratacion-inmediata-5/
2026-09-27 14:40:24,054 INFO ── https://co.computrabajo.com/empleos-en-bogota-dc | page 6 | job 19/20: https://co.computrabajo.com/ofertas-de-trabajo/oferta-de-trabajo-de-auxiliar-de-zonificado-y-ruteo-urgente-para-zona-franca-de-fontibon-en-bogota-dc-A88907BD5316E6DC61373E686DCF3405
2026-09-27 14:40:24,169 DEBUG https://co.computrabajo.com:443 "GET /ofertas-de-trabajo/oferta-de-trabajo-de-auxiliar-de-zonificado-y-ruteo-urgente-para-zona-franca-de-fontibon-en-bogota-dc-A88907BD5316E6DC61373E686DCF3405 HTTP/1.1" 200 None
2026-09-27 14:40:24,172 DEBUG     GET https://co.computrabajo.com/ofertas-de-trabajo/oferta-de-trabajo-de-auxiliar-de-zonificado-y-ruteo-urgente-para-zona-franca-de-fontibon-en-bogota-dc-A88907BD5316E6DC61373E686DCF3405 → HTTP 200 (168,209 chars)
2026-09-27 14:40:24,217 INFO     ┌─ SCRAPED JOB ─────────────────────────────────────────
    │ URL          : https://co.computrabajo.com/ofertas-de-trabajo/oferta-de-trabajo-de-auxiliar-de-zonificado-y-ruteo-urgente-para-zona-franca-de-fontibon-en-bogota-dc-A88907BD5316E6DC61373E686DCF3405
    │ Title        : Auxiliar de zonificado y Ruteo - Urgente para zona franca de fontibon
    │ Company      : Grupo Soluciones Horizonte
    │ Location     : Bogotá, D.C.
    │ Job type     : full-time
    │ Salary       : 1750905 COP
    │ Industry     : RRHH / Personal
    │ Date posted  : 2026-08-12
    │ Deadline     : 2026-10-11
    │ External ID  : 6BED3200A0B02A11
    │ Description  : ASISTENTE DE ZONIFICACIÓN Tienes experiencia en zonificación de rutas y conocimientos de direcciones en Bogotá. Esta oportunidad es para ti. Estamos en búsqueda de un Asistente de Zonificación para ap…
    └───────────────────────────────────────────────────────
2026-09-27 14:40:24,944 DEBUG https://colombia.mimusjobs.com:443 "GET /wp-json/wp/v2/companies?slug=grupo-soluciones-horizonte HTTP/1.1" 200 None
2026-09-27 14:40:24,944 INFO ⏭ Company exists: Grupo Soluciones Horizonte
2026-09-27 14:40:26,013 DEBUG https://colombia.mimusjobs.com:443 "GET /wp-json/wp/v2/job-listings?slug=auxiliar-de-zonificado-y-ruteo---urgente-para-zona-franca-de-fontibon HTTP/1.1" 200 None
2026-09-27 14:40:26,014 INFO ⏭ Job already on WP: Auxiliar de zonificado y Ruteo - Urgente para zona franca de fontibon
2026-09-27 14:40:26,014 INFO ✅ SUCCESS — 'Auxiliar de zonificado y Ruteo - Urgente para zona franca de fontibon' → WP ID=24220 🔗 https://colombia.mimusjobs.com/job/auxiliar-de-zonificado-y-ruteo-urgente-para-zona-franca-de-fontibon/
2026-09-27 14:40:27,014 INFO ── https://co.computrabajo.com/empleos-en-bogota-dc | page 6 | job 20/20: https://co.computrabajo.com/ofertas-de-trabajo/oferta-de-trabajo-de-asesor-call-center-retencion-y-fidelizacion-zona-franca-de-fontibon-contratacion-inmediata-en-bogota-dc-7D956C4B236007F861373E686DCF3405
2026-09-27 14:40:27,133 DEBUG https://co.computrabajo.com:443 "GET /ofertas-de-trabajo/oferta-de-trabajo-de-asesor-call-center-retencion-y-fidelizacion-zona-franca-de-fontibon-contratacion-inmediata-en-bogota-dc-7D956C4B236007F861373E686DCF3405 HTTP/1.1" 200 None
2026-09-27 14:40:27,136 DEBUG     GET https://co.computrabajo.com/ofertas-de-trabajo/oferta-de-trabajo-de-asesor-call-center-retencion-y-fidelizacion-zona-franca-de-fontibon-contratacion-inmediata-en-bogota-dc-7D956C4B236007F861373E686DCF3405 → HTTP 200 (168,845 chars)
2026-09-27 14:40:27,155 INFO     ┌─ SCRAPED JOB ─────────────────────────────────────────
    │ URL          : https://co.computrabajo.com/ofertas-de-trabajo/oferta-de-trabajo-de-asesor-call-center-retencion-y-fidelizacion-zona-franca-de-fontibon-contratacion-inmediata-en-bogota-dc-7D956C4B236007F861373E686DCF3405
    │ Title        : asesor call center retencion y fidelizacion - zona franca de fontibon Contratación Inmediata
    │ Company      : Grupo Soluciones Horizonte
    │ Location     : Bogotá, D.C.
    │ Job type     : full-time
    │ Salary       : 3500000 COP
    │ Industry     : RRHH / Personal
    │ Date posted  : 2026-08-21
    │ Deadline     : 2026-10-20
    │ External ID  : 6BED3200A0B02A11
    │ Description  : Buscamos un Asesores con experiencia mínima de 3 meses en call center. Salario: $ 1.750.000 + $ 250.000 auxilio de transporte + COMISIONES SIN TECHO 100% PRESTACIONALES (promedio de $2´500.000 a $3´00…
    └───────────────────────────────────────────────────────
2026-09-27 14:40:27,789 DEBUG https://colombia.mimusjobs.com:443 "GET /wp-json/wp/v2/companies?slug=grupo-soluciones-horizonte HTTP/1.1" 200 None
2026-09-27 14:40:27,790 INFO ⏭ Company exists: Grupo Soluciones Horizonte
2026-09-27 14:40:28,681 DEBUG https://colombia.mimusjobs.com:443 "GET /wp-json/wp/v2/job-listings?slug=asesor-call-center-retencion-y-fidelizacion---zona-franca-de-fontibon-contrataci HTTP/1.1" 200 None
2026-09-27 14:40:28,684 DEBUG https://ii.ct-stc.com:443 "GET /1/logos/empresas/2022/06/13//solucionesempresarialeshorizonte163309thumbnail.png HTTP/1.1" 200 3494
2026-09-27 14:40:29,575 DEBUG https://colombia.mimusjobs.com:443 "POST /wp-json/wp/v2/media HTTP/1.1" 201 None
2026-09-27 14:40:30,628 DEBUG https://colombia.mimusjobs.com:443 "POST /wp-json/wp/v2/job-listings HTTP/1.1" 201 None
2026-09-27 14:40:30,628 INFO ✅ Job posted: 'asesor call center retencion y fidelizacion - zona franca de fontibon Contratación Inmediata' → WP ID 40155
2026-09-27 14:40:30,629 INFO ✅ SUCCESS — 'asesor call center retencion y fidelizacion - zona franca de fontibon Contratación Inmediata' → WP ID=40155 🔗 https://colombia.mimusjobs.com/job/asesor-call-center-retencion-y-fidelizacion-zona-franca-de-fontibon-contratacion-inmediata-5/
2026-09-27 14:40:31,629 INFO 📊 Running totals — posted: 115 | skipped: 5 | failed: 0
2026-09-27 14:40:31,629 INFO Fetching listing page 7: https://co.computrabajo.com/empleos-en-bogota-dc?p=7
2026-09-27 14:40:31,740 DEBUG https://co.computrabajo.com:443 "GET /empleos-en-bogota-dc?p=7 HTTP/1.1" 200 None
2026-09-27 14:40:31,745 DEBUG     GET https://co.computrabajo.com/empleos-en-bogota-dc?p=7 → HTTP 200 (325,970 chars)
2026-09-27 14:40:31,781 INFO Found 20 job URLs on page 7
2026-09-27 14:40:31,781 DEBUG     job 1: https://co.computrabajo.com/ofertas-de-trabajo/oferta-de-trabajo-de-asesores-y-asesoras-call-center-ventas-bogota-contratacion-inmediata-en-bogota-dc-B8834EA2CA445A2461373E686DCF3405
2026-09-27 14:40:31,781 DEBUG     job 2: https://co.computrabajo.com/ofertas-de-trabajo/oferta-de-trabajo-de-asistente-de-inventarios-manejo-de-piciz-urgente-para-zona-franca-de-fontibon-en-bogota-dc-DBC0C60BDA9EBE7661373E686DCF3405
2026-09-27 14:40:31,781 DEBUG     job 3: https://co.computrabajo.com/ofertas-de-trabajo/oferta-de-trabajo-de-asesores-y-asesoras-ventas-telefonicas-bogota-contratacion-inmediata-en-bogota-dc-695E33749DCCF14061373E686DCF3405
2026-09-27 14:40:31,781 DEBUG     job 4: https://co.computrabajo.com/ofertas-de-trabajo/oferta-de-trabajo-de-asesores-comerciales-para-call-center-ventas-bogota-contratacion-inmediata-en-bogota-dc-2EA35503107B56B561373E686DCF3405
2026-09-27 14:40:31,781 DEBUG     job 5: https://co.computrabajo.com/ofertas-de-trabajo/oferta-de-trabajo-de-asistente-de-operaciones-logisticas-torre-de-control-transporte-urgente-para-zona-franca-de-fontibon-en-bogota-dc-1F00D33FD608972961373E686DCF3405
2026-09-27 14:40:31,781 DEBUG     job 6: https://co.computrabajo.com/ofertas-de-trabajo/oferta-de-trabajo-de-auxiliar-de-inventarios-manejo-de-piciz-urgente-para-zona-franca-de-fontibon-en-bogota-dc-1CF961569830895B61373E686DCF3405
2026-09-27 14:40:31,781 DEBUG     job 7: https://co.computrabajo.com/ofertas-de-trabajo/oferta-de-trabajo-de-asistente-de-zonificado-y-ruteo-urgente-para-zona-franca-de-fontibon-en-bogota-dc-FD3E1FF172EC4EA261373E686DCF3405
2026-09-27 14:40:31,781 DEBUG     job 8: https://co.computrabajo.com/ofertas-de-trabajo/oferta-de-trabajo-de-auxiliar-de-cocina-en-bogota-dc-BB36E08ECAC3BA3A61373E686DCF3405
2026-09-27 14:40:31,782 DEBUG     job 9: https://co.computrabajo.com/ofertas-de-trabajo/oferta-de-trabajo-de-analista-de-campo-sector-retail-puntos-de-venta-droguerias-y-farmacias-trabajo-presencial-en-bogota-dc-35DD96B63794F64361373E686DCF3405
2026-09-27 14:40:31,782 DEBUG     job 10: https://co.computrabajo.com/ofertas-de-trabajo/oferta-de-trabajo-de-supernumerario-experiencia-renting-de-vehiculos-y-talleres-de-servicio-excel-intermedio-trabajo-norte-bogota-en-bogota-dc-2CB40446D439D9AD61373E686DCF3405
2026-09-27 14:40:31,782 DEBUG     job 11: https://co.computrabajo.com/ofertas-de-trabajo/oferta-de-trabajo-de-guarda-de-seguridad-bogota-en-bogota-dc-6B29E5BBC4C93A9861373E686DCF3405
2026-09-27 14:40:31,782 DEBUG     job 12: https://co.computrabajo.com/ofertas-de-trabajo/oferta-de-trabajo-de-lider-comercial-con-o-sin-experiencia-en-bogota-dc-644A395C90CECD4561373E686DCF3405
2026-09-27 14:40:31,782 DEBUG     job 13: https://co.computrabajo.com/ofertas-de-trabajo/oferta-de-trabajo-de-conductor-tractocamion-tractomula-licencia-c3-en-bogota-dc-C302CC55076435A561373E686DCF3405
2026-09-27 14:40:31,782 DEBUG     job 14: https://co.computrabajo.com/ofertas-de-trabajo/oferta-de-trabajo-de-relacionista-o-agente-telefonico-remoto-en-bogota-dc-197D651474C532B261373E686DCF3405
2026-09-27 14:40:31,782 DEBUG     job 15: https://co.computrabajo.com/ofertas-de-trabajo/oferta-de-trabajo-de-cotizador-eventos-experiencia-en-empresas-de-eventos-o-hoteles-en-bogota-dc-0EB8AB6FDEF2376A61373E686DCF3405
2026-09-27 14:40:31,782 DEBUG     job 16: https://co.computrabajo.com/ofertas-de-trabajo/oferta-de-trabajo-de-administradora-nacional-de-consultorios-fundacion-en-bogota-dc-3117A9FAA28841F561373E686DCF3405
2026-09-27 14:40:31,782 DEBUG     job 17: https://co.computrabajo.com/ofertas-de-trabajo/oferta-de-trabajo-de-asesora-de-cobranzas-tus-resultados-pueden-aumentar-tus-ingresos-contratacion-inmediata-en-bogota-dc-1A8B8C75E03275E561373E686DCF3405
2026-09-27 14:40:31,782 DEBUG     job 18: https://co.computrabajo.com/ofertas-de-trabajo/oferta-de-trabajo-de-soldador-puente-aranda-en-bogota-dc-F2157066F0CD8F2761373E686DCF3405
2026-09-27 14:40:31,782 DEBUG     job 19: https://co.computrabajo.com/ofertas-de-trabajo/oferta-de-trabajo-de-atencion-al-publico-presencial-en-bogota-dc-6BFF6BA644A1510861373E686DCF3405
2026-09-27 14:40:31,782 DEBUG     job 20: https://co.computrabajo.com/ofertas-de-trabajo/oferta-de-trabajo-de-asesor-comercial-bancario-en-bogota-dc-1653A2D72429626E61373E686DCF3405
2026-09-27 14:40:31,782 INFO ── https://co.computrabajo.com/empleos-en-bogota-dc | page 7 | job 1/20: https://co.computrabajo.com/ofertas-de-trabajo/oferta-de-trabajo-de-asesores-y-asesoras-call-center-ventas-bogota-contratacion-inmediata-en-bogota-dc-B8834EA2CA445A2461373E686DCF3405
2026-09-27 14:40:31,865 DEBUG https://co.computrabajo.com:443 "GET /ofertas-de-trabajo/oferta-de-trabajo-de-asesores-y-asesoras-call-center-ventas-bogota-contratacion-inmediata-en-bogota-dc-B8834EA2CA445A2461373E686DCF3405 HTTP/1.1" 200 None
2026-09-27 14:40:31,867 DEBUG     GET https://co.computrabajo.com/ofertas-de-trabajo/oferta-de-trabajo-de-asesores-y-asesoras-call-center-ventas-bogota-contratacion-inmediata-en-bogota-dc-B8834EA2CA445A2461373E686DCF3405 → HTTP 200 (167,101 chars)
2026-09-27 14:40:31,887 INFO     ┌─ SCRAPED JOB ─────────────────────────────────────────
    │ URL          : https://co.computrabajo.com/ofertas-de-trabajo/oferta-de-trabajo-de-asesores-y-asesoras-call-center-ventas-bogota-contratacion-inmediata-en-bogota-dc-B8834EA2CA445A2461373E686DCF3405
    │ Title        : Asesores y asesoras call center ventas - Bogotá Contratación Inmediata
    │ Company      : Grupo Soluciones Horizonte
    │ Location     : Bogotá, D.C.
    │ Job type     : full-time
    │ Salary       : 3500000 COP
    │ Industry     : RRHH / Personal
    │ Date posted  : 2026-09-08
    │ Deadline     : 2026-11-07
    │ External ID  : 6BED3200A0B02A11
    │ Description  : Buscamos un Asesores con experiencia mínima de 3 meses en call center ventas Requisitos: - Bachiller culminado. - Mínimo 3 meses de experiencia certificable en ventas en call center, venta de celulare…
    └───────────────────────────────────────────────────────
2026-09-27 14:40:33,051 DEBUG https://colombia.mimusjobs.com:443 "GET /wp-json/wp/v2/companies?slug=grupo-soluciones-horizonte HTTP/1.1" 200 None
2026-09-27 14:40:33,052 INFO ⏭ Company exists: Grupo Soluciones Horizonte
2026-09-27 14:40:34,067 DEBUG https://colombia.mimusjobs.com:443 "GET /wp-json/wp/v2/job-listings?slug=asesores-y-asesoras-call-center-ventas---bogot--contrataci-n-inmediata HTTP/1.1" 200 None
2026-09-27 14:40:34,071 DEBUG https://ii.ct-stc.com:443 "GET /1/logos/empresas/2022/06/13//solucionesempresarialeshorizonte163309thumbnail.png HTTP/1.1" 200 3494
2026-09-27 14:40:35,455 DEBUG https://colombia.mimusjobs.com:443 "POST /wp-json/wp/v2/media HTTP/1.1" 201 None
2026-09-27 14:40:38,501 DEBUG https://colombia.mimusjobs.com:443 "POST /wp-json/wp/v2/job-listings HTTP/1.1" 201 None
2026-09-27 14:40:38,502 INFO ✅ Job posted: 'Asesores y asesoras call center ventas - Bogotá Contratación Inmediata' → WP ID 40159
2026-09-27 14:40:38,502 INFO ✅ SUCCESS — 'Asesores y asesoras call center ventas - Bogotá Contratación Inmediata' → WP ID=40159 🔗 https://colombia.mimusjobs.com/job/asesores-y-asesoras-call-center-ventas-bogota-contratacion-inmediata-5/
2026-09-27 14:40:39,502 INFO ── https://co.computrabajo.com/empleos-en-bogota-dc | page 7 | job 2/20: https://co.computrabajo.com/ofertas-de-trabajo/oferta-de-trabajo-de-asistente-de-inventarios-manejo-de-piciz-urgente-para-zona-franca-de-fontibon-en-bogota-dc-DBC0C60BDA9EBE7661373E686DCF3405
2026-09-27 14:40:39,605 DEBUG https://co.computrabajo.com:443 "GET /ofertas-de-trabajo/oferta-de-trabajo-de-asistente-de-inventarios-manejo-de-piciz-urgente-para-zona-franca-de-fontibon-en-bogota-dc-DBC0C60BDA9EBE7661373E686DCF3405 HTTP/1.1" 200 None
2026-09-27 14:40:39,607 DEBUG     GET https://co.computrabajo.com/ofertas-de-trabajo/oferta-de-trabajo-de-asistente-de-inventarios-manejo-de-piciz-urgente-para-zona-franca-de-fontibon-en-bogota-dc-DBC0C60BDA9EBE7661373E686DCF3405 → HTTP 200 (169,054 chars)
2026-09-27 14:40:39,627 INFO     ┌─ SCRAPED JOB ─────────────────────────────────────────
    │ URL          : https://co.computrabajo.com/ofertas-de-trabajo/oferta-de-trabajo-de-asistente-de-inventarios-manejo-de-piciz-urgente-para-zona-franca-de-fontibon-en-bogota-dc-DBC0C60BDA9EBE7661373E686DCF3405
    │ Title        : Asistente de Inventarios / manejo de piciz - Urgente para zona franca de fontibon
    │ Company      : Grupo Soluciones Horizonte
    │ Location     : Bogotá, D.C.
    │ Job type     : full-time
    │ Salary       : 1750905 COP
    │ Industry     : RRHH / Personal
    │ Date posted  : 2026-09-14
    │ Deadline     : 2026-11-13
    │ External ID  : 6BED3200A0B02A11
    │ Description  : ASISTENTE DE INVENTARIOS – ZONA FRANCA FONTIBÓN Importante empresa requiere para su equipo de trabajo Asistente de Inventarios, con experiencia en manejo de inventarios, control documental y operacion…
    └───────────────────────────────────────────────────────
2026-09-27 14:40:40,565 DEBUG https://colombia.mimusjobs.com:443 "GET /wp-json/wp/v2/companies?slug=grupo-soluciones-horizonte HTTP/1.1" 200 None
2026-09-27 14:40:40,566 INFO ⏭ Company exists: Grupo Soluciones Horizonte
2026-09-27 14:40:41,363 DEBUG https://colombia.mimusjobs.com:443 "GET /wp-json/wp/v2/job-listings?slug=asistente-de-inventarios---manejo-de-piciz---urgente-para-zona-franca-de-fontibo HTTP/1.1" 200 None
2026-09-27 14:40:41,366 DEBUG https://ii.ct-stc.com:443 "GET /1/logos/empresas/2022/06/13//solucionesempresarialeshorizonte163309thumbnail.png HTTP/1.1" 200 3494
2026-09-27 14:40:42,820 DEBUG https://colombia.mimusjobs.com:443 "POST /wp-json/wp/v2/media HTTP/1.1" 201 None
2026-09-27 14:40:43,986 DEBUG https://colombia.mimusjobs.com:443 "POST /wp-json/wp/v2/job-listings HTTP/1.1" 201 None
2026-09-27 14:40:43,987 INFO ✅ Job posted: 'Asistente de Inventarios / manejo de piciz - Urgente para zona franca de fontibon' → WP ID 40163
2026-09-27 14:40:43,987 INFO ✅ SUCCESS — 'Asistente de Inventarios / manejo de piciz - Urgente para zona franca de fontibon' → WP ID=40163 🔗 https://colombia.mimusjobs.com/job/asistente-de-inventarios-manejo-de-piciz-urgente-para-zona-franca-de-fontibon/
2026-09-27 14:40:44,987 INFO ── https://co.computrabajo.com/empleos-en-bogota-dc | page 7 | job 3/20: https://co.computrabajo.com/ofertas-de-trabajo/oferta-de-trabajo-de-asesores-y-asesoras-ventas-telefonicas-bogota-contratacion-inmediata-en-bogota-dc-695E33749DCCF14061373E686DCF3405
2026-09-27 14:40:45,082 DEBUG https://co.computrabajo.com:443 "GET /ofertas-de-trabajo/oferta-de-trabajo-de-asesores-y-asesoras-ventas-telefonicas-bogota-contratacion-inmediata-en-bogota-dc-695E33749DCCF14061373E686DCF3405 HTTP/1.1" 200 None
2026-09-27 14:40:45,085 DEBUG     GET https://co.computrabajo.com/ofertas-de-trabajo/oferta-de-trabajo-de-asesores-y-asesoras-ventas-telefonicas-bogota-contratacion-inmediata-en-bogota-dc-695E33749DCCF14061373E686DCF3405 → HTTP 200 (167,462 chars)
2026-09-27 14:40:45,103 INFO     ┌─ SCRAPED JOB ─────────────────────────────────────────
    │ URL          : https://co.computrabajo.com/ofertas-de-trabajo/oferta-de-trabajo-de-asesores-y-asesoras-ventas-telefonicas-bogota-contratacion-inmediata-en-bogota-dc-695E33749DCCF14061373E686DCF3405
    │ Title        : Asesores y asesoras Ventas Telefónicas - Bogotá Contratación Inmediata
    │ Company      : Grupo Soluciones Horizonte
    │ Location     : Bogotá, D.C.
    │ Job type     : full-time
    │ Salary       : 3500000 COP
    │ Industry     : RRHH / Personal
    │ Date posted  : 2026-09-16
    │ Deadline     : 2026-11-15
    │ External ID  : 6BED3200A0B02A11
    │ Description  : Buscamos un Asesores con experiencia mínima de 3 meses en call center ventas Requisitos: - Bachiller culminado. - Mínimo 3 meses de experiencia certificable en ventas en call center, venta de celulare…
    └───────────────────────────────────────────────────────
2026-09-27 14:40:45,915 DEBUG https://colombia.mimusjobs.com:443 "GET /wp-json/wp/v2/companies?slug=grupo-soluciones-horizonte HTTP/1.1" 200 None
2026-09-27 14:40:45,916 INFO ⏭ Company exists: Grupo Soluciones Horizonte
2026-09-27 14:40:46,843 DEBUG https://colombia.mimusjobs.com:443 "GET /wp-json/wp/v2/job-listings?slug=asesores-y-asesoras-ventas-telef-nicas---bogot--contrataci-n-inmediata HTTP/1.1" 200 None
2026-09-27 14:40:46,844 DEBUG Resetting dropped connection: ii.ct-stc.com
2026-09-27 14:40:46,880 DEBUG https://ii.ct-stc.com:443 "GET /1/logos/empresas/2022/06/13//solucionesempresarialeshorizonte163309thumbnail.png HTTP/1.1" 200 3494
2026-09-27 14:40:48,314 DEBUG https://colombia.mimusjobs.com:443 "POST /wp-json/wp/v2/media HTTP/1.1" 201 None
2026-09-27 14:40:49,885 DEBUG https://colombia.mimusjobs.com:443 "POST /wp-json/wp/v2/job-listings HTTP/1.1" 201 None
2026-09-27 14:40:49,886 INFO ✅ Job posted: 'Asesores y asesoras Ventas Telefónicas - Bogotá Contratación Inmediata' → WP ID 40166
2026-09-27 14:40:49,886 INFO ✅ SUCCESS — 'Asesores y asesoras Ventas Telefónicas - Bogotá Contratación Inmediata' → WP ID=40166 🔗 https://colombia.mimusjobs.com/job/asesores-y-asesoras-ventas-telefonicas-bogota-contratacion-inmediata-5/
2026-09-27 14:40:50,886 INFO ── https://co.computrabajo.com/empleos-en-bogota-dc | page 7 | job 4/20: https://co.computrabajo.com/ofertas-de-trabajo/oferta-de-trabajo-de-asesores-comerciales-para-call-center-ventas-bogota-contratacion-inmediata-en-bogota-dc-2EA35503107B56B561373E686DCF3405
2026-09-27 14:40:50,969 DEBUG https://co.computrabajo.com:443 "GET /ofertas-de-trabajo/oferta-de-trabajo-de-asesores-comerciales-para-call-center-ventas-bogota-contratacion-inmediata-en-bogota-dc-2EA35503107B56B561373E686DCF3405 HTTP/1.1" 200 None
2026-09-27 14:40:50,972 DEBUG     GET https://co.computrabajo.com/ofertas-de-trabajo/oferta-de-trabajo-de-asesores-comerciales-para-call-center-ventas-bogota-contratacion-inmediata-en-bogota-dc-2EA35503107B56B561373E686DCF3405 → HTTP 200 (167,497 chars)
2026-09-27 14:40:50,991 INFO     ┌─ SCRAPED JOB ─────────────────────────────────────────
    │ URL          : https://co.computrabajo.com/ofertas-de-trabajo/oferta-de-trabajo-de-asesores-comerciales-para-call-center-ventas-bogota-contratacion-inmediata-en-bogota-dc-2EA35503107B56B561373E686DCF3405
    │ Title        : asesores comerciales para call center ventas - Bogotá Contratación Inmediata
    │ Company      : Grupo Soluciones Horizonte
    │ Location     : Bogotá, D.C.
    │ Job type     : full-time
    │ Salary       : 3500000 COP
    │ Industry     : RRHH / Personal
    │ Date posted  : 2026-09-16
    │ Deadline     : 2026-11-15
    │ External ID  : 6BED3200A0B02A11
    │ Description  : Buscamos un Asesores con experiencia mínima de 3 meses en cualquier tipo de ventas para call center ventas. MUY comercial. Requisitos: - Bachiller culminado. - Mínimo 3 meses de experiencia certificab…
    └───────────────────────────────────────────────────────
2026-09-27 14:40:51,751 DEBUG https://colombia.mimusjobs.com:443 "GET /wp-json/wp/v2/companies?slug=grupo-soluciones-horizonte HTTP/1.1" 200 None
2026-09-27 14:40:51,752 INFO ⏭ Company exists: Grupo Soluciones Horizonte
2026-09-27 14:40:52,910 DEBUG https://colombia.mimusjobs.com:443 "GET /wp-json/wp/v2/job-listings?slug=asesores-comerciales-para-call-center-ventas---bogot--contrataci-n-inmediata HTTP/1.1" 200 None
2026-09-27 14:40:52,914 DEBUG https://ii.ct-stc.com:443 "GET /1/logos/empresas/2022/06/13//solucionesempresarialeshorizonte163309thumbnail.png HTTP/1.1" 200 3494
2026-09-27 14:40:53,901 DEBUG https://colombia.mimusjobs.com:443 "POST /wp-json/wp/v2/media HTTP/1.1" 201 None
2026-09-27 14:40:56,543 DEBUG https://colombia.mimusjobs.com:443 "POST /wp-json/wp/v2/job-listings HTTP/1.1" 201 None
2026-09-27 14:40:56,544 INFO ✅ Job posted: 'asesores comerciales para call center ventas - Bogotá Contratación Inmediata' → WP ID 40170
2026-09-27 14:40:56,544 INFO ✅ SUCCESS — 'asesores comerciales para call center ventas - Bogotá Contratación Inmediata' → WP ID=40170 🔗 https://colombia.mimusjobs.com/job/asesores-comerciales-para-call-center-ventas-bogota-contratacion-inmediata-5/
2026-09-27 14:40:57,544 INFO ── https://co.computrabajo.com/empleos-en-bogota-dc | page 7 | job 5/20: https://co.computrabajo.com/ofertas-de-trabajo/oferta-de-trabajo-de-asistente-de-operaciones-logisticas-torre-de-control-transporte-urgente-para-zona-franca-de-fontibon-en-bogota-dc-1F00D33FD608972961373E686DCF3405
2026-09-27 14:40:57,647 DEBUG https://co.computrabajo.com:443 "GET /ofertas-de-trabajo/oferta-de-trabajo-de-asistente-de-operaciones-logisticas-torre-de-control-transporte-urgente-para-zona-franca-de-fontibon-en-bogota-dc-1F00D33FD608972961373E686DCF3405 HTTP/1.1" 200 None
2026-09-27 14:40:57,650 DEBUG     GET https://co.computrabajo.com/ofertas-de-trabajo/oferta-de-trabajo-de-asistente-de-operaciones-logisticas-torre-de-control-transporte-urgente-para-zona-franca-de-fontibon-en-bogota-dc-1F00D33FD608972961373E686DCF3405 → HTTP 200 (167,939 chars)
2026-09-27 14:40:57,669 INFO     ┌─ SCRAPED JOB ─────────────────────────────────────────
    │ URL          : https://co.computrabajo.com/ofertas-de-trabajo/oferta-de-trabajo-de-asistente-de-operaciones-logisticas-torre-de-control-transporte-urgente-para-zona-franca-de-fontibon-en-bogota-dc-1F00D33FD608972961373E686DCF3405
    │ Title        : Asistente de Operaciones Logísticas / torre de control transporte - Urgente para zona franca de fontibon
    │ Company      : Grupo Soluciones Horizonte
    │ Location     : Bogotá, D.C.
    │ Job type     : full-time
    │ Salary       : 1857062 COP
    │ Industry     : RRHH / Personal
    │ Date posted  : 2026-09-22
    │ Deadline     : 2026-11-21
    │ External ID  : 6BED3200A0B02A11
    │ Description  : FUNCIONES: *Atención a las PQR de los clientes. *Apoyo operativo (empaque, embalaje, alistamiento para el despacho) *Seguimiento nacional de gestión de mensajería y transporte *Control de los inventar…
    └───────────────────────────────────────────────────────
2026-09-27 14:40:59,146 DEBUG https://colombia.mimusjobs.com:443 "GET /wp-json/wp/v2/companies?slug=grupo-soluciones-horizonte HTTP/1.1" 200 None
2026-09-27 14:40:59,147 INFO ⏭ Company exists: Grupo Soluciones Horizonte
2026-09-27 14:41:00,293 DEBUG https://colombia.mimusjobs.com:443 "GET /wp-json/wp/v2/job-listings?slug=asistente-de-operaciones-log-sticas---torre-de-control-transporte---urgente-para HTTP/1.1" 200 None
2026-09-27 14:41:00,296 DEBUG https://ii.ct-stc.com:443 "GET /1/logos/empresas/2022/06/13//solucionesempresarialeshorizonte163309thumbnail.png HTTP/1.1" 200 3494
2026-09-27 14:41:01,431 DEBUG https://colombia.mimusjobs.com:443 "POST /wp-json/wp/v2/media HTTP/1.1" 201 None
2026-09-27 14:41:04,136 DEBUG https://colombia.mimusjobs.com:443 "POST /wp-json/wp/v2/job-listings HTTP/1.1" 201 None
2026-09-27 14:41:04,137 INFO ✅ Job posted: 'Asistente de Operaciones Logísticas / torre de control transporte - Urgente para zona franca de fontibon' → WP ID 40172
2026-09-27 14:41:04,137 INFO ✅ SUCCESS — 'Asistente de Operaciones Logísticas / torre de control transporte - Urgente para zona franca de fontibon' → WP ID=40172 🔗 https://colombia.mimusjobs.com/job/asistente-de-operaciones-logisticas-torre-de-control-transporte-urgente-para-zona-franca-de-fontibon-4/
2026-09-27 14:41:05,137 INFO ── https://co.computrabajo.com/empleos-en-bogota-dc | page 7 | job 6/20: https://co.computrabajo.com/ofertas-de-trabajo/oferta-de-trabajo-de-auxiliar-de-inventarios-manejo-de-piciz-urgente-para-zona-franca-de-fontibon-en-bogota-dc-1CF961569830895B61373E686DCF3405
2026-09-27 14:41:05,274 DEBUG https://co.computrabajo.com:443 "GET /ofertas-de-trabajo/oferta-de-trabajo-de-auxiliar-de-inventarios-manejo-de-piciz-urgente-para-zona-franca-de-fontibon-en-bogota-dc-1CF961569830895B61373E686DCF3405 HTTP/1.1" 200 None
2026-09-27 14:41:05,277 DEBUG     GET https://co.computrabajo.com/ofertas-de-trabajo/oferta-de-trabajo-de-auxiliar-de-inventarios-manejo-de-piciz-urgente-para-zona-franca-de-fontibon-en-bogota-dc-1CF961569830895B61373E686DCF3405 → HTTP 200 (168,526 chars)
2026-09-27 14:41:05,297 INFO     ┌─ SCRAPED JOB ─────────────────────────────────────────
    │ URL          : https://co.computrabajo.com/ofertas-de-trabajo/oferta-de-trabajo-de-auxiliar-de-inventarios-manejo-de-piciz-urgente-para-zona-franca-de-fontibon-en-bogota-dc-1CF961569830895B61373E686DCF3405
    │ Title        : auxiliar de Inventarios / manejo de piciz - Urgente para zona franca de fontibon
    │ Company      : Grupo Soluciones Horizonte
    │ Location     : Bogotá, D.C.
    │ Job type     : full-time
    │ Salary       : 1750905 COP
    │ Industry     : RRHH / Personal
    │ Date posted  : 2026-09-23
    │ Deadline     : 2026-11-22
    │ External ID  : 6BED3200A0B02A11
    │ Description  : ASISTENTE DE INVENTARIOS – ZONA FRANCA FONTIBÓN Importante empresa requiere para su equipo de trabajo Asistente de Inventarios, con experiencia en manejo de inventarios, control documental y operacion…
    └───────────────────────────────────────────────────────
2026-09-27 14:41:06,187 DEBUG https://colombia.mimusjobs.com:443 "GET /wp-json/wp/v2/companies?slug=grupo-soluciones-horizonte HTTP/1.1" 200 None
2026-09-27 14:41:06,187 INFO ⏭ Company exists: Grupo Soluciones Horizonte
2026-09-27 14:41:07,016 DEBUG https://colombia.mimusjobs.com:443 "GET /wp-json/wp/v2/job-listings?slug=auxiliar-de-inventarios---manejo-de-piciz---urgente-para-zona-franca-de-fontibon HTTP/1.1" 200 None
2026-09-27 14:41:07,019 DEBUG https://ii.ct-stc.com:443 "GET /1/logos/empresas/2022/06/13//solucionesempresarialeshorizonte163309thumbnail.png HTTP/1.1" 200 3494
2026-09-27 14:41:08,349 DEBUG https://colombia.mimusjobs.com:443 "POST /wp-json/wp/v2/media HTTP/1.1" 201 None
2026-09-27 14:41:09,595 DEBUG https://colombia.mimusjobs.com:443 "POST /wp-json/wp/v2/job-listings HTTP/1.1" 201 None
2026-09-27 14:41:09,596 INFO ✅ Job posted: 'auxiliar de Inventarios / manejo de piciz - Urgente para zona franca de fontibon' → WP ID 40177
2026-09-27 14:41:09,596 INFO ✅ SUCCESS — 'auxiliar de Inventarios / manejo de piciz - Urgente para zona franca de fontibon' → WP ID=40177 🔗 https://colombia.mimusjobs.com/job/auxiliar-de-inventarios-manejo-de-piciz-urgente-para-zona-franca-de-fontibon/
2026-09-27 14:41:10,596 INFO ── https://co.computrabajo.com/empleos-en-bogota-dc | page 7 | job 7/20: https://co.computrabajo.com/ofertas-de-trabajo/oferta-de-trabajo-de-asistente-de-zonificado-y-ruteo-urgente-para-zona-franca-de-fontibon-en-bogota-dc-FD3E1FF172EC4EA261373E686DCF3405
2026-09-27 14:41:10,698 DEBUG https://co.computrabajo.com:443 "GET /ofertas-de-trabajo/oferta-de-trabajo-de-asistente-de-zonificado-y-ruteo-urgente-para-zona-franca-de-fontibon-en-bogota-dc-FD3E1FF172EC4EA261373E686DCF3405 HTTP/1.1" 200 None
2026-09-27 14:41:10,701 DEBUG     GET https://co.computrabajo.com/ofertas-de-trabajo/oferta-de-trabajo-de-asistente-de-zonificado-y-ruteo-urgente-para-zona-franca-de-fontibon-en-bogota-dc-FD3E1FF172EC4EA261373E686DCF3405 → HTTP 200 (167,656 chars)
2026-09-27 14:41:10,720 INFO     ┌─ SCRAPED JOB ─────────────────────────────────────────
    │ URL          : https://co.computrabajo.com/ofertas-de-trabajo/oferta-de-trabajo-de-asistente-de-zonificado-y-ruteo-urgente-para-zona-franca-de-fontibon-en-bogota-dc-FD3E1FF172EC4EA261373E686DCF3405
    │ Title        : asistente de zonificado y Ruteo - Urgente para zona franca de fontibon
    │ Company      : Grupo Soluciones Horizonte
    │ Location     : Bogotá, D.C.
    │ Job type     : full-time
    │ Salary       : 1750905 COP
    │ Industry     : RRHH / Personal
    │ Date posted  : 2026-09-24
    │ Deadline     : 2026-11-23
    │ External ID  : 6BED3200A0B02A11
    │ Description  : ASISTENTE DE ZONIFICACIÓN Tienes experiencia en zonificación de rutas y conocimientos de direcciones en Bogotá. Esta oportunidad es para ti. Estamos en búsqueda de un Asistente de Zonificación para ap…
    └───────────────────────────────────────────────────────
2026-09-27 14:41:11,891 DEBUG https://colombia.mimusjobs.com:443 "GET /wp-json/wp/v2/companies?slug=grupo-soluciones-horizonte HTTP/1.1" 200 None
2026-09-27 14:41:11,891 INFO ⏭ Company exists: Grupo Soluciones Horizonte
2026-09-27 14:41:12,695 DEBUG https://colombia.mimusjobs.com:443 "GET /wp-json/wp/v2/job-listings?slug=asistente-de-zonificado-y-ruteo---urgente-para-zona-franca-de-fontibon HTTP/1.1" 200 None
2026-09-27 14:41:12,695 INFO ⏭ Job already on WP: asistente de zonificado y Ruteo - Urgente para zona franca de fontibon
2026-09-27 14:41:12,696 INFO ✅ SUCCESS — 'asistente de zonificado y Ruteo - Urgente para zona franca de fontibon' → WP ID=24223 🔗 https://colombia.mimusjobs.com/job/asistente-de-zonificado-y-ruteo-urgente-para-zona-franca-de-fontibon/
2026-09-27 14:41:13,696 INFO ── https://co.computrabajo.com/empleos-en-bogota-dc | page 7 | job 8/20: https://co.computrabajo.com/ofertas-de-trabajo/oferta-de-trabajo-de-auxiliar-de-cocina-en-bogota-dc-BB36E08ECAC3BA3A61373E686DCF3405
2026-09-27 14:41:13,799 DEBUG https://co.computrabajo.com:443 "GET /ofertas-de-trabajo/oferta-de-trabajo-de-auxiliar-de-cocina-en-bogota-dc-BB36E08ECAC3BA3A61373E686DCF3405 HTTP/1.1" 200 None
2026-09-27 14:41:13,803 DEBUG     GET https://co.computrabajo.com/ofertas-de-trabajo/oferta-de-trabajo-de-auxiliar-de-cocina-en-bogota-dc-BB36E08ECAC3BA3A61373E686DCF3405 → HTTP 200 (149,678 chars)
2026-09-27 14:41:13,819 WARNING No JobPosting JSON-LD found, using HTML fallback: https://co.computrabajo.com/ofertas-de-trabajo/oferta-de-trabajo-de-auxiliar-de-cocina-en-bogota-dc-BB36E08ECAC3BA3A61373E686DCF3405
2026-09-27 14:41:13,820 INFO     ┌─ SCRAPED JOB ─────────────────────────────────────────
    │ URL          : https://co.computrabajo.com/ofertas-de-trabajo/oferta-de-trabajo-de-auxiliar-de-cocina-en-bogota-dc-BB36E08ECAC3BA3A61373E686DCF3405
    │ Title        : Auxiliar de Cocina
    │ Company      : Importante empresa del sector
    │ Location     : Bogotá, D.C., Bogotá, D.C.
    │ Job type     : full-time
    │ Salary       : A convenir COP
    │ Industry     : (none)
    │ Date posted  : (unknown)
    │ Deadline     : (estimated: )
    │ External ID  : (none)
    │ Description  : Somos una sólida cadena de restaurantes y buscamos para nuestro equipo de trabajo Auxiliar de cocina con experiencia mínima 1 año cargos similares. 
FUNCIONES:
Realizar el mise and place: pelado, pica…
    └───────────────────────────────────────────────────────
2026-09-27 14:41:14,408 DEBUG https://colombia.mimusjobs.com:443 "GET /wp-json/wp/v2/companies?slug=importante-empresa-del-sector HTTP/1.1" 200 None
2026-09-27 14:41:14,408 INFO ⏭ Company exists: Importante empresa del sector
2026-09-27 14:41:15,531 DEBUG https://colombia.mimusjobs.com:443 "GET /wp-json/wp/v2/job-listings?slug=auxiliar-de-cocina HTTP/1.1" 200 None
2026-09-27 14:41:15,532 INFO ⏭ Job already on WP: Auxiliar de Cocina
2026-09-27 14:41:15,532 INFO ✅ SUCCESS — 'Auxiliar de Cocina' → WP ID=251 🔗 https://colombia.mimusjobs.com/job/auxiliar-de-cocina/
2026-09-27 14:41:16,532 INFO ── https://co.computrabajo.com/empleos-en-bogota-dc | page 7 | job 9/20: https://co.computrabajo.com/ofertas-de-trabajo/oferta-de-trabajo-de-analista-de-campo-sector-retail-puntos-de-venta-droguerias-y-farmacias-trabajo-presencial-en-bogota-dc-35DD96B63794F64361373E686DCF3405
2026-09-27 14:41:16,637 DEBUG https://co.computrabajo.com:443 "GET /ofertas-de-trabajo/oferta-de-trabajo-de-analista-de-campo-sector-retail-puntos-de-venta-droguerias-y-farmacias-trabajo-presencial-en-bogota-dc-35DD96B63794F64361373E686DCF3405 HTTP/1.1" 200 None
2026-09-27 14:41:16,640 DEBUG     GET https://co.computrabajo.com/ofertas-de-trabajo/oferta-de-trabajo-de-analista-de-campo-sector-retail-puntos-de-venta-droguerias-y-farmacias-trabajo-presencial-en-bogota-dc-35DD96B63794F64361373E686DCF3405 → HTTP 200 (155,482 chars)
2026-09-27 14:41:16,655 WARNING No JobPosting JSON-LD found, using HTML fallback: https://co.computrabajo.com/ofertas-de-trabajo/oferta-de-trabajo-de-analista-de-campo-sector-retail-puntos-de-venta-droguerias-y-farmacias-trabajo-presencial-en-bogota-dc-35DD96B63794F64361373E686DCF3405
2026-09-27 14:41:16,656 INFO     ┌─ SCRAPED JOB ─────────────────────────────────────────
    │ URL          : https://co.computrabajo.com/ofertas-de-trabajo/oferta-de-trabajo-de-analista-de-campo-sector-retail-puntos-de-venta-droguerias-y-farmacias-trabajo-presencial-en-bogota-dc-35DD96B63794F64361373E686DCF3405
    │ Title        : Analista de Campo sector retail puntos de venta droguerías y farmacias - Trabajo presencial
    │ Company      : Importante empresa del sector
    │ Location     : Bogotá, D.C., Bogotá, D.C.
    │ Job type     : full-time
    │ Salary       : $ 3.500.000,00 (Mensual) COP
    │ Industry     : (none)
    │ Date posted  : (unknown)
    │ Deadline     : (estimated: )
    │ External ID  : (none)
    │ Description  : Importante compañía requiere Técnico, tecnólogo o profesional en áreas de Mercadeo, Investigación de mercados, Administración de Empresas, Gestión Comercial, Ingeniería Industrial, Gestión Empresarial…
    └───────────────────────────────────────────────────────
2026-09-27 14:41:17,713 DEBUG https://colombia.mimusjobs.com:443 "GET /wp-json/wp/v2/companies?slug=importante-empresa-del-sector HTTP/1.1" 200 None
2026-09-27 14:41:17,714 INFO ⏭ Company exists: Importante empresa del sector
2026-09-27 14:41:18,634 DEBUG https://colombia.mimusjobs.com:443 "GET /wp-json/wp/v2/job-listings?slug=analista-de-campo-sector-retail-puntos-de-venta-droguer-as-y-farmacias---trabajo HTTP/1.1" 200 None
2026-09-27 14:41:19,783 DEBUG https://colombia.mimusjobs.com:443 "POST /wp-json/wp/v2/job-listings HTTP/1.1" 201 None
2026-09-27 14:41:19,784 INFO ✅ Job posted: 'Analista de Campo sector retail puntos de venta droguerías y farmacias - Trabajo presencial' → WP ID 40178
2026-09-27 14:41:19,784 INFO ✅ SUCCESS — 'Analista de Campo sector retail puntos de venta droguerías y farmacias - Trabajo presencial' → WP ID=40178 🔗 https://colombia.mimusjobs.com/job/analista-de-campo-sector-retail-puntos-de-venta-droguerias-y-farmacias-trabajo-presencial-3/
2026-09-27 14:41:20,784 INFO ── https://co.computrabajo.com/empleos-en-bogota-dc | page 7 | job 10/20: https://co.computrabajo.com/ofertas-de-trabajo/oferta-de-trabajo-de-supernumerario-experiencia-renting-de-vehiculos-y-talleres-de-servicio-excel-intermedio-trabajo-norte-bogota-en-bogota-dc-2CB40446D439D9AD61373E686DCF3405
2026-09-27 14:41:20,885 DEBUG https://co.computrabajo.com:443 "GET /ofertas-de-trabajo/oferta-de-trabajo-de-supernumerario-experiencia-renting-de-vehiculos-y-talleres-de-servicio-excel-intermedio-trabajo-norte-bogota-en-bogota-dc-2CB40446D439D9AD61373E686DCF3405 HTTP/1.1" 200 None
2026-09-27 14:41:20,887 DEBUG     GET https://co.computrabajo.com/ofertas-de-trabajo/oferta-de-trabajo-de-supernumerario-experiencia-renting-de-vehiculos-y-talleres-de-servicio-excel-intermedio-trabajo-norte-bogota-en-bogota-dc-2CB40446D439D9AD61373E686DCF3405 → HTTP 200 (153,459 chars)
2026-09-27 14:41:20,902 WARNING No JobPosting JSON-LD found, using HTML fallback: https://co.computrabajo.com/ofertas-de-trabajo/oferta-de-trabajo-de-supernumerario-experiencia-renting-de-vehiculos-y-talleres-de-servicio-excel-intermedio-trabajo-norte-bogota-en-bogota-dc-2CB40446D439D9AD61373E686DCF3405
2026-09-27 14:41:20,903 INFO     ┌─ SCRAPED JOB ─────────────────────────────────────────
    │ URL          : https://co.computrabajo.com/ofertas-de-trabajo/oferta-de-trabajo-de-supernumerario-experiencia-renting-de-vehiculos-y-talleres-de-servicio-excel-intermedio-trabajo-norte-bogota-en-bogota-dc-2CB40446D439D9AD61373E686DCF3405
    │ Title        : Supernumerario experiencia renting de vehículos y talleres de servicio Excel intermedio - Trabajo norte Bogotá
    │ Company      : Importante empresa del sector
    │ Location     : Bogotá, D.C., Bogotá, D.C.
    │ Job type     : full-time
    │ Salary       : A convenir COP
    │ Industry     : (none)
    │ Date posted  : (unknown)
    │ Deadline     : (estimated: )
    │ External ID  : (none)
    │ Description  : Importante compañía, requiere estudiante Técnico/Tecnólogo y/o Profesional de carreras Administrativas o afines con 2 años de experiencia en Vehículos y mecánica de vehículos. Debe tener conocimiento …
    └───────────────────────────────────────────────────────
2026-09-27 14:41:21,915 DEBUG https://colombia.mimusjobs.com:443 "GET /wp-json/wp/v2/companies?slug=importante-empresa-del-sector HTTP/1.1" 200 None
2026-09-27 14:41:21,915 INFO ⏭ Company exists: Importante empresa del sector
2026-09-27 14:41:22,593 DEBUG https://colombia.mimusjobs.com:443 "GET /wp-json/wp/v2/job-listings?slug=supernumerario-experiencia-renting-de-veh-culos-y-talleres-de-servicio-excel-int HTTP/1.1" 200 None
2026-09-27 14:41:24,226 DEBUG https://colombia.mimusjobs.com:443 "POST /wp-json/wp/v2/job-listings HTTP/1.1" 201 None
2026-09-27 14:41:24,226 INFO ✅ Job posted: 'Supernumerario experiencia renting de vehículos y talleres de servicio Excel intermedio - Trabajo norte Bogotá' → WP ID 40181
2026-09-27 14:41:24,226 INFO ✅ SUCCESS — 'Supernumerario experiencia renting de vehículos y talleres de servicio Excel intermedio - Trabajo norte Bogotá' → WP ID=40181 🔗 https://colombia.mimusjobs.com/job/supernumerario-experiencia-renting-de-vehiculos-y-talleres-de-servicio-excel-intermedio-trabajo-norte-bogota-4/
2026-09-27 14:41:25,227 INFO ── https://co.computrabajo.com/empleos-en-bogota-dc | page 7 | job 11/20: https://co.computrabajo.com/ofertas-de-trabajo/oferta-de-trabajo-de-guarda-de-seguridad-bogota-en-bogota-dc-6B29E5BBC4C93A9861373E686DCF3405
2026-09-27 14:41:25,308 DEBUG https://co.computrabajo.com:443 "GET /ofertas-de-trabajo/oferta-de-trabajo-de-guarda-de-seguridad-bogota-en-bogota-dc-6B29E5BBC4C93A9861373E686DCF3405 HTTP/1.1" 200 None
2026-09-27 14:41:25,311 DEBUG     GET https://co.computrabajo.com/ofertas-de-trabajo/oferta-de-trabajo-de-guarda-de-seguridad-bogota-en-bogota-dc-6B29E5BBC4C93A9861373E686DCF3405 → HTTP 200 (163,934 chars)
2026-09-27 14:41:25,329 INFO     ┌─ SCRAPED JOB ─────────────────────────────────────────
    │ URL          : https://co.computrabajo.com/ofertas-de-trabajo/oferta-de-trabajo-de-guarda-de-seguridad-bogota-en-bogota-dc-6B29E5BBC4C93A9861373E686DCF3405
    │ Title        : Guarda de seguridad - Bogota
    │ Company      : Agencia de Empleo Cafam
    │ Location     : Bogotá, D.C.
    │ Job type     : full-time
    │ Salary       : 2000000 COP
    │ Industry     : Servicios Profesionales
    │ Date posted  : 2026-07-29
    │ Deadline     : 2026-09-27
    │ External ID  : 37632AC73B684A7D
    │ Description  : En Cafam buscamos un Vigilante Líder para fortalecer nuestro equipo de seguridad física, garantizando el cumplimiento de normativas y la protección integral de nuestras instalaciones. · Requisitos
- T…
    └───────────────────────────────────────────────────────
2026-09-27 14:41:26,898 DEBUG https://colombia.mimusjobs.com:443 "GET /wp-json/wp/v2/companies?slug=agencia-de-empleo-cafam HTTP/1.1" 200 None
2026-09-27 14:41:26,899 INFO ⏭ Company exists: Agencia de Empleo Cafam
2026-09-27 14:41:27,450 DEBUG https://colombia.mimusjobs.com:443 "GET /wp-json/wp/v2/job-listings?slug=guarda-de-seguridad---bogota HTTP/1.1" 200 None
2026-09-27 14:41:27,450 INFO ⏭ Job already on WP: Guarda de seguridad - Bogota
2026-09-27 14:41:27,450 INFO ✅ SUCCESS — 'Guarda de seguridad - Bogota' → WP ID=12564 🔗 https://colombia.mimusjobs.com/job/guarda-de-seguridad-bogota/
2026-09-27 14:41:28,450 INFO ── https://co.computrabajo.com/empleos-en-bogota-dc | page 7 | job 12/20: https://co.computrabajo.com/ofertas-de-trabajo/oferta-de-trabajo-de-lider-comercial-con-o-sin-experiencia-en-bogota-dc-644A395C90CECD4561373E686DCF3405
2026-09-27 14:41:28,532 DEBUG https://co.computrabajo.com:443 "GET /ofertas-de-trabajo/oferta-de-trabajo-de-lider-comercial-con-o-sin-experiencia-en-bogota-dc-644A395C90CECD4561373E686DCF3405 HTTP/1.1" 200 None
2026-09-27 14:41:28,534 DEBUG     GET https://co.computrabajo.com/ofertas-de-trabajo/oferta-de-trabajo-de-lider-comercial-con-o-sin-experiencia-en-bogota-dc-644A395C90CECD4561373E686DCF3405 → HTTP 200 (150,485 chars)
2026-09-27 14:41:28,576 WARNING No JobPosting JSON-LD found, using HTML fallback: https://co.computrabajo.com/ofertas-de-trabajo/oferta-de-trabajo-de-lider-comercial-con-o-sin-experiencia-en-bogota-dc-644A395C90CECD4561373E686DCF3405
2026-09-27 14:41:28,578 INFO     ┌─ SCRAPED JOB ─────────────────────────────────────────
    │ URL          : https://co.computrabajo.com/ofertas-de-trabajo/oferta-de-trabajo-de-lider-comercial-con-o-sin-experiencia-en-bogota-dc-644A395C90CECD4561373E686DCF3405
    │ Title        : líder comercial - con o sin experiencia
    │ Company      : Importante empresa del sector
    │ Location     : Bogotá, D.C., Bogotá, D.C.
    │ Job type     : full-time
    │ Salary       : $ 3.500.000,00 (Mensual) COP
    │ Industry     : (none)
    │ Date posted  : (unknown)
    │ Deadline     : (estimated: )
    │ External ID  : (none)
    │ Description  : Se requiere profesionales o estudiantes de ULTIMO SEMESTRE, EN MODALIDAD VIRTUAL (preferiblemente), de administración de empresas, comunicación social o publicidad (con perfil comercial) para hacer pa…
    └───────────────────────────────────────────────────────
2026-09-27 14:41:29,765 DEBUG https://colombia.mimusjobs.com:443 "GET /wp-json/wp/v2/companies?slug=importante-empresa-del-sector HTTP/1.1" 200 None
2026-09-27 14:41:29,765 INFO ⏭ Company exists: Importante empresa del sector
2026-09-27 14:41:30,334 DEBUG https://colombia.mimusjobs.com:443 "GET /wp-json/wp/v2/job-listings?slug=l-der-comercial---con-o-sin-experiencia HTTP/1.1" 200 None
2026-09-27 14:41:31,489 DEBUG https://colombia.mimusjobs.com:443 "POST /wp-json/wp/v2/job-listings HTTP/1.1" 201 None
2026-09-27 14:41:31,490 INFO ✅ Job posted: 'líder comercial - con o sin experiencia' → WP ID 40184
2026-09-27 14:41:31,490 INFO ✅ SUCCESS — 'líder comercial - con o sin experiencia' → WP ID=40184 🔗 https://colombia.mimusjobs.com/job/lider-comercial-con-o-sin-experiencia-2/
2026-09-27 14:41:32,490 INFO ── https://co.computrabajo.com/empleos-en-bogota-dc | page 7 | job 13/20: https://co.computrabajo.com/ofertas-de-trabajo/oferta-de-trabajo-de-conductor-tractocamion-tractomula-licencia-c3-en-bogota-dc-C302CC55076435A561373E686DCF3405
2026-09-27 14:41:32,572 DEBUG https://co.computrabajo.com:443 "GET /ofertas-de-trabajo/oferta-de-trabajo-de-conductor-tractocamion-tractomula-licencia-c3-en-bogota-dc-C302CC55076435A561373E686DCF3405 HTTP/1.1" 200 None
2026-09-27 14:41:32,575 DEBUG     GET https://co.computrabajo.com/ofertas-de-trabajo/oferta-de-trabajo-de-conductor-tractocamion-tractomula-licencia-c3-en-bogota-dc-C302CC55076435A561373E686DCF3405 → HTTP 200 (163,885 chars)
2026-09-27 14:41:32,593 INFO     ┌─ SCRAPED JOB ─────────────────────────────────────────
    │ URL          : https://co.computrabajo.com/ofertas-de-trabajo/oferta-de-trabajo-de-conductor-tractocamion-tractomula-licencia-c3-en-bogota-dc-C302CC55076435A561373E686DCF3405
    │ Title        : Conductor tractocamión/ tractomula / Licencia C3
    │ Company      : Agencia de Empleo Cafam
    │ Location     : Bogotá, D.C.
    │ Job type     : full-time
    │ Salary       : 1750905 COP
    │ Industry     : Servicios Profesionales
    │ Date posted  : 2026-08-03
    │ Deadline     : 2026-10-02
    │ External ID  : 37632AC73B684A7D
    │ Description  : Importante empresa que cuente con conocimiento de rutas nacionales y tener Licencia C3, adicional que cuente con 3 años de experiencia certificada en tractocamión/tractomula de 6 ejes.
Nivel académico…
    └───────────────────────────────────────────────────────
2026-09-27 14:41:33,314 DEBUG https://colombia.mimusjobs.com:443 "GET /wp-json/wp/v2/companies?slug=agencia-de-empleo-cafam HTTP/1.1" 200 None
2026-09-27 14:41:33,314 INFO ⏭ Company exists: Agencia de Empleo Cafam
2026-09-27 14:41:34,040 DEBUG https://colombia.mimusjobs.com:443 "GET /wp-json/wp/v2/job-listings?slug=conductor-tractocami-n--tractomula---licencia-c3 HTTP/1.1" 200 None
2026-09-27 14:41:35,264 DEBUG https://colombia.mimusjobs.com:443 "POST /wp-json/wp/v2/job-listings HTTP/1.1" 201 None
2026-09-27 14:41:35,264 INFO ✅ Job posted: 'Conductor tractocamión/ tractomula / Licencia C3' → WP ID 40186
2026-09-27 14:41:35,264 INFO ✅ SUCCESS — 'Conductor tractocamión/ tractomula / Licencia C3' → WP ID=40186 🔗 https://colombia.mimusjobs.com/job/conductor-tractocamion-tractomula-licencia-c3-2/
2026-09-27 14:41:36,265 INFO ── https://co.computrabajo.com/empleos-en-bogota-dc | page 7 | job 14/20: https://co.computrabajo.com/ofertas-de-trabajo/oferta-de-trabajo-de-relacionista-o-agente-telefonico-remoto-en-bogota-dc-197D651474C532B261373E686DCF3405
2026-09-27 14:41:36,402 DEBUG https://co.computrabajo.com:443 "GET /ofertas-de-trabajo/oferta-de-trabajo-de-relacionista-o-agente-telefonico-remoto-en-bogota-dc-197D651474C532B261373E686DCF3405 HTTP/1.1" 200 None
2026-09-27 14:41:36,454 DEBUG     GET https://co.computrabajo.com/ofertas-de-trabajo/oferta-de-trabajo-de-relacionista-o-agente-telefonico-remoto-en-bogota-dc-197D651474C532B261373E686DCF3405 → HTTP 200 (164,376 chars)
2026-09-27 14:41:36,473 INFO     ┌─ SCRAPED JOB ─────────────────────────────────────────
    │ URL          : https://co.computrabajo.com/ofertas-de-trabajo/oferta-de-trabajo-de-relacionista-o-agente-telefonico-remoto-en-bogota-dc-197D651474C532B261373E686DCF3405
    │ Title        : relacionista o agente telefonico remoto
    │ Company      : TITAN SAS
    │ Location     : Bogotá, D.C.
    │ Job type     : part-time
    │ Salary       : 2000000 COP
    │ Industry     : Finanzas / Banca
    │ Date posted  : 2026-08-09
    │ Deadline     : 2026-10-08
    │ External ID  : DB81795D353B9944
    │ Description  : Estamos en busca de un talentoso relacionalista o agente telefónico remoto para unirte a nuestro equipo. Este puesto es ideal para alguien con habilidades de comunicación efectivas y una actitud posit…
    └───────────────────────────────────────────────────────
2026-09-27 14:41:37,347 DEBUG https://colombia.mimusjobs.com:443 "GET /wp-json/wp/v2/companies?slug=titan-sas HTTP/1.1" 200 None
2026-09-27 14:41:37,348 INFO ⏭ Company exists: TITAN SAS
2026-09-27 14:41:37,969 DEBUG https://colombia.mimusjobs.com:443 "GET /wp-json/wp/v2/job-listings?slug=relacionista-o-agente-telefonico-remoto HTTP/1.1" 200 None
2026-09-27 14:41:37,970 INFO ⏭ Job already on WP: relacionista o agente telefonico remoto
2026-09-27 14:41:37,970 INFO ✅ SUCCESS — 'relacionista o agente telefonico remoto' → WP ID=16929 🔗 https://colombia.mimusjobs.com/job/relacionista-o-agente-telefonico-remoto/
2026-09-27 14:41:38,970 INFO ── https://co.computrabajo.com/empleos-en-bogota-dc | page 7 | job 15/20: https://co.computrabajo.com/ofertas-de-trabajo/oferta-de-trabajo-de-cotizador-eventos-experiencia-en-empresas-de-eventos-o-hoteles-en-bogota-dc-0EB8AB6FDEF2376A61373E686DCF3405
2026-09-27 14:41:39,073 DEBUG https://co.computrabajo.com:443 "GET /ofertas-de-trabajo/oferta-de-trabajo-de-cotizador-eventos-experiencia-en-empresas-de-eventos-o-hoteles-en-bogota-dc-0EB8AB6FDEF2376A61373E686DCF3405 HTTP/1.1" 200 None
2026-09-27 14:41:39,076 DEBUG     GET https://co.computrabajo.com/ofertas-de-trabajo/oferta-de-trabajo-de-cotizador-eventos-experiencia-en-empresas-de-eventos-o-hoteles-en-bogota-dc-0EB8AB6FDEF2376A61373E686DCF3405 → HTTP 200 (166,405 chars)
2026-09-27 14:41:39,096 INFO     ┌─ SCRAPED JOB ─────────────────────────────────────────
    │ URL          : https://co.computrabajo.com/ofertas-de-trabajo/oferta-de-trabajo-de-cotizador-eventos-experiencia-en-empresas-de-eventos-o-hoteles-en-bogota-dc-0EB8AB6FDEF2376A61373E686DCF3405
    │ Title        : Cotizador eventos - experiencia en empresas de eventos o hoteles
    │ Company      : Agencia de Empleo Cafam
    │ Location     : Bogotá, D.C.
    │ Job type     : full-time
    │ Salary       : 2000000 COP
    │ Industry     : Servicios Profesionales
    │ Date posted  : 2026-08-10
    │ Deadline     : 2026-10-09
    │ External ID  : 37632AC73B684A7D
    │ Description  : ¿Te apasiona el mundo de los eventos empresariales? · En CAFAM buscamos un Gestor de Eventos altamente proactivo y orientado al logro. Tu misión principal será organizar las labores administrativas y …
    └───────────────────────────────────────────────────────
2026-09-27 14:41:40,114 DEBUG https://colombia.mimusjobs.com:443 "GET /wp-json/wp/v2/companies?slug=agencia-de-empleo-cafam HTTP/1.1" 200 None
2026-09-27 14:41:40,114 INFO ⏭ Company exists: Agencia de Empleo Cafam
2026-09-27 14:41:40,703 DEBUG https://colombia.mimusjobs.com:443 "GET /wp-json/wp/v2/job-listings?slug=cotizador-eventos---experiencia-en-empresas-de-eventos-o-hoteles HTTP/1.1" 200 None
2026-09-27 14:41:40,703 INFO ⏭ Job already on WP: Cotizador eventos - experiencia en empresas de eventos o hoteles
2026-09-27 14:41:40,703 INFO ✅ SUCCESS — 'Cotizador eventos - experiencia en empresas de eventos o hoteles' → WP ID=16938 🔗 https://colombia.mimusjobs.com/job/cotizador-eventos-experiencia-en-empresas-de-eventos-o-hoteles/
2026-09-27 14:41:41,704 INFO ── https://co.computrabajo.com/empleos-en-bogota-dc | page 7 | job 16/20: https://co.computrabajo.com/ofertas-de-trabajo/oferta-de-trabajo-de-administradora-nacional-de-consultorios-fundacion-en-bogota-dc-3117A9FAA28841F561373E686DCF3405
2026-09-27 14:41:41,807 DEBUG https://co.computrabajo.com:443 "GET /ofertas-de-trabajo/oferta-de-trabajo-de-administradora-nacional-de-consultorios-fundacion-en-bogota-dc-3117A9FAA28841F561373E686DCF3405 HTTP/1.1" 200 None
2026-09-27 14:41:41,809 DEBUG     GET https://co.computrabajo.com/ofertas-de-trabajo/oferta-de-trabajo-de-administradora-nacional-de-consultorios-fundacion-en-bogota-dc-3117A9FAA28841F561373E686DCF3405 → HTTP 200 (154,297 chars)
2026-09-27 14:41:41,825 WARNING No JobPosting JSON-LD found, using HTML fallback: https://co.computrabajo.com/ofertas-de-trabajo/oferta-de-trabajo-de-administradora-nacional-de-consultorios-fundacion-en-bogota-dc-3117A9FAA28841F561373E686DCF3405
2026-09-27 14:41:41,827 INFO     ┌─ SCRAPED JOB ─────────────────────────────────────────
    │ URL          : https://co.computrabajo.com/ofertas-de-trabajo/oferta-de-trabajo-de-administradora-nacional-de-consultorios-fundacion-en-bogota-dc-3117A9FAA28841F561373E686DCF3405
    │ Title        : Administrador(a) Nacional de Consultorios - Fundación
    │ Company      : Importante empresa del sector
    │ Location     : Bogotá, D.C., Bogotá, D.C.
    │ Job type     : full-time
    │ Salary       : A convenir COP
    │ Industry     : (none)
    │ Date posted  : (unknown)
    │ Deadline     : (estimated: )
    │ External ID  : (none)
    │ Description  : Importante organización del sector social busca un(a) Administrador(a) Nacional de Consultorios, responsable de garantizar la administración integral de la operación en Colombia, liderando los proceso…
    └───────────────────────────────────────────────────────
2026-09-27 14:41:42,792 DEBUG https://colombia.mimusjobs.com:443 "GET /wp-json/wp/v2/companies?slug=importante-empresa-del-sector HTTP/1.1" 200 None
2026-09-27 14:41:42,793 INFO ⏭ Company exists: Importante empresa del sector
2026-09-27 14:41:43,584 DEBUG https://colombia.mimusjobs.com:443 "GET /wp-json/wp/v2/job-listings?slug=administrador-a--nacional-de-consultorios---fundaci-n HTTP/1.1" 200 None
2026-09-27 14:41:44,727 DEBUG https://colombia.mimusjobs.com:443 "POST /wp-json/wp/v2/job-listings HTTP/1.1" 201 None
2026-09-27 14:41:44,728 INFO ✅ Job posted: 'Administrador(a) Nacional de Consultorios - Fundación' → WP ID 40187
2026-09-27 14:41:44,728 INFO ✅ SUCCESS — 'Administrador(a) Nacional de Consultorios - Fundación' → WP ID=40187 🔗 https://colombia.mimusjobs.com/job/administradora-nacional-de-consultorios-fundacion-2/
2026-09-27 14:41:45,728 INFO ── https://co.computrabajo.com/empleos-en-bogota-dc | page 7 | job 17/20: https://co.computrabajo.com/ofertas-de-trabajo/oferta-de-trabajo-de-asesora-de-cobranzas-tus-resultados-pueden-aumentar-tus-ingresos-contratacion-inmediata-en-bogota-dc-1A8B8C75E03275E561373E686DCF3405
2026-09-27 14:41:45,813 DEBUG https://co.computrabajo.com:443 "GET /ofertas-de-trabajo/oferta-de-trabajo-de-asesora-de-cobranzas-tus-resultados-pueden-aumentar-tus-ingresos-contratacion-inmediata-en-bogota-dc-1A8B8C75E03275E561373E686DCF3405 HTTP/1.1" 200 None
2026-09-27 14:41:45,816 DEBUG     GET https://co.computrabajo.com/ofertas-de-trabajo/oferta-de-trabajo-de-asesora-de-cobranzas-tus-resultados-pueden-aumentar-tus-ingresos-contratacion-inmediata-en-bogota-dc-1A8B8C75E03275E561373E686DCF3405 → HTTP 200 (167,567 chars)
2026-09-27 14:41:45,834 INFO     ┌─ SCRAPED JOB ─────────────────────────────────────────
    │ URL          : https://co.computrabajo.com/ofertas-de-trabajo/oferta-de-trabajo-de-asesora-de-cobranzas-tus-resultados-pueden-aumentar-tus-ingresos-contratacion-inmediata-en-bogota-dc-1A8B8C75E03275E561373E686DCF3405
    │ Title        : Asesor(a) de Cobranzas – ¡Tus resultados pueden aumentar tus ingresos! - Contratación Inmediata
    │ Company      : Solventa Colombia SAS
    │ Location     : Bogotá, D.C.
    │ Job type     : full-time
    │ Salary       : (not listed)
    │ Industry     : Finanzas / Banca
    │ Date posted  : 2026-08-14
    │ Deadline     : 2026-10-13
    │ External ID  : 0D46B1FCA3E513DD
    │ Description  : ¿Tienes experiencia en cobranza y te gustan los retos comerciales?
En Solventa, fintech en crecimiento, buscamos Asesores(as) de Cobranzas con experiencia en cartera castigada que quieran hacer parte …
    └───────────────────────────────────────────────────────
2026-09-27 14:41:46,600 DEBUG https://colombia.mimusjobs.com:443 "GET /wp-json/wp/v2/companies?slug=solventa-colombia-sas HTTP/1.1" 200 None
2026-09-27 14:41:46,600 INFO ⏭ Company exists: Solventa Colombia SAS
2026-09-27 14:41:47,434 DEBUG https://colombia.mimusjobs.com:443 "GET /wp-json/wp/v2/job-listings?slug=asesor-a--de-cobranzas----tus-resultados-pueden-aumentar-tus-ingresos----contrat HTTP/1.1" 200 None
2026-09-27 14:41:47,459 DEBUG https://ii.ct-stc.com:443 "GET /1/logos/empresas/2023/05/25//solventacolombia190219869thumbnail.jpg HTTP/1.1" 200 12765
2026-09-27 14:41:48,983 DEBUG https://colombia.mimusjobs.com:443 "POST /wp-json/wp/v2/media HTTP/1.1" 201 None
2026-09-27 14:41:50,090 DEBUG https://colombia.mimusjobs.com:443 "POST /wp-json/wp/v2/job-listings HTTP/1.1" 201 None
2026-09-27 14:41:50,090 INFO ✅ Job posted: 'Asesor(a) de Cobranzas – ¡Tus resultados pueden aumentar tus ingresos! - Contratación Inmediata' → WP ID 40191
2026-09-27 14:41:50,090 INFO ✅ SUCCESS — 'Asesor(a) de Cobranzas – ¡Tus resultados pueden aumentar tus ingresos! - Contratación Inmediata' → WP ID=40191 🔗 https://colombia.mimusjobs.com/job/asesora-de-cobranzas-tus-resultados-pueden-aumentar-tus-ingresos-contratacion-inmediata-2/
2026-09-27 14:41:51,090 INFO ── https://co.computrabajo.com/empleos-en-bogota-dc | page 7 | job 18/20: https://co.computrabajo.com/ofertas-de-trabajo/oferta-de-trabajo-de-soldador-puente-aranda-en-bogota-dc-F2157066F0CD8F2761373E686DCF3405
2026-09-27 14:41:51,172 DEBUG https://co.computrabajo.com:443 "GET /ofertas-de-trabajo/oferta-de-trabajo-de-soldador-puente-aranda-en-bogota-dc-F2157066F0CD8F2761373E686DCF3405 HTTP/1.1" 200 None
2026-09-27 14:41:51,175 DEBUG     GET https://co.computrabajo.com/ofertas-de-trabajo/oferta-de-trabajo-de-soldador-puente-aranda-en-bogota-dc-F2157066F0CD8F2761373E686DCF3405 → HTTP 200 (170,227 chars)
2026-09-27 14:41:51,197 INFO     ┌─ SCRAPED JOB ─────────────────────────────────────────
    │ URL          : https://co.computrabajo.com/ofertas-de-trabajo/oferta-de-trabajo-de-soldador-puente-aranda-en-bogota-dc-F2157066F0CD8F2761373E686DCF3405
    │ Title        : Soldador - Puente Aranda
    │ Company      : EFI SERVICIOS S.A.S
    │ Location     : Bogotá, D.C.
    │ Job type     : full-time
    │ Salary       : 2400000 COP
    │ Industry     : RRHH / Personal
    │ Date posted  : 2026-09-03
    │ Deadline     : 2026-11-02
    │ External ID  : 1079278478103BAA
    │ Description  : Importante empresa ubicada en Bogotá,  sector Industrial, solicita para su equipo de trabajo SOLDADOR  con experiencia mínima de 3 años certificable, manejo de Soldadura REVESTIDA , manejo de plasma y…
    └───────────────────────────────────────────────────────
2026-09-27 14:41:52,073 DEBUG https://colombia.mimusjobs.com:443 "GET /wp-json/wp/v2/companies?slug=efi-servicios-s-a-s HTTP/1.1" 200 None
2026-09-27 14:41:52,073 INFO ⏭ Company exists: EFI SERVICIOS S.A.S
2026-09-27 14:41:52,723 DEBUG https://colombia.mimusjobs.com:443 "GET /wp-json/wp/v2/job-listings?slug=soldador---puente-aranda HTTP/1.1" 200 None
2026-09-27 14:41:52,723 INFO ⏭ Job already on WP: Soldador - Puente Aranda
2026-09-27 14:41:52,724 INFO ✅ SUCCESS — 'Soldador - Puente Aranda' → WP ID=17182 🔗 https://colombia.mimusjobs.com/job/soldador-puente-aranda/
2026-09-27 14:41:53,724 INFO ── https://co.computrabajo.com/empleos-en-bogota-dc | page 7 | job 19/20: https://co.computrabajo.com/ofertas-de-trabajo/oferta-de-trabajo-de-atencion-al-publico-presencial-en-bogota-dc-6BFF6BA644A1510861373E686DCF3405
2026-09-27 14:41:53,829 DEBUG https://co.computrabajo.com:443 "GET /ofertas-de-trabajo/oferta-de-trabajo-de-atencion-al-publico-presencial-en-bogota-dc-6BFF6BA644A1510861373E686DCF3405 HTTP/1.1" 200 None
2026-09-27 14:41:53,831 DEBUG     GET https://co.computrabajo.com/ofertas-de-trabajo/oferta-de-trabajo-de-atencion-al-publico-presencial-en-bogota-dc-6BFF6BA644A1510861373E686DCF3405 → HTTP 200 (167,038 chars)
2026-09-27 14:41:53,851 INFO     ┌─ SCRAPED JOB ─────────────────────────────────────────
    │ URL          : https://co.computrabajo.com/ofertas-de-trabajo/oferta-de-trabajo-de-atencion-al-publico-presencial-en-bogota-dc-6BFF6BA644A1510861373E686DCF3405
    │ Title        : Atención al público - Presencial
    │ Company      : ESTRATEGIC ALLIANCES GROUP SAS
    │ Location     : Bogotá, D.C.
    │ Job type     : full-time
    │ Salary       : 2500000 COP
    │ Industry     : RRHH / Personal
    │ Date posted  : 2026-08-18
    │ Deadline     : 2026-10-17
    │ External ID  : A69CECF3CFE6C6DF
    │ Description  : Se requiere para su equipo de trabajo ANFITRION Bachiller técnico o tecnólogo con 2 años de experiencia como anfitrión, vigilancia deseable de vivienda o de centro comerciales, haber trabajado en even…
    └───────────────────────────────────────────────────────
2026-09-27 14:41:54,446 DEBUG https://colombia.mimusjobs.com:443 "GET /wp-json/wp/v2/companies?slug=estrategic-alliances-group-sas HTTP/1.1" 200 None
2026-09-27 14:41:54,446 INFO ⏭ Company exists: ESTRATEGIC ALLIANCES GROUP SAS
2026-09-27 14:41:55,214 DEBUG https://colombia.mimusjobs.com:443 "GET /wp-json/wp/v2/job-listings?slug=atenci-n-al-p-blico---presencial HTTP/1.1" 200 None
2026-09-27 14:41:55,408 DEBUG https://ii.ct-stc.com:443 "GET /1/logos/empresas/2025/11/24/14e5fe68d2f64632b2d5205456805thumbnail.jpeg HTTP/1.1" 200 6219
2026-09-27 14:41:57,583 DEBUG https://colombia.mimusjobs.com:443 "POST /wp-json/wp/v2/media HTTP/1.1" 201 None
2026-09-27 14:41:58,753 DEBUG https://colombia.mimusjobs.com:443 "POST /wp-json/wp/v2/job-listings HTTP/1.1" 201 None
2026-09-27 14:41:58,754 INFO ✅ Job posted: 'Atención al público - Presencial' → WP ID 40193
2026-09-27 14:41:58,754 INFO ✅ SUCCESS — 'Atención al público - Presencial' → WP ID=40193 🔗 https://colombia.mimusjobs.com/job/atencion-al-publico-presencial-2/
2026-09-27 14:41:59,754 INFO ── https://co.computrabajo.com/empleos-en-bogota-dc | page 7 | job 20/20: https://co.computrabajo.com/ofertas-de-trabajo/oferta-de-trabajo-de-asesor-comercial-bancario-en-bogota-dc-1653A2D72429626E61373E686DCF3405
2026-09-27 14:41:59,838 DEBUG https://co.computrabajo.com:443 "GET /ofertas-de-trabajo/oferta-de-trabajo-de-asesor-comercial-bancario-en-bogota-dc-1653A2D72429626E61373E686DCF3405 HTTP/1.1" 200 None
2026-09-27 14:41:59,841 DEBUG     GET https://co.computrabajo.com/ofertas-de-trabajo/oferta-de-trabajo-de-asesor-comercial-bancario-en-bogota-dc-1653A2D72429626E61373E686DCF3405 → HTTP 200 (174,089 chars)
2026-09-27 14:41:59,862 INFO     ┌─ SCRAPED JOB ─────────────────────────────────────────
    │ URL          : https://co.computrabajo.com/ofertas-de-trabajo/oferta-de-trabajo-de-asesor-comercial-bancario-en-bogota-dc-1653A2D72429626E61373E686DCF3405
    │ Title        : Asesor comercial, Bancario
    │ Company      : PROSEGUR GESTION DE ACTIVOS COLOMBIA SAS
    │ Location     : Bogotá, D.C.
    │ Job type     : full-time
    │ Salary       : (not listed)
    │ Industry     : Servicios Profesionales
    │ Date posted  : 2026-08-10
    │ Deadline     : 2026-10-09
    │ External ID  : D0D3DFD4185124AA
    │ Description  : ¡BUSCAMOS ASESOR(A) COMERCIAL PRODUCTOS FINANCIEROS!
¿Tienes experiencia vendiendo productos financieros y te apasionan las ventas? ¡Esta oportunidad es para ti!
Buscamos Asesores Comerciales con expe…
    └───────────────────────────────────────────────────────
2026-09-27 14:42:00,520 DEBUG https://colombia.mimusjobs.com:443 "GET /wp-json/wp/v2/companies?slug=prosegur-gestion-de-activos-colombia-sas HTTP/1.1" 200 None
2026-09-27 14:42:00,520 INFO ⏭ Company exists: PROSEGUR GESTION DE ACTIVOS COLOMBIA SAS
2026-09-27 14:42:01,722 DEBUG https://colombia.mimusjobs.com:443 "GET /wp-json/wp/v2/job-listings?slug=asesor-comercial--bancario HTTP/1.1" 200 None
2026-09-27 14:42:01,722 INFO ⏭ Job already on WP: Asesor comercial, Bancario
2026-09-27 14:42:01,722 INFO ✅ SUCCESS — 'Asesor comercial, Bancario' → WP ID=12206 🔗 https://colombia.mimusjobs.com/job/asesor-comercial-bancario/
2026-09-27 14:42:02,723 INFO 📊 Running totals — posted: 135 | skipped: 5 | failed: 0
2026-09-27 14:42:02,723 INFO Fetching listing page 8: https://co.computrabajo.com/empleos-en-bogota-dc?p=8
2026-09-27 14:42:02,832 DEBUG https://co.computrabajo.com:443 "GET /empleos-en-bogota-dc?p=8 HTTP/1.1" 200 None
2026-09-27 14:42:02,836 DEBUG     GET https://co.computrabajo.com/empleos-en-bogota-dc?p=8 → HTTP 200 (329,818 chars)
2026-09-27 14:42:02,873 INFO Found 20 job URLs on page 8
2026-09-27 14:42:02,873 DEBUG     job 1: https://co.computrabajo.com/ofertas-de-trabajo/oferta-de-trabajo-de-guarda-motorizado-en-bogota-dc-983EC7B50575590861373E686DCF3405
2026-09-27 14:42:02,873 DEBUG     job 2: https://co.computrabajo.com/ofertas-de-trabajo/oferta-de-trabajo-de-conductor-pase-de-c2-c3-transporte-especial-de-pasajeros-y-turismo-debe-vivir-zona-norte-o-tener-moto-en-bogota-dc-E08FB37D5DB48CBE61373E686DCF3405
2026-09-27 14:42:02,873 DEBUG     job 3: https://co.computrabajo.com/ofertas-de-trabajo/oferta-de-trabajo-de-coordinador-de-costos-de-medicamentos-bogota113979-en-bogota-dc-ADCB844C7EB9726A61373E686DCF3405
2026-09-27 14:42:02,873 DEBUG     job 4: https://co.computrabajo.com/ofertas-de-trabajo/oferta-de-trabajo-de-auxiliar-de-enfermeria-experiencia-urgencias-y-hospitalizacion-bogota-en-bogota-dc-928B0D0C18240CD261373E686DCF3405
2026-09-27 14:42:02,873 DEBUG     job 5: https://co.computrabajo.com/ofertas-de-trabajo/oferta-de-trabajo-de-tecnologo-financiero-y-contable-sector-farmaceutico-en-bogota-dc-F26F5E45C4190D4461373E686DCF3405
2026-09-27 14:42:02,873 DEBUG     job 6: https://co.computrabajo.com/ofertas-de-trabajo/oferta-de-trabajo-de-porcionador-carnes-turnos-rotativos-en-bogota-dc-0C5B7820EF83835961373E686DCF3405
2026-09-27 14:42:02,873 DEBUG     job 7: https://co.computrabajo.com/ofertas-de-trabajo/oferta-de-trabajo-de-medicoa-general-consulta-externa-bogota-sector-bosa-en-bogota-dc-52F6AEDE410C1D0561373E686DCF3405
2026-09-27 14:42:02,873 DEBUG     job 8: https://co.computrabajo.com/ofertas-de-trabajo/oferta-de-trabajo-de-auxiliar-de-cajas-por-la-temporada-con-o-sin-experiencia-en-bogota-dc-5C1A9EB227BA01E461373E686DCF3405
2026-09-27 14:42:02,873 DEBUG     job 9: https://co.computrabajo.com/ofertas-de-trabajo/oferta-de-trabajo-de-auxiliar-de-nomina-y-seguridad-social-en-bogota-dc-39D820018DA9CA9361373E686DCF3405
2026-09-27 14:42:02,874 DEBUG     job 10: https://co.computrabajo.com/ofertas-de-trabajo/oferta-de-trabajo-de-profesional-de-control-y-gestion-sector-hidrocarburos-e-industrial-en-bogota-dc-A709210E6D826EA161373E686DCF3405
2026-09-27 14:42:02,874 DEBUG     job 11: https://co.computrabajo.com/ofertas-de-trabajo/oferta-de-trabajo-de-tecnico-en-reparacion-de-audifonos-ortopedicos-en-bogota-dc-8D8EC28963362EB761373E686DCF3405
2026-09-27 14:42:02,874 DEBUG     job 12: https://co.computrabajo.com/ofertas-de-trabajo/oferta-de-trabajo-de-operario-de-revision-y-remate-textil-en-bogota-dc-CDF17C9991875DD261373E686DCF3405
2026-09-27 14:42:02,874 DEBUG     job 13: https://co.computrabajo.com/ofertas-de-trabajo/oferta-de-trabajo-de-asesor-de-servicio-al-cliente-247-call-center-en-bogota-dc-212A053120FB2B9061373E686DCF3405
2026-09-27 14:42:02,874 DEBUG     job 14: https://co.computrabajo.com/ofertas-de-trabajo/oferta-de-trabajo-de-urgente-auxiliar-de-mantenimiento-certificado-conte-sirve-titulo-sena-con-poca-experiencia-bogota-urgente-auxiliar-de-mantenimiento-con-certificado-conte-te-sirve-titulo-sena-en-bogota-dc-E9923F2687AA1DD461373E686DCF3405
2026-09-27 14:42:02,874 DEBUG     job 15: https://co.computrabajo.com/ofertas-de-trabajo/oferta-de-trabajo-de-oportunidad-auxiliares-de-almacen-madrid-cundinamarca-vivir-calle-80-suba-o-norte-de-bogota-con-o-sin-experiencia-en-bogota-dc-851D0C20EBB7ED1961373E686DCF3405
2026-09-27 14:42:02,874 DEBUG     job 16: https://co.computrabajo.com/ofertas-de-trabajo/oferta-de-trabajo-de-mecanico-integral-de-tractocamiones-bogota-en-bogota-dc-DBE323EF3DFF724761373E686DCF3405
2026-09-27 14:42:02,874 DEBUG     job 17: https://co.computrabajo.com/ofertas-de-trabajo/oferta-de-trabajo-de-formadora-para-sector-hospitalario-en-bogota-dc-E249D2D7B8AF173B61373E686DCF3405
2026-09-27 14:42:02,874 DEBUG     job 18: https://co.computrabajo.com/ofertas-de-trabajo/oferta-de-trabajo-de-bachiller-con-o-sin-experiencia-para-auxiliar-caja-surtido-empaque-temporada-bogota-zona-sur-en-bogota-dc-E1B3C98CCFBEE57B61373E686DCF3405
2026-09-27 14:42:02,874 DEBUG     job 19: https://co.computrabajo.com/ofertas-de-trabajo/oferta-de-trabajo-de-especialista-de-control-comercial-e-inteligencia-de-negocio-cruz-verde-colombia-en-bogota-dc-7D751977658416A061373E686DCF3405
2026-09-27 14:42:02,874 DEBUG     job 20: https://co.computrabajo.com/ofertas-de-trabajo/oferta-de-trabajo-de-asesor-comercial-ingles-servicios-nube-en-bogota-dc-BD0958B3EA61A42261373E686DCF3405
2026-09-27 14:42:02,874 INFO ── https://co.computrabajo.com/empleos-en-bogota-dc | page 8 | job 1/20: https://co.computrabajo.com/ofertas-de-trabajo/oferta-de-trabajo-de-guarda-motorizado-en-bogota-dc-983EC7B50575590861373E686DCF3405
2026-09-27 14:42:02,955 DEBUG https://co.computrabajo.com:443 "GET /ofertas-de-trabajo/oferta-de-trabajo-de-guarda-motorizado-en-bogota-dc-983EC7B50575590861373E686DCF3405 HTTP/1.1" 200 None
2026-09-27 14:42:02,958 DEBUG     GET https://co.computrabajo.com/ofertas-de-trabajo/oferta-de-trabajo-de-guarda-motorizado-en-bogota-dc-983EC7B50575590861373E686DCF3405 → HTTP 200 (169,912 chars)
2026-09-27 14:42:02,979 INFO     ┌─ SCRAPED JOB ─────────────────────────────────────────
    │ URL          : https://co.computrabajo.com/ofertas-de-trabajo/oferta-de-trabajo-de-guarda-motorizado-en-bogota-dc-983EC7B50575590861373E686DCF3405
    │ Title        : Guarda Motorizado
    │ Company      : PROSEGUR GESTION DE ACTIVOS COLOMBIA SAS
    │ Location     : Bogotá, D.C.
    │ Job type     : full-time
    │ Salary       : (not listed)
    │ Industry     : Servicios Profesionales
    │ Date posted  : 2026-08-10
    │ Deadline     : 2026-10-09
    │ External ID  : D0D3DFD4185124AA
    │ Description  : ¡Te estamos buscando!
Importante empresa de seguridad privada requiere para su equipo de trabajo Guarda de Seguridad Motorizado, con mínimo 1 año de experiencia en el cargo vigente.
Requisitos:
Contar…
    └───────────────────────────────────────────────────────
2026-09-27 14:42:03,853 DEBUG https://colombia.mimusjobs.com:443 "GET /wp-json/wp/v2/companies?slug=prosegur-gestion-de-activos-colombia-sas HTTP/1.1" 200 None
2026-09-27 14:42:03,853 INFO ⏭ Company exists: PROSEGUR GESTION DE ACTIVOS COLOMBIA SAS
2026-09-27 14:42:04,609 DEBUG https://colombia.mimusjobs.com:443 "GET /wp-json/wp/v2/job-listings?slug=guarda-motorizado HTTP/1.1" 200 None
2026-09-27 14:42:04,610 INFO ⏭ Job already on WP: Guarda Motorizado
2026-09-27 14:42:04,610 INFO ✅ SUCCESS — 'Guarda Motorizado' → WP ID=9505 🔗 https://colombia.mimusjobs.com/job/guarda-motorizado/
2026-09-27 14:42:05,610 INFO ── https://co.computrabajo.com/empleos-en-bogota-dc | page 8 | job 2/20: https://co.computrabajo.com/ofertas-de-trabajo/oferta-de-trabajo-de-conductor-pase-de-c2-c3-transporte-especial-de-pasajeros-y-turismo-debe-vivir-zona-norte-o-tener-moto-en-bogota-dc-E08FB37D5DB48CBE61373E686DCF3405
2026-09-27 14:42:05,692 DEBUG https://co.computrabajo.com:443 "GET /ofertas-de-trabajo/oferta-de-trabajo-de-conductor-pase-de-c2-c3-transporte-especial-de-pasajeros-y-turismo-debe-vivir-zona-norte-o-tener-moto-en-bogota-dc-E08FB37D5DB48CBE61373E686DCF3405 HTTP/1.1" 200 None
2026-09-27 14:42:05,694 DEBUG     GET https://co.computrabajo.com/ofertas-de-trabajo/oferta-de-trabajo-de-conductor-pase-de-c2-c3-transporte-especial-de-pasajeros-y-turismo-debe-vivir-zona-norte-o-tener-moto-en-bogota-dc-E08FB37D5DB48CBE61373E686DCF3405 → HTTP 200 (165,866 chars)
2026-09-27 14:42:05,713 INFO     ┌─ SCRAPED JOB ─────────────────────────────────────────
    │ URL          : https://co.computrabajo.com/ofertas-de-trabajo/oferta-de-trabajo-de-conductor-pase-de-c2-c3-transporte-especial-de-pasajeros-y-turismo-debe-vivir-zona-norte-o-tener-moto-en-bogota-dc-E08FB37D5DB48CBE61373E686DCF3405
    │ Title        : Conductor Pase de C2 C3 transporte especial de pasajeros y turismo - debe vivir zona norte o tener moto
    │ Company      : MULTISOLUCIONES A&A SAS
    │ Location     : Bogotá, D.C.
    │ Job type     : full-time
    │ Salary       : 1750905 COP
    │ Industry     : RRHH / Personal
    │ Date posted  : 2026-08-31
    │ Deadline     : 2026-10-30
    │ External ID  : 1B565DA1231717AB
    │ Description  : Importante empresa de transporte especial, requiere para su equipo de trabajo 20 Conductores de Bus con licencia C2 o C3 vigente. Ubicación: Bogotá - Calle 80 Tipo de contrato: Término fijo a 3 meses …
    └───────────────────────────────────────────────────────
2026-09-27 14:42:07,061 DEBUG https://colombia.mimusjobs.com:443 "GET /wp-json/wp/v2/companies?slug=multisoluciones-a-a-sas HTTP/1.1" 200 None
2026-09-27 14:42:07,836 DEBUG https://colombia.mimusjobs.com:443 "POST /wp-json/wp/v2/companies HTTP/1.1" 201 None
2026-09-27 14:42:07,836 INFO ✅ Company posted: MULTISOLUCIONES A&A SAS → ID 40194
2026-09-27 14:42:08,672 DEBUG https://colombia.mimusjobs.com:443 "GET /wp-json/wp/v2/job-listings?slug=conductor-pase-de-c2-c3-transporte-especial-de-pasajeros-y-turismo---debe-vivir- HTTP/1.1" 200 None
2026-09-27 14:42:10,135 DEBUG https://colombia.mimusjobs.com:443 "POST /wp-json/wp/v2/job-listings HTTP/1.1" 201 None
2026-09-27 14:42:10,136 INFO ✅ Job posted: 'Conductor Pase de C2 C3 transporte especial de pasajeros y turismo - debe vivir zona norte o tener moto' → WP ID 40196
2026-09-27 14:42:10,136 INFO ✅ SUCCESS — 'Conductor Pase de C2 C3 transporte especial de pasajeros y turismo - debe vivir zona norte o tener moto' → WP ID=40196 🔗 https://colombia.mimusjobs.com/job/conductor-pase-de-c2-c3-transporte-especial-de-pasajeros-y-turismo-debe-vivir-zona-norte-o-tener-moto-2/
2026-09-27 14:42:11,136 INFO ── https://co.computrabajo.com/empleos-en-bogota-dc | page 8 | job 3/20: https://co.computrabajo.com/ofertas-de-trabajo/oferta-de-trabajo-de-coordinador-de-costos-de-medicamentos-bogota113979-en-bogota-dc-ADCB844C7EB9726A61373E686DCF3405
2026-09-27 14:42:11,250 DEBUG https://co.computrabajo.com:443 "GET /ofertas-de-trabajo/oferta-de-trabajo-de-coordinador-de-costos-de-medicamentos-bogota113979-en-bogota-dc-ADCB844C7EB9726A61373E686DCF3405 HTTP/1.1" 200 None
2026-09-27 14:42:11,253 DEBUG     GET https://co.computrabajo.com/ofertas-de-trabajo/oferta-de-trabajo-de-coordinador-de-costos-de-medicamentos-bogota113979-en-bogota-dc-ADCB844C7EB9726A61373E686DCF3405 → HTTP 200 (181,269 chars)
2026-09-27 14:42:11,274 INFO     ┌─ SCRAPED JOB ─────────────────────────────────────────
    │ URL          : https://co.computrabajo.com/ofertas-de-trabajo/oferta-de-trabajo-de-coordinador-de-costos-de-medicamentos-bogota113979-en-bogota-dc-ADCB844C7EB9726A61373E686DCF3405
    │ Title        : Coordinador de costos de medicamentos (Bogotá,113979)
    │ Company      : NUEVA EPS S.A
    │ Location     : Bogotá, D.C.
    │ Job type     : full-time
    │ Salary       : 8000000 COP
    │ Industry     : Salud / Medicina
    │ Date posted  : 2026-08-10
    │ Deadline     : 2026-10-09
    │ External ID  : 6036EADB9587E359
    │ Description  : ¡Haz parte de la EPS con mayor número de afiliados en Colombia!
Somos una EPS comprometida con el bienestar de los colombianos. Trabajamos día a día para garantizar el aseguramiento y la gestión integ…
    └───────────────────────────────────────────────────────
2026-09-27 14:42:12,033 DEBUG https://colombia.mimusjobs.com:443 "GET /wp-json/wp/v2/companies?slug=nueva-eps-s-a HTTP/1.1" 200 None
2026-09-27 14:42:12,034 INFO ⏭ Company exists: NUEVA EPS S.A
2026-09-27 14:42:12,766 DEBUG https://colombia.mimusjobs.com:443 "GET /wp-json/wp/v2/job-listings?slug=coordinador-de-costos-de-medicamentos--bogot--113979- HTTP/1.1" 200 None
2026-09-27 14:42:12,769 DEBUG https://ii.ct-stc.com:443 "GET /1/logos/empresas/2025/05/20/nueva-eps-6036EADB9587E359195503thumbnail.jpeg HTTP/1.1" 200 679484
2026-09-27 14:42:14,099 DEBUG https://colombia.mimusjobs.com:443 "POST /wp-json/wp/v2/media HTTP/1.1" 201 None
2026-09-27 14:42:16,307 DEBUG https://colombia.mimusjobs.com:443 "POST /wp-json/wp/v2/job-listings HTTP/1.1" 201 None
2026-09-27 14:42:16,308 INFO ✅ Job posted: 'Coordinador de costos de medicamentos (Bogotá,113979)' → WP ID 40199
2026-09-27 14:42:16,308 INFO ✅ SUCCESS — 'Coordinador de costos de medicamentos (Bogotá,113979)' → WP ID=40199 🔗 https://colombia.mimusjobs.com/job/coordinador-de-costos-de-medicamentos-bogota113979-2/
2026-09-27 14:42:17,308 INFO ── https://co.computrabajo.com/empleos-en-bogota-dc | page 8 | job 4/20: https://co.computrabajo.com/ofertas-de-trabajo/oferta-de-trabajo-de-auxiliar-de-enfermeria-experiencia-urgencias-y-hospitalizacion-bogota-en-bogota-dc-928B0D0C18240CD261373E686DCF3405
2026-09-27 14:42:17,393 DEBUG https://co.computrabajo.com:443 "GET /ofertas-de-trabajo/oferta-de-trabajo-de-auxiliar-de-enfermeria-experiencia-urgencias-y-hospitalizacion-bogota-en-bogota-dc-928B0D0C18240CD261373E686DCF3405 HTTP/1.1" 200 None
2026-09-27 14:42:17,395 DEBUG     GET https://co.computrabajo.com/ofertas-de-trabajo/oferta-de-trabajo-de-auxiliar-de-enfermeria-experiencia-urgencias-y-hospitalizacion-bogota-en-bogota-dc-928B0D0C18240CD261373E686DCF3405 → HTTP 200 (172,630 chars)
2026-09-27 14:42:17,453 INFO     ┌─ SCRAPED JOB ─────────────────────────────────────────
    │ URL          : https://co.computrabajo.com/ofertas-de-trabajo/oferta-de-trabajo-de-auxiliar-de-enfermeria-experiencia-urgencias-y-hospitalizacion-bogota-en-bogota-dc-928B0D0C18240CD261373E686DCF3405
    │ Title        : Auxiliar de Enfermería (Experiencia Urgencias y Hospitalización) - Bogotá
    │ Company      : Grupo emi S.A.S
    │ Location     : Bogotá, D.C.
    │ Job type     : full-time
    │ Salary       : 2400000 COP
    │ Industry     : Salud / Medicina
    │ Date posted  : 2026-08-10
    │ Deadline     : 2026-10-09
    │ External ID  : 2608D6F57D568EC3
    │ Description  : En Falck Home Care, estamos en búsqueda de Auxiliares de Enfermería para Cubrir un Área Protegida en Bogotá. Requisitos: -Técnico en Auxiliar de Enfermería -Mínimo 3 años de experiencia en Urgencias o…
    └───────────────────────────────────────────────────────
2026-09-27 14:42:18,282 DEBUG https://colombia.mimusjobs.com:443 "GET /wp-json/wp/v2/companies?slug=grupo-emi-s-a-s HTTP/1.1" 200 None
2026-09-27 14:42:18,283 INFO ⏭ Company exists: Grupo emi S.A.S
2026-09-27 14:42:19,183 DEBUG https://colombia.mimusjobs.com:443 "GET /wp-json/wp/v2/job-listings?slug=auxiliar-de-enfermer-a--experiencia-urgencias-y-hospitalizaci-n----bogot- HTTP/1.1" 200 None
2026-09-27 14:42:19,207 DEBUG https://ii.ct-stc.com:443 "GET /1/logos/empresas/2022/11/03/emi-2608D6F57D568EC3132141thumbnail.jpeg HTTP/1.1" 200 119595
2026-09-27 14:42:21,572 DEBUG https://colombia.mimusjobs.com:443 "POST /wp-json/wp/v2/media HTTP/1.1" 201 None
2026-09-27 14:42:22,876 DEBUG https://colombia.mimusjobs.com:443 "POST /wp-json/wp/v2/job-listings HTTP/1.1" 201 None
2026-09-27 14:42:22,876 INFO ✅ Job posted: 'Auxiliar de Enfermería (Experiencia Urgencias y Hospitalización) - Bogotá' → WP ID 40202
2026-09-27 14:42:22,877 INFO ✅ SUCCESS — 'Auxiliar de Enfermería (Experiencia Urgencias y Hospitalización) - Bogotá' → WP ID=40202 🔗 https://colombia.mimusjobs.com/job/auxiliar-de-enfermeria-experiencia-urgencias-y-hospitalizacion-bogota-2/
2026-09-27 14:42:23,877 INFO ── https://co.computrabajo.com/empleos-en-bogota-dc | page 8 | job 5/20: https://co.computrabajo.com/ofertas-de-trabajo/oferta-de-trabajo-de-tecnologo-financiero-y-contable-sector-farmaceutico-en-bogota-dc-F26F5E45C4190D4461373E686DCF3405
2026-09-27 14:42:23,980 DEBUG https://co.computrabajo.com:443 "GET /ofertas-de-trabajo/oferta-de-trabajo-de-tecnologo-financiero-y-contable-sector-farmaceutico-en-bogota-dc-F26F5E45C4190D4461373E686DCF3405 HTTP/1.1" 200 None
2026-09-27 14:42:23,983 DEBUG     GET https://co.computrabajo.com/ofertas-de-trabajo/oferta-de-trabajo-de-tecnologo-financiero-y-contable-sector-farmaceutico-en-bogota-dc-F26F5E45C4190D4461373E686DCF3405 → HTTP 200 (150,999 chars)
2026-09-27 14:42:23,998 WARNING No JobPosting JSON-LD found, using HTML fallback: https://co.computrabajo.com/ofertas-de-trabajo/oferta-de-trabajo-de-tecnologo-financiero-y-contable-sector-farmaceutico-en-bogota-dc-F26F5E45C4190D4461373E686DCF3405
2026-09-27 14:42:23,999 INFO     ┌─ SCRAPED JOB ─────────────────────────────────────────
    │ URL          : https://co.computrabajo.com/ofertas-de-trabajo/oferta-de-trabajo-de-tecnologo-financiero-y-contable-sector-farmaceutico-en-bogota-dc-F26F5E45C4190D4461373E686DCF3405
    │ Title        : Tecnólogo Financiero y Contable - Sector Farmacéutico
    │ Company      : Importante empresa del sector
    │ Location     : Bogotá, D.C., Bogotá, D.C.
    │ Job type     : full-time
    │ Salary       : A convenir COP
    │ Industry     : (none)
    │ Date posted  : (unknown)
    │ Deadline     : (estimated: )
    │ External ID  : (none)
    │ Description  : Importante empresa del sector farmacéutico se encuentra en la búsqueda de un Tecnólogo Financiero y Contable para fortalecer su equipo de trabajo y apoyar las actividades propias del proceso financier…
    └───────────────────────────────────────────────────────
2026-09-27 14:42:24,867 DEBUG https://colombia.mimusjobs.com:443 "GET /wp-json/wp/v2/companies?slug=importante-empresa-del-sector HTTP/1.1" 200 None
2026-09-27 14:42:24,867 INFO ⏭ Company exists: Importante empresa del sector
2026-09-27 14:42:25,641 DEBUG https://colombia.mimusjobs.com:443 "GET /wp-json/wp/v2/job-listings?slug=tecn-logo-financiero-y-contable---sector-farmac-utico HTTP/1.1" 200 None
2026-09-27 14:42:27,226 DEBUG https://colombia.mimusjobs.com:443 "POST /wp-json/wp/v2/job-listings HTTP/1.1" 201 None
2026-09-27 14:42:27,227 INFO ✅ Job posted: 'Tecnólogo Financiero y Contable - Sector Farmacéutico' → WP ID 40204
2026-09-27 14:42:27,227 INFO ✅ SUCCESS — 'Tecnólogo Financiero y Contable - Sector Farmacéutico' → WP ID=40204 🔗 https://colombia.mimusjobs.com/job/tecnologo-financiero-y-contable-sector-farmaceutico-2/
2026-09-27 14:42:28,227 INFO ── https://co.computrabajo.com/empleos-en-bogota-dc | page 8 | job 6/20: https://co.computrabajo.com/ofertas-de-trabajo/oferta-de-trabajo-de-porcionador-carnes-turnos-rotativos-en-bogota-dc-0C5B7820EF83835961373E686DCF3405
2026-09-27 14:42:28,310 DEBUG https://co.computrabajo.com:443 "GET /ofertas-de-trabajo/oferta-de-trabajo-de-porcionador-carnes-turnos-rotativos-en-bogota-dc-0C5B7820EF83835961373E686DCF3405 HTTP/1.1" 200 None
2026-09-27 14:42:28,313 DEBUG     GET https://co.computrabajo.com/ofertas-de-trabajo/oferta-de-trabajo-de-porcionador-carnes-turnos-rotativos-en-bogota-dc-0C5B7820EF83835961373E686DCF3405 → HTTP 200 (172,616 chars)
2026-09-27 14:42:28,335 INFO     ┌─ SCRAPED JOB ─────────────────────────────────────────
    │ URL          : https://co.computrabajo.com/ofertas-de-trabajo/oferta-de-trabajo-de-porcionador-carnes-turnos-rotativos-en-bogota-dc-0C5B7820EF83835961373E686DCF3405
    │ Title        : Porcionador Carnes - Turnos rotativos
    │ Company      : FORZA OUTSOURCING SAS
    │ Location     : Bogotá, D.C.
    │ Job type     : full-time
    │ Salary       : 1899000 COP
    │ Industry     : Servicios Profesionales
    │ Date posted  : 2026-09-03
    │ Deadline     : 2026-11-02
    │ External ID  : 8058A0B5297F0753
    │ Description  : Bachilleres Importante y prestigiosa empresa del sector , ubicada en Teusaquillo requiere para su equipo de trabajo: Porcionador Carnes con experiencia certificada de un (1) año Objetivo del Cargo: im…
    └───────────────────────────────────────────────────────
2026-09-27 14:42:29,029 DEBUG https://colombia.mimusjobs.com:443 "GET /wp-json/wp/v2/companies?slug=forza-outsourcing-sas HTTP/1.1" 200 None
2026-09-27 14:42:29,030 INFO ⏭ Company exists: FORZA OUTSOURCING SAS
2026-09-27 14:42:30,239 DEBUG https://colombia.mimusjobs.com:443 "GET /wp-json/wp/v2/job-listings?slug=porcionador-carnes---turnos-rotativos HTTP/1.1" 200 None
2026-09-27 14:42:30,240 INFO ⏭ Job already on WP: Porcionador Carnes - Turnos rotativos
2026-09-27 14:42:30,240 INFO ✅ SUCCESS — 'Porcionador Carnes - Turnos rotativos' → WP ID=16807 🔗 https://colombia.mimusjobs.com/job/porcionador-carnes-turnos-rotativos/
2026-09-27 14:42:31,240 INFO ── https://co.computrabajo.com/empleos-en-bogota-dc | page 8 | job 7/20: https://co.computrabajo.com/ofertas-de-trabajo/oferta-de-trabajo-de-medicoa-general-consulta-externa-bogota-sector-bosa-en-bogota-dc-52F6AEDE410C1D0561373E686DCF3405
2026-09-27 14:42:31,338 DEBUG https://co.computrabajo.com:443 "GET /ofertas-de-trabajo/oferta-de-trabajo-de-medicoa-general-consulta-externa-bogota-sector-bosa-en-bogota-dc-52F6AEDE410C1D0561373E686DCF3405 HTTP/1.1" 200 None
2026-09-27 14:42:31,341 DEBUG     GET https://co.computrabajo.com/ofertas-de-trabajo/oferta-de-trabajo-de-medicoa-general-consulta-externa-bogota-sector-bosa-en-bogota-dc-52F6AEDE410C1D0561373E686DCF3405 → HTTP 200 (154,064 chars)
2026-09-27 14:42:31,357 WARNING No JobPosting JSON-LD found, using HTML fallback: https://co.computrabajo.com/ofertas-de-trabajo/oferta-de-trabajo-de-medicoa-general-consulta-externa-bogota-sector-bosa-en-bogota-dc-52F6AEDE410C1D0561373E686DCF3405
2026-09-27 14:42:31,359 INFO     ┌─ SCRAPED JOB ─────────────────────────────────────────
    │ URL          : https://co.computrabajo.com/ofertas-de-trabajo/oferta-de-trabajo-de-medicoa-general-consulta-externa-bogota-sector-bosa-en-bogota-dc-52F6AEDE410C1D0561373E686DCF3405
    │ Title        : Médico(a) General – Consulta Externa - Bogotá sector BOSA
    │ Company      : Importante empresa del sector
    │ Location     : Bogotá, D.C., Bogotá, D.C.
    │ Job type     : full-time
    │ Salary       : $ 4.283.000,00 (Mensual) COP
    │ Industry     : (none)
    │ Date posted  : (unknown)
    │ Deadline     : (estimated: )
    │ External ID  : (none)
    │ Description  : Únete a nuestro equipo de salud Importante institución del sector salud se encuentra en la búsqueda de Médico General para Consulta Externa para trabajar en BOSA - PM, con vocación de servicio, compro…
    └───────────────────────────────────────────────────────
2026-09-27 14:42:32,816 DEBUG https://colombia.mimusjobs.com:443 "GET /wp-json/wp/v2/companies?slug=importante-empresa-del-sector HTTP/1.1" 200 None
2026-09-27 14:42:32,817 INFO ⏭ Company exists: Importante empresa del sector
2026-09-27 14:42:34,032 DEBUG https://colombia.mimusjobs.com:443 "GET /wp-json/wp/v2/job-listings?slug=m-dico-a--general---consulta-externa---bogot--sector-bosa HTTP/1.1" 200 None
2026-09-27 14:42:35,403 DEBUG https://colombia.mimusjobs.com:443 "POST /wp-json/wp/v2/job-listings HTTP/1.1" 201 None
2026-09-27 14:42:35,404 INFO ✅ Job posted: 'Médico(a) General – Consulta Externa - Bogotá sector BOSA' → WP ID 40207
2026-09-27 14:42:35,404 INFO ✅ SUCCESS — 'Médico(a) General – Consulta Externa - Bogotá sector BOSA' → WP ID=40207 🔗 https://colombia.mimusjobs.com/job/medicoa-general-consulta-externa-bogota-sector-bosa-2/
2026-09-27 14:42:36,404 INFO ── https://co.computrabajo.com/empleos-en-bogota-dc | page 8 | job 8/20: https://co.computrabajo.com/ofertas-de-trabajo/oferta-de-trabajo-de-auxiliar-de-cajas-por-la-temporada-con-o-sin-experiencia-en-bogota-dc-5C1A9EB227BA01E461373E686DCF3405
2026-09-27 14:42:36,557 DEBUG https://co.computrabajo.com:443 "GET /ofertas-de-trabajo/oferta-de-trabajo-de-auxiliar-de-cajas-por-la-temporada-con-o-sin-experiencia-en-bogota-dc-5C1A9EB227BA01E461373E686DCF3405 HTTP/1.1" 200 None
2026-09-27 14:42:36,560 DEBUG     GET https://co.computrabajo.com/ofertas-de-trabajo/oferta-de-trabajo-de-auxiliar-de-cajas-por-la-temporada-con-o-sin-experiencia-en-bogota-dc-5C1A9EB227BA01E461373E686DCF3405 → HTTP 200 (185,915 chars)
2026-09-27 14:42:36,583 INFO     ┌─ SCRAPED JOB ─────────────────────────────────────────
    │ URL          : https://co.computrabajo.com/ofertas-de-trabajo/oferta-de-trabajo-de-auxiliar-de-cajas-por-la-temporada-con-o-sin-experiencia-en-bogota-dc-5C1A9EB227BA01E461373E686DCF3405
    │ Title        : Auxiliar de cajas por la Temporada - con o sin experiencia
    │ Company      : Grupo Éxito
    │ Location     : Bogotá, D.C.
    │ Job type     : full-time
    │ Salary       : (not listed)
    │ Industry     : Venta al consumidor
    │ Date posted  : 2026-08-26
    │ Deadline     : 2026-10-25
    │ External ID  : A3FE4694CF374090
    │ Description  : ¡Trabaja con el Grupo Éxito! ¡Esta es tu señal! 
En Grupo Éxito, líderes del retail en América Latina, estamos buscando personas para unirse a nuestro equipo.
Buscamos personas como tú, que deseen tra…
    └───────────────────────────────────────────────────────
2026-09-27 14:42:37,793 DEBUG https://colombia.mimusjobs.com:443 "GET /wp-json/wp/v2/companies?slug=grupo--xito HTTP/1.1" 200 None
2026-09-27 14:42:37,797 DEBUG https://ii.ct-stc.com:443 "GET /1/logos/empresas/2021/08/06/69ebb942f8f24b46afa0201838978thumbnail.png HTTP/1.1" 200 5854
2026-09-27 14:42:39,213 DEBUG https://colombia.mimusjobs.com:443 "POST /wp-json/wp/v2/media HTTP/1.1" 201 None
2026-09-27 14:42:40,389 DEBUG https://colombia.mimusjobs.com:443 "POST /wp-json/wp/v2/companies HTTP/1.1" 201 None
2026-09-27 14:42:40,393 INFO ✅ Company posted: Grupo Éxito → ID 40210
2026-09-27 14:42:41,584 DEBUG https://colombia.mimusjobs.com:443 "GET /wp-json/wp/v2/job-listings?slug=auxiliar-de-cajas-por-la-temporada---con-o-sin-experiencia HTTP/1.1" 200 None
2026-09-27 14:42:41,584 INFO ⏭ Job already on WP: Auxiliar de cajas por la Temporada - con o sin experiencia
2026-09-27 14:42:41,585 INFO ✅ SUCCESS — 'Auxiliar de cajas por la Temporada - con o sin experiencia' → WP ID=16957 🔗 https://colombia.mimusjobs.com/job/auxiliar-de-cajas-por-la-temporada-con-o-sin-experiencia/
2026-09-27 14:42:42,585 INFO ── https://co.computrabajo.com/empleos-en-bogota-dc | page 8 | job 9/20: https://co.computrabajo.com/ofertas-de-trabajo/oferta-de-trabajo-de-auxiliar-de-nomina-y-seguridad-social-en-bogota-dc-39D820018DA9CA9361373E686DCF3405
2026-09-27 14:42:42,704 DEBUG https://co.computrabajo.com:443 "GET /ofertas-de-trabajo/oferta-de-trabajo-de-auxiliar-de-nomina-y-seguridad-social-en-bogota-dc-39D820018DA9CA9361373E686DCF3405 HTTP/1.1" 200 None
2026-09-27 14:42:42,706 DEBUG     GET https://co.computrabajo.com/ofertas-de-trabajo/oferta-de-trabajo-de-auxiliar-de-nomina-y-seguridad-social-en-bogota-dc-39D820018DA9CA9361373E686DCF3405 → HTTP 200 (175,923 chars)
2026-09-27 14:42:42,728 INFO     ┌─ SCRAPED JOB ─────────────────────────────────────────
    │ URL          : https://co.computrabajo.com/ofertas-de-trabajo/oferta-de-trabajo-de-auxiliar-de-nomina-y-seguridad-social-en-bogota-dc-39D820018DA9CA9361373E686DCF3405
    │ Title        : Auxiliar de nomina y seguridad social
    │ Company      : BI S.A.S
    │ Location     : Bogotá, D.C.
    │ Job type     : full-time
    │ Salary       : 2000000 COP
    │ Industry     : Servicios Profesionales
    │ Date posted  : 2026-08-26
    │ Deadline     : 2026-10-25
    │ External ID  : EB863B29CBDF67E1
    │ Description  : Se busca Auxiliar de Nómina y Seguridad Social para trabajar en BI S.A.S. El candidato seleccionado se encargará de realizar cálculos y liquidaciones de nóminas, así como de gestionar las prestaciones…
    └───────────────────────────────────────────────────────
2026-09-27 14:42:43,641 DEBUG https://colombia.mimusjobs.com:443 "GET /wp-json/wp/v2/companies?slug=bi-s-a-s HTTP/1.1" 200 None
2026-09-27 14:42:43,642 INFO ⏭ Company exists: BI S.A.S
2026-09-27 14:42:44,622 DEBUG https://colombia.mimusjobs.com:443 "GET /wp-json/wp/v2/job-listings?slug=auxiliar-de-nomina-y-seguridad-social HTTP/1.1" 200 None
2026-09-27 14:42:44,623 INFO ⏭ Job already on WP: Auxiliar de nomina y seguridad social
2026-09-27 14:42:44,623 INFO ✅ SUCCESS — 'Auxiliar de nomina y seguridad social' → WP ID=17174 🔗 https://colombia.mimusjobs.com/job/auxiliar-de-nomina-y-seguridad-social/
2026-09-27 14:42:45,623 INFO ── https://co.computrabajo.com/empleos-en-bogota-dc | page 8 | job 10/20: https://co.computrabajo.com/ofertas-de-trabajo/oferta-de-trabajo-de-profesional-de-control-y-gestion-sector-hidrocarburos-e-industrial-en-bogota-dc-A709210E6D826EA161373E686DCF3405
2026-09-27 14:42:45,760 DEBUG https://co.computrabajo.com:443 "GET /ofertas-de-trabajo/oferta-de-trabajo-de-profesional-de-control-y-gestion-sector-hidrocarburos-e-industrial-en-bogota-dc-A709210E6D826EA161373E686DCF3405 HTTP/1.1" 200 None
2026-09-27 14:42:45,763 DEBUG     GET https://co.computrabajo.com/ofertas-de-trabajo/oferta-de-trabajo-de-profesional-de-control-y-gestion-sector-hidrocarburos-e-industrial-en-bogota-dc-A709210E6D826EA161373E686DCF3405 → HTTP 200 (150,098 chars)
2026-09-27 14:42:45,777 WARNING No JobPosting JSON-LD found, using HTML fallback: https://co.computrabajo.com/ofertas-de-trabajo/oferta-de-trabajo-de-profesional-de-control-y-gestion-sector-hidrocarburos-e-industrial-en-bogota-dc-A709210E6D826EA161373E686DCF3405
2026-09-27 14:42:45,778 INFO     ┌─ SCRAPED JOB ─────────────────────────────────────────
    │ URL          : https://co.computrabajo.com/ofertas-de-trabajo/oferta-de-trabajo-de-profesional-de-control-y-gestion-sector-hidrocarburos-e-industrial-en-bogota-dc-A709210E6D826EA161373E686DCF3405
    │ Title        : Profesional de Control Y Gestión - Sector Hidrocarburos e Industrial
    │ Company      : Importante empresa del sector
    │ Location     : Bogotá, D.C., Bogotá, D.C.
    │ Job type     : full-time
    │ Salary       : A convenir COP
    │ Industry     : (none)
    │ Date posted  : (unknown)
    │ Deadline     : (estimated: )
    │ External ID  : (none)
    │ Description  : Reconocida empresa del sector ambiental y Oil & Gas requiere para su equipo de trabajo un(a) Profesional de Control y Gestión. Perfil requerido • Profesional o estudiante de últimos semestres de Ingen…
    └───────────────────────────────────────────────────────
2026-09-27 14:42:46,851 DEBUG https://colombia.mimusjobs.com:443 "GET /wp-json/wp/v2/companies?slug=importante-empresa-del-sector HTTP/1.1" 200 None
2026-09-27 14:42:46,851 INFO ⏭ Company exists: Importante empresa del sector
2026-09-27 14:42:47,579 DEBUG https://colombia.mimusjobs.com:443 "GET /wp-json/wp/v2/job-listings?slug=profesional-de-control-y-gesti-n---sector-hidrocarburos-e-industrial HTTP/1.1" 200 None
2026-09-27 14:42:49,254 DEBUG https://colombia.mimusjobs.com:443 "POST /wp-json/wp/v2/job-listings HTTP/1.1" 201 None
2026-09-27 14:42:49,254 INFO ✅ Job posted: 'Profesional de Control Y Gestión - Sector Hidrocarburos e Industrial' → WP ID 40213
2026-09-27 14:42:49,254 INFO ✅ SUCCESS — 'Profesional de Control Y Gestión - Sector Hidrocarburos e Industrial' → WP ID=40213 🔗 https://colombia.mimusjobs.com/job/profesional-de-control-y-gestion-sector-hidrocarburos-e-industrial-2/
2026-09-27 14:42:50,254 INFO ── https://co.computrabajo.com/empleos-en-bogota-dc | page 8 | job 11/20: https://co.computrabajo.com/ofertas-de-trabajo/oferta-de-trabajo-de-tecnico-en-reparacion-de-audifonos-ortopedicos-en-bogota-dc-8D8EC28963362EB761373E686DCF3405
2026-09-27 14:42:50,359 DEBUG https://co.computrabajo.com:443 "GET /ofertas-de-trabajo/oferta-de-trabajo-de-tecnico-en-reparacion-de-audifonos-ortopedicos-en-bogota-dc-8D8EC28963362EB761373E686DCF3405 HTTP/1.1" 200 None
2026-09-27 14:42:50,362 DEBUG     GET https://co.computrabajo.com/ofertas-de-trabajo/oferta-de-trabajo-de-tecnico-en-reparacion-de-audifonos-ortopedicos-en-bogota-dc-8D8EC28963362EB761373E686DCF3405 → HTTP 200 (175,537 chars)
2026-09-27 14:42:50,384 INFO     ┌─ SCRAPED JOB ─────────────────────────────────────────
    │ URL          : https://co.computrabajo.com/ofertas-de-trabajo/oferta-de-trabajo-de-tecnico-en-reparacion-de-audifonos-ortopedicos-en-bogota-dc-8D8EC28963362EB761373E686DCF3405
    │ Title        : Técnico en reparación de audífonos ortopédicos
    │ Company      : Soluciones Inmediatas
    │ Location     : Bogotá, D.C.
    │ Job type     : full-time
    │ Salary       : 2257000 COP
    │ Industry     : RRHH / Personal
    │ Date posted  : 2026-08-20
    │ Deadline     : 2026-10-19
    │ External ID  : 80278A6F3F0B3BB3
    │ Description  : ¡Buscamos al próximo Técnico en Ensamble y Reparación de Audífonos! 
En Soluciones inmediatas transformamos vidas conectando a las personas con sus mejores recuerdos sonoros. Si tienes experiencia en …
    └───────────────────────────────────────────────────────
2026-09-27 14:42:51,298 DEBUG https://colombia.mimusjobs.com:443 "GET /wp-json/wp/v2/companies?slug=soluciones-inmediatas HTTP/1.1" 200 None
2026-09-27 14:42:51,299 INFO ⏭ Company exists: Soluciones Inmediatas
2026-09-27 14:42:52,509 DEBUG https://colombia.mimusjobs.com:443 "GET /wp-json/wp/v2/job-listings?slug=t-cnico-en-reparaci-n-de-aud-fonos-ortop-dicos HTTP/1.1" 200 None
2026-09-27 14:42:52,701 DEBUG https://ii.ct-stc.com:443 "GET /1/logos/empresas/2018/10/03/e45bb8e547c4429a9729221346152thumbnail.jpg HTTP/1.1" 200 4998
2026-09-27 14:42:53,699 DEBUG https://colombia.mimusjobs.com:443 "POST /wp-json/wp/v2/media HTTP/1.1" 201 None
2026-09-27 14:42:55,065 DEBUG https://colombia.mimusjobs.com:443 "POST /wp-json/wp/v2/job-listings HTTP/1.1" 201 None
2026-09-27 14:42:55,065 INFO ✅ Job posted: 'Técnico en reparación de audífonos ortopédicos' → WP ID 40217
2026-09-27 14:42:55,066 INFO ✅ SUCCESS — 'Técnico en reparación de audífonos ortopédicos' → WP ID=40217 🔗 https://colombia.mimusjobs.com/job/tecnico-en-reparacion-de-audifonos-ortopedicos-2/
2026-09-27 14:42:56,066 INFO ── https://co.computrabajo.com/empleos-en-bogota-dc | page 8 | job 12/20: https://co.computrabajo.com/ofertas-de-trabajo/oferta-de-trabajo-de-operario-de-revision-y-remate-textil-en-bogota-dc-CDF17C9991875DD261373E686DCF3405
2026-09-27 14:42:56,167 DEBUG https://co.computrabajo.com:443 "GET /ofertas-de-trabajo/oferta-de-trabajo-de-operario-de-revision-y-remate-textil-en-bogota-dc-CDF17C9991875DD261373E686DCF3405 HTTP/1.1" 200 None
2026-09-27 14:42:56,169 DEBUG     GET https://co.computrabajo.com/ofertas-de-trabajo/oferta-de-trabajo-de-operario-de-revision-y-remate-textil-en-bogota-dc-CDF17C9991875DD261373E686DCF3405 → HTTP 200 (161,204 chars)
2026-09-27 14:42:56,187 INFO     ┌─ SCRAPED JOB ─────────────────────────────────────────
    │ URL          : https://co.computrabajo.com/ofertas-de-trabajo/oferta-de-trabajo-de-operario-de-revision-y-remate-textil-en-bogota-dc-CDF17C9991875DD261373E686DCF3405
    │ Title        : Operario de revision y remate - Textil
    │ Company      : BE TO BEE SERVICES
    │ Location     : Bogotá, D.C.
    │ Job type     : full-time
    │ Salary       : 2500000 COP
    │ Industry     : RRHH / Personal
    │ Date posted  : 2026-09-11
    │ Deadline     : 2026-11-10
    │ External ID  : 0CADD8AB20E1A4E3
    │ Description  : Importante empresa del sector textil requiere Operario de revision y remate, bachiller académico, con mínimo 6 meses de experiencia en procesos de corte de telas y prendas de vestir. Buscamos una pers…
    └───────────────────────────────────────────────────────
2026-09-27 14:42:56,886 DEBUG https://colombia.mimusjobs.com:443 "GET /wp-json/wp/v2/companies?slug=be-to-bee-services HTTP/1.1" 200 None
2026-09-27 14:42:56,887 INFO ⏭ Company exists: BE TO BEE SERVICES
2026-09-27 14:42:58,428 DEBUG https://colombia.mimusjobs.com:443 "GET /wp-json/wp/v2/job-listings?slug=operario-de-revision-y-remate---textil HTTP/1.1" 200 None
2026-09-27 14:42:58,428 INFO ⏭ Job already on WP: Operario de revision y remate - Textil
2026-09-27 14:42:58,428 INFO ✅ SUCCESS — 'Operario de revision y remate - Textil' → WP ID=16934 🔗 https://colombia.mimusjobs.com/job/operario-de-revision-y-remate-textil/
2026-09-27 14:42:59,428 INFO ── https://co.computrabajo.com/empleos-en-bogota-dc | page 8 | job 13/20: https://co.computrabajo.com/ofertas-de-trabajo/oferta-de-trabajo-de-asesor-de-servicio-al-cliente-247-call-center-en-bogota-dc-212A053120FB2B9061373E686DCF3405
2026-09-27 14:42:59,511 DEBUG https://co.computrabajo.com:443 "GET /ofertas-de-trabajo/oferta-de-trabajo-de-asesor-de-servicio-al-cliente-247-call-center-en-bogota-dc-212A053120FB2B9061373E686DCF3405 HTTP/1.1" 200 None
2026-09-27 14:42:59,514 DEBUG     GET https://co.computrabajo.com/ofertas-de-trabajo/oferta-de-trabajo-de-asesor-de-servicio-al-cliente-247-call-center-en-bogota-dc-212A053120FB2B9061373E686DCF3405 → HTTP 200 (181,784 chars)
2026-09-27 14:42:59,536 INFO     ┌─ SCRAPED JOB ─────────────────────────────────────────
    │ URL          : https://co.computrabajo.com/ofertas-de-trabajo/oferta-de-trabajo-de-asesor-de-servicio-al-cliente-247-call-center-en-bogota-dc-212A053120FB2B9061373E686DCF3405
    │ Title        : Asesor de Servicio al Cliente 24/7 - Call Center
    │ Company      : KONECTA
    │ Location     : Bogotá, D.C.
    │ Job type     : full-time
    │ Salary       : 1750905 COP
    │ Industry     : Telecomunicaciones
    │ Date posted  : 2026-08-18
    │ Deadline     : 2026-10-17
    │ External ID  : D4BCE52B57A8B87C
    │ Description  : Oportunidad para Asesor de Call Center Servicio al Cliente en KONECTA, en la ciudad de Bogota
Funciones
Gestionar las llamadas de servicio al cliente de manera efectiva.
Comunicar con claridad y empat…
    └───────────────────────────────────────────────────────
2026-09-27 14:43:00,376 DEBUG https://colombia.mimusjobs.com:443 "GET /wp-json/wp/v2/companies?slug=konecta HTTP/1.1" 200 None
2026-09-27 14:43:00,377 INFO ⏭ Company exists: KONECTA
2026-09-27 14:43:01,239 DEBUG https://colombia.mimusjobs.com:443 "GET /wp-json/wp/v2/job-listings?slug=asesor-de-servicio-al-cliente-24-7---call-center HTTP/1.1" 200 None
2026-09-27 14:43:01,240 INFO ⏭ Job already on WP: Asesor de Servicio al Cliente 24/7 - Call Center
2026-09-27 14:43:01,240 INFO ✅ SUCCESS — 'Asesor de Servicio al Cliente 24/7 - Call Center' → WP ID=16861 🔗 https://colombia.mimusjobs.com/job/asesor-de-servicio-al-cliente-24-7-call-center/
2026-09-27 14:43:02,240 INFO ── https://co.computrabajo.com/empleos-en-bogota-dc | page 8 | job 14/20: https://co.computrabajo.com/ofertas-de-trabajo/oferta-de-trabajo-de-urgente-auxiliar-de-mantenimiento-certificado-conte-sirve-titulo-sena-con-poca-experiencia-bogota-urgente-auxiliar-de-mantenimiento-con-certificado-conte-te-sirve-titulo-sena-en-bogota-dc-E9923F2687AA1DD461373E686DCF3405
2026-09-27 14:43:02,320 DEBUG https://co.computrabajo.com:443 "GET /ofertas-de-trabajo/oferta-de-trabajo-de-urgente-auxiliar-de-mantenimiento-certificado-conte-sirve-titulo-sena-con-poca-experiencia-bogota-urgente-auxiliar-de-mantenimiento-con-certificado-conte-te-sirve-titulo-sena-en-bogota-dc-E9923F2687AA1DD461373E686DCF3405 HTTP/1.1" 200 None
2026-09-27 14:43:02,323 DEBUG     GET https://co.computrabajo.com/ofertas-de-trabajo/oferta-de-trabajo-de-urgente-auxiliar-de-mantenimiento-certificado-conte-sirve-titulo-sena-con-poca-experiencia-bogota-urgente-auxiliar-de-mantenimiento-con-certificado-conte-te-sirve-titulo-sena-en-bogota-dc-E9923F2687AA1DD461373E686DCF3405 → HTTP 200 (177,388 chars)
2026-09-27 14:43:02,345 INFO     ┌─ SCRAPED JOB ─────────────────────────────────────────
    │ URL          : https://co.computrabajo.com/ofertas-de-trabajo/oferta-de-trabajo-de-urgente-auxiliar-de-mantenimiento-certificado-conte-sirve-titulo-sena-con-poca-experiencia-bogota-urgente-auxiliar-de-mantenimiento-con-certificado-conte-te-sirve-titulo-sena-en-bogota-dc-E9923F2687AA1DD461373E686DCF3405
    │ Title        : Urgente Auxiliar de Mantenimiento certificado Conte sirve titulo SENA con poca experiencia Bogota - Urgente Auxiliar de Mantenimiento con certificado Conte te sirve titulo SENA
    │ Company      : COMPLEMENTOS HUMANOS
    │ Location     : Bogotá, D.C.
    │ Job type     : full-time
    │ Salary       : 1940000 COP
    │ Industry     : RRHH / Personal
    │ Date posted  : 2026-08-26
    │ Deadline     : 2026-10-25
    │ External ID  : 20DDCDF8A8BEDA1B
    │ Description  : ¡ÚNETE A NUESTRO EQUIPO COMO AUXILIAR DE MANTENIMIENTO!
¿Eres Técnico o Tecnólogo en Mecánica Industrial o Electromecánica y cuentas con experiencia en mantenimiento? ¡Esta oportunidad es para ti!
 Lu…
    └───────────────────────────────────────────────────────
2026-09-27 14:43:02,978 DEBUG https://colombia.mimusjobs.com:443 "GET /wp-json/wp/v2/companies?slug=complementos-humanos HTTP/1.1" 200 None
2026-09-27 14:43:02,978 INFO ⏭ Company exists: COMPLEMENTOS HUMANOS
2026-09-27 14:43:03,659 DEBUG https://colombia.mimusjobs.com:443 "GET /wp-json/wp/v2/job-listings?slug=urgente-auxiliar-de-mantenimiento-certificado-conte-sirve-titulo-sena-con-poca-e HTTP/1.1" 200 None
2026-09-27 14:43:03,803 DEBUG https://ii.ct-stc.com:443 "GET /1/logos/empresas/2023/02/27/complementos-humanos-20DDCDF8A8BEDA1B151548thumbnail.jpeg HTTP/1.1" 200 16900
2026-09-27 14:43:05,145 DEBUG https://colombia.mimusjobs.com:443 "POST /wp-json/wp/v2/media HTTP/1.1" 201 None
2026-09-27 14:43:06,280 DEBUG https://colombia.mimusjobs.com:443 "POST /wp-json/wp/v2/job-listings HTTP/1.1" 201 None
2026-09-27 14:43:06,281 INFO ✅ Job posted: 'Urgente Auxiliar de Mantenimiento certificado Conte sirve titulo SENA con poca experiencia Bogota - Urgente Auxiliar de Mantenimiento con certificado Conte te sirve titulo SENA' → WP ID 40220
2026-09-27 14:43:06,281 INFO ✅ SUCCESS — 'Urgente Auxiliar de Mantenimiento certificado Conte sirve titulo SENA con poca experiencia Bogota - Urgente Auxiliar de Mantenimiento con certificado Conte te sirve titulo SENA' → WP ID=40220 🔗 https://colombia.mimusjobs.com/job/urgente-auxiliar-de-mantenimiento-certificado-conte-sirve-titulo-sena-con-poca-experiencia-bogota-urgente-auxiliar-de-mantenimiento-con-certificado-conte-te-sirve-titulo-sena-2/
2026-09-27 14:43:07,282 INFO ── https://co.computrabajo.com/empleos-en-bogota-dc | page 8 | job 15/20: https://co.computrabajo.com/ofertas-de-trabajo/oferta-de-trabajo-de-oportunidad-auxiliares-de-almacen-madrid-cundinamarca-vivir-calle-80-suba-o-norte-de-bogota-con-o-sin-experiencia-en-bogota-dc-851D0C20EBB7ED1961373E686DCF3405
2026-09-27 14:43:07,364 DEBUG https://co.computrabajo.com:443 "GET /ofertas-de-trabajo/oferta-de-trabajo-de-oportunidad-auxiliares-de-almacen-madrid-cundinamarca-vivir-calle-80-suba-o-norte-de-bogota-con-o-sin-experiencia-en-bogota-dc-851D0C20EBB7ED1961373E686DCF3405 HTTP/1.1" 200 None
2026-09-27 14:43:07,367 DEBUG     GET https://co.computrabajo.com/ofertas-de-trabajo/oferta-de-trabajo-de-oportunidad-auxiliares-de-almacen-madrid-cundinamarca-vivir-calle-80-suba-o-norte-de-bogota-con-o-sin-experiencia-en-bogota-dc-851D0C20EBB7ED1961373E686DCF3405 → HTTP 200 (174,644 chars)
2026-09-27 14:43:07,388 INFO     ┌─ SCRAPED JOB ─────────────────────────────────────────
    │ URL          : https://co.computrabajo.com/ofertas-de-trabajo/oferta-de-trabajo-de-oportunidad-auxiliares-de-almacen-madrid-cundinamarca-vivir-calle-80-suba-o-norte-de-bogota-con-o-sin-experiencia-en-bogota-dc-851D0C20EBB7ED1961373E686DCF3405
    │ Title        : Oportunidad! Auxiliares de Almacén Madrid Cundinamarca vivir calle 80 suba o norte de Bogotá - Con o sin experiencia
    │ Company      : COMPLEMENTOS HUMANOS
    │ Location     : Bogotá, D.C.
    │ Job type     : full-time
    │ Salary       : 1750905 COP
    │ Industry     : RRHH / Personal
    │ Date posted  : 2026-08-26
    │ Deadline     : 2026-10-25
    │ External ID  : 20DDCDF8A8BEDA1B
    │ Description  : ¡OPORTUNIDAD! Auxiliares de Almacén CON O SIN EXPERIENCIA. · Ubicación: Madrid, Cundinamarca
 REQUISITO INDISPENSABLE: Residir cerca de Madrid, Cundinamarca, zona Calle 80, Suba o sitios aledaños
 Sal…
    └───────────────────────────────────────────────────────
2026-09-27 14:43:08,232 DEBUG https://colombia.mimusjobs.com:443 "GET /wp-json/wp/v2/companies?slug=complementos-humanos HTTP/1.1" 200 None
2026-09-27 14:43:08,233 INFO ⏭ Company exists: COMPLEMENTOS HUMANOS
2026-09-27 14:43:08,815 DEBUG https://colombia.mimusjobs.com:443 "GET /wp-json/wp/v2/job-listings?slug=oportunidad--auxiliares-de-almac-n-madrid-cundinamarca-vivir-calle-80-suba-o-nor HTTP/1.1" 200 None
2026-09-27 14:43:08,841 DEBUG https://ii.ct-stc.com:443 "GET /1/logos/empresas/2023/02/27/complementos-humanos-20DDCDF8A8BEDA1B151548thumbnail.jpeg HTTP/1.1" 200 16900
2026-09-27 14:43:10,075 DEBUG https://colombia.mimusjobs.com:443 "POST /wp-json/wp/v2/media HTTP/1.1" 201 None
2026-09-27 14:43:11,499 DEBUG https://colombia.mimusjobs.com:443 "POST /wp-json/wp/v2/job-listings HTTP/1.1" 201 None
2026-09-27 14:43:11,499 INFO ✅ Job posted: 'Oportunidad! Auxiliares de Almacén Madrid Cundinamarca vivir calle 80 suba o norte de Bogotá - Con o sin experiencia' → WP ID 40224
2026-09-27 14:43:11,499 INFO ✅ SUCCESS — 'Oportunidad! Auxiliares de Almacén Madrid Cundinamarca vivir calle 80 suba o norte de Bogotá - Con o sin experiencia' → WP ID=40224 🔗 https://colombia.mimusjobs.com/job/oportunidad-auxiliares-de-almacen-madrid-cundinamarca-vivir-calle-80-suba-o-norte-de-bogota-con-o-sin-experiencia-2/
2026-09-27 14:43:12,500 INFO ── https://co.computrabajo.com/empleos-en-bogota-dc | page 8 | job 16/20: https://co.computrabajo.com/ofertas-de-trabajo/oferta-de-trabajo-de-mecanico-integral-de-tractocamiones-bogota-en-bogota-dc-DBE323EF3DFF724761373E686DCF3405
2026-09-27 14:43:12,605 DEBUG https://co.computrabajo.com:443 "GET /ofertas-de-trabajo/oferta-de-trabajo-de-mecanico-integral-de-tractocamiones-bogota-en-bogota-dc-DBE323EF3DFF724761373E686DCF3405 HTTP/1.1" 200 None
2026-09-27 14:43:12,608 DEBUG     GET https://co.computrabajo.com/ofertas-de-trabajo/oferta-de-trabajo-de-mecanico-integral-de-tractocamiones-bogota-en-bogota-dc-DBE323EF3DFF724761373E686DCF3405 → HTTP 200 (168,516 chars)
2026-09-27 14:43:12,628 INFO     ┌─ SCRAPED JOB ─────────────────────────────────────────
    │ URL          : https://co.computrabajo.com/ofertas-de-trabajo/oferta-de-trabajo-de-mecanico-integral-de-tractocamiones-bogota-en-bogota-dc-DBE323EF3DFF724761373E686DCF3405
    │ Title        : Mecánico Integral de Tractocamiones - Bogotá
    │ Company      : Coltanques
    │ Location     : Bogotá, D.C.
    │ Job type     : full-time
    │ Salary       : (not listed)
    │ Industry     : Transporte
    │ Date posted  : 2026-09-03
    │ Deadline     : 2026-11-02
    │ External ID  : 9B8EDEA48F188632
    │ Description  : Estamos en búsqueda de bachilleres, técnicos o tecnólogos en motores Diesel, con experiencia mínima de 2 años realizando mantenimiento integral de vehículos de carga pesada (Tractocamiones). Con conoc…
    └───────────────────────────────────────────────────────
2026-09-27 14:43:13,980 DEBUG https://colombia.mimusjobs.com:443 "GET /wp-json/wp/v2/companies?slug=coltanques HTTP/1.1" 200 None
2026-09-27 14:43:13,980 INFO ⏭ Company exists: Coltanques
2026-09-27 14:43:14,643 DEBUG https://colombia.mimusjobs.com:443 "GET /wp-json/wp/v2/job-listings?slug=mec-nico-integral-de-tractocamiones---bogot- HTTP/1.1" 200 None
2026-09-27 14:43:14,669 DEBUG https://ii.ct-stc.com:443 "GET /1/logos/empresas/2017/11/16/coltanques-sas-9B8EDEA48F188632184812thumbnail.png HTTP/1.1" 200 8042
2026-09-27 14:43:16,485 DEBUG https://colombia.mimusjobs.com:443 "POST /wp-json/wp/v2/media HTTP/1.1" 201 None
2026-09-27 14:43:18,464 DEBUG https://colombia.mimusjobs.com:443 "POST /wp-json/wp/v2/job-listings HTTP/1.1" 201 None
2026-09-27 14:43:18,464 INFO ✅ Job posted: 'Mecánico Integral de Tractocamiones - Bogotá' → WP ID 40227
2026-09-27 14:43:18,464 INFO ✅ SUCCESS — 'Mecánico Integral de Tractocamiones - Bogotá' → WP ID=40227 🔗 https://colombia.mimusjobs.com/job/mecanico-integral-de-tractocamiones-bogota-2/
2026-09-27 14:43:19,465 INFO ── https://co.computrabajo.com/empleos-en-bogota-dc | page 8 | job 17/20: https://co.computrabajo.com/ofertas-de-trabajo/oferta-de-trabajo-de-formadora-para-sector-hospitalario-en-bogota-dc-E249D2D7B8AF173B61373E686DCF3405
2026-09-27 14:43:19,575 DEBUG https://co.computrabajo.com:443 "GET /ofertas-de-trabajo/oferta-de-trabajo-de-formadora-para-sector-hospitalario-en-bogota-dc-E249D2D7B8AF173B61373E686DCF3405 HTTP/1.1" 200 None
2026-09-27 14:43:19,578 DEBUG     GET https://co.computrabajo.com/ofertas-de-trabajo/oferta-de-trabajo-de-formadora-para-sector-hospitalario-en-bogota-dc-E249D2D7B8AF173B61373E686DCF3405 → HTTP 200 (169,749 chars)
2026-09-27 14:43:19,598 INFO     ┌─ SCRAPED JOB ─────────────────────────────────────────
    │ URL          : https://co.computrabajo.com/ofertas-de-trabajo/oferta-de-trabajo-de-formadora-para-sector-hospitalario-en-bogota-dc-E249D2D7B8AF173B61373E686DCF3405
    │ Title        : Formador/a para sector Hospitalario
    │ Company      : Casalimpia s.a.
    │ Location     : Bogotá, D.C.
    │ Job type     : full-time
    │ Salary       : 2700000 COP
    │ Industry     : Servicios Profesionales
    │ Date posted  : 2026-08-10
    │ Deadline     : 2026-10-09
    │ External ID  : 085C34741828420F
    │ Description  : Se busca formador/a para Casalimpia s.a. con responsabilidades en capacitación preferiblemente en sector hospitalario:
Funciones
Gestionar programas de formación.
Coordinar actividades de capacitación…
    └───────────────────────────────────────────────────────
2026-09-27 14:43:20,347 DEBUG https://colombia.mimusjobs.com:443 "GET /wp-json/wp/v2/companies?slug=casalimpia-s-a- HTTP/1.1" 200 None
2026-09-27 14:43:20,347 INFO ⏭ Company exists: Casalimpia s.a.
2026-09-27 14:43:21,110 DEBUG https://colombia.mimusjobs.com:443 "GET /wp-json/wp/v2/job-listings?slug=formador-a-para-sector-hospitalario HTTP/1.1" 200 None
2026-09-27 14:43:21,110 INFO ⏭ Job already on WP: Formador/a para sector Hospitalario
2026-09-27 14:43:21,111 INFO ✅ SUCCESS — 'Formador/a para sector Hospitalario' → WP ID=17440 🔗 https://colombia.mimusjobs.com/job/formador-a-para-sector-hospitalario/
2026-09-27 14:43:22,111 INFO ── https://co.computrabajo.com/empleos-en-bogota-dc | page 8 | job 18/20: https://co.computrabajo.com/ofertas-de-trabajo/oferta-de-trabajo-de-bachiller-con-o-sin-experiencia-para-auxiliar-caja-surtido-empaque-temporada-bogota-zona-sur-en-bogota-dc-E1B3C98CCFBEE57B61373E686DCF3405
2026-09-27 14:43:22,210 DEBUG https://co.computrabajo.com:443 "GET /ofertas-de-trabajo/oferta-de-trabajo-de-bachiller-con-o-sin-experiencia-para-auxiliar-caja-surtido-empaque-temporada-bogota-zona-sur-en-bogota-dc-E1B3C98CCFBEE57B61373E686DCF3405 HTTP/1.1" 200 None
2026-09-27 14:43:22,213 DEBUG     GET https://co.computrabajo.com/ofertas-de-trabajo/oferta-de-trabajo-de-bachiller-con-o-sin-experiencia-para-auxiliar-caja-surtido-empaque-temporada-bogota-zona-sur-en-bogota-dc-E1B3C98CCFBEE57B61373E686DCF3405 → HTTP 200 (186,133 chars)
2026-09-27 14:43:22,267 INFO     ┌─ SCRAPED JOB ─────────────────────────────────────────
    │ URL          : https://co.computrabajo.com/ofertas-de-trabajo/oferta-de-trabajo-de-bachiller-con-o-sin-experiencia-para-auxiliar-caja-surtido-empaque-temporada-bogota-zona-sur-en-bogota-dc-E1B3C98CCFBEE57B61373E686DCF3405
    │ Title        : Bachiller con o sin experiencia para auxiliar, caja, surtido, empaque Temporada Bogotá Zona Sur
    │ Company      : Grupo Éxito
    │ Location     : Bogotá, D.C.
    │ Job type     : full-time
    │ Salary       : 1751000 COP
    │ Industry     : Venta al consumidor
    │ Date posted  : 2026-08-26
    │ Deadline     : 2026-10-25
    │ External ID  : A3FE4694CF374090
    │ Description  : ¿Buscas una oportunidad para crecer profesionalmente en una gran empresa?
¡Esta es tu señal! 
 En Grupo Éxito, líderes del retail en América Latina, estamos buscando personas como tú para unirse a nue…
    └───────────────────────────────────────────────────────
2026-09-27 14:43:23,318 DEBUG https://colombia.mimusjobs.com:443 "GET /wp-json/wp/v2/companies?slug=grupo--xito HTTP/1.1" 200 None
2026-09-27 14:43:23,323 DEBUG https://ii.ct-stc.com:443 "GET /1/logos/empresas/2021/08/06/69ebb942f8f24b46afa0201838978thumbnail.png HTTP/1.1" 200 5854
2026-09-27 14:43:24,555 DEBUG https://colombia.mimusjobs.com:443 "POST /wp-json/wp/v2/media HTTP/1.1" 201 None
2026-09-27 14:43:26,395 DEBUG https://colombia.mimusjobs.com:443 "POST /wp-json/wp/v2/companies HTTP/1.1" 201 None
2026-09-27 14:43:26,395 INFO ✅ Company posted: Grupo Éxito → ID 40231
2026-09-27 14:43:27,060 DEBUG https://colombia.mimusjobs.com:443 "GET /wp-json/wp/v2/job-listings?slug=bachiller-con-o-sin-experiencia-para-auxiliar--caja--surtido--empaque-temporada- HTTP/1.1" 200 None
2026-09-27 14:43:27,063 DEBUG https://ii.ct-stc.com:443 "GET /1/logos/empresas/2021/08/06/69ebb942f8f24b46afa0201838978thumbnail.png HTTP/1.1" 200 5854
2026-09-27 14:43:27,943 DEBUG https://colombia.mimusjobs.com:443 "POST /wp-json/wp/v2/media HTTP/1.1" 201 None
2026-09-27 14:43:29,082 DEBUG https://colombia.mimusjobs.com:443 "POST /wp-json/wp/v2/job-listings HTTP/1.1" 201 None
2026-09-27 14:43:29,083 INFO ✅ Job posted: 'Bachiller con o sin experiencia para auxiliar, caja, surtido, empaque Temporada Bogotá Zona Sur' → WP ID 40233
2026-09-27 14:43:29,083 INFO ✅ SUCCESS — 'Bachiller con o sin experiencia para auxiliar, caja, surtido, empaque Temporada Bogotá Zona Sur' → WP ID=40233 🔗 https://colombia.mimusjobs.com/job/bachiller-con-o-sin-experiencia-para-auxiliar-caja-surtido-empaque-temporada-bogota-zona-sur-3/
2026-09-27 14:43:30,083 INFO ── https://co.computrabajo.com/empleos-en-bogota-dc | page 8 | job 19/20: https://co.computrabajo.com/ofertas-de-trabajo/oferta-de-trabajo-de-especialista-de-control-comercial-e-inteligencia-de-negocio-cruz-verde-colombia-en-bogota-dc-7D751977658416A061373E686DCF3405
2026-09-27 14:43:30,163 DEBUG https://co.computrabajo.com:443 "GET /ofertas-de-trabajo/oferta-de-trabajo-de-especialista-de-control-comercial-e-inteligencia-de-negocio-cruz-verde-colombia-en-bogota-dc-7D751977658416A061373E686DCF3405 HTTP/1.1" 200 None
2026-09-27 14:43:30,166 DEBUG     GET https://co.computrabajo.com/ofertas-de-trabajo/oferta-de-trabajo-de-especialista-de-control-comercial-e-inteligencia-de-negocio-cruz-verde-colombia-en-bogota-dc-7D751977658416A061373E686DCF3405 → HTTP 200 (178,522 chars)
2026-09-27 14:43:30,188 INFO     ┌─ SCRAPED JOB ─────────────────────────────────────────
    │ URL          : https://co.computrabajo.com/ofertas-de-trabajo/oferta-de-trabajo-de-especialista-de-control-comercial-e-inteligencia-de-negocio-cruz-verde-colombia-en-bogota-dc-7D751977658416A061373E686DCF3405
    │ Title        : Especialista de Control Comercial e Inteligencia de Negocio - Cruz Verde Colombia
    │ Company      : DROGUERIAS Y FARMACIAS CRUZ VERDE S. A. S.
    │ Location     : Bogotá, D.C.
    │ Job type     : full-time
    │ Salary       : 5000000 COP
    │ Industry     : Venta al consumidor
    │ Date posted  : 2026-08-10
    │ Deadline     : 2026-10-09
    │ External ID  : 5DC9C44D055EC5B2
    │ Description  : Sabemos que desarrollar el talento de nuestros colaboradores/as es la mejor manera de generar valor, por eso en CRUZ VERDE FEMSA construimos un entorno laboral inclusivo, diverso y global para formar …
    └───────────────────────────────────────────────────────
2026-09-27 14:43:30,895 DEBUG https://colombia.mimusjobs.com:443 "GET /wp-json/wp/v2/companies?slug=droguerias-y-farmacias-cruz-verde-s--a--s- HTTP/1.1" 200 None
2026-09-27 14:43:30,895 INFO ⏭ Company exists: DROGUERIAS Y FARMACIAS CRUZ VERDE S. A. S.
2026-09-27 14:43:31,628 DEBUG https://colombia.mimusjobs.com:443 "GET /wp-json/wp/v2/job-listings?slug=especialista-de-control-comercial-e-inteligencia-de-negocio---cruz-verde-colombi HTTP/1.1" 200 None
2026-09-27 14:43:31,802 DEBUG https://ii.ct-stc.com:443 "GET /1/logos/empresas/2020/04/03//cruzverde185143thumbnail.png HTTP/1.1" 200 23579
2026-09-27 14:43:34,143 DEBUG https://colombia.mimusjobs.com:443 "POST /wp-json/wp/v2/media HTTP/1.1" 201 None
2026-09-27 14:43:36,512 DEBUG https://colombia.mimusjobs.com:443 "POST /wp-json/wp/v2/job-listings HTTP/1.1" 201 None
2026-09-27 14:43:36,513 INFO ✅ Job posted: 'Especialista de Control Comercial e Inteligencia de Negocio - Cruz Verde Colombia' → WP ID 40235
2026-09-27 14:43:36,513 INFO ✅ SUCCESS — 'Especialista de Control Comercial e Inteligencia de Negocio - Cruz Verde Colombia' → WP ID=40235 🔗 https://colombia.mimusjobs.com/job/especialista-de-control-comercial-e-inteligencia-de-negocio-cruz-verde-colombia-2/
2026-09-27 14:43:37,513 INFO ── https://co.computrabajo.com/empleos-en-bogota-dc | page 8 | job 20/20: https://co.computrabajo.com/ofertas-de-trabajo/oferta-de-trabajo-de-asesor-comercial-ingles-servicios-nube-en-bogota-dc-BD0958B3EA61A42261373E686DCF3405
2026-09-27 14:43:37,609 DEBUG https://co.computrabajo.com:443 "GET /ofertas-de-trabajo/oferta-de-trabajo-de-asesor-comercial-ingles-servicios-nube-en-bogota-dc-BD0958B3EA61A42261373E686DCF3405 HTTP/1.1" 200 None
2026-09-27 14:43:37,662 DEBUG     GET https://co.computrabajo.com/ofertas-de-trabajo/oferta-de-trabajo-de-asesor-comercial-ingles-servicios-nube-en-bogota-dc-BD0958B3EA61A42261373E686DCF3405 → HTTP 200 (186,206 chars)
2026-09-27 14:43:37,685 INFO     ┌─ SCRAPED JOB ─────────────────────────────────────────
    │ URL          : https://co.computrabajo.com/ofertas-de-trabajo/oferta-de-trabajo-de-asesor-comercial-ingles-servicios-nube-en-bogota-dc-BD0958B3EA61A42261373E686DCF3405
    │ Title        : Asesor Comercial Inglés, Servicios Nube
    │ Company      : KONECTA
    │ Location     : Bogotá, D.C.
    │ Job type     : full-time
    │ Salary       : 3500000 COP
    │ Industry     : Telecomunicaciones
    │ Date posted  : 2026-08-18
    │ Deadline     : 2026-10-17
    │ External ID  : D4BCE52B57A8B87C
    │ Description  : Sé parte de un equipo que no solo trabaja, sino que transforma. · Serás responsable de:
Generación y Calificación de Leads: Identificar y contactar empresas que encajen con el Ideal Customer Profile (…
    └───────────────────────────────────────────────────────
2026-09-27 14:43:38,474 DEBUG https://colombia.mimusjobs.com:443 "GET /wp-json/wp/v2/companies?slug=konecta HTTP/1.1" 200 None
2026-09-27 14:43:38,474 INFO ⏭ Company exists: KONECTA
2026-09-27 14:43:39,292 DEBUG https://colombia.mimusjobs.com:443 "GET /wp-json/wp/v2/job-listings?slug=asesor-comercial-ingl-s--servicios-nube HTTP/1.1" 200 None
2026-09-27 14:43:39,295 DEBUG https://ii.ct-stc.com:443 "GET /1/logos/empresas/2017/08/04/allus-global-bpo-center-D4BCE52B57A8B87C142702thumbnail.jpeg HTTP/1.1" 200 2724
2026-09-27 14:43:40,479 DEBUG https://colombia.mimusjobs.com:443 "POST /wp-json/wp/v2/media HTTP/1.1" 201 None
2026-09-27 14:43:42,259 DEBUG https://colombia.mimusjobs.com:443 "POST /wp-json/wp/v2/job-listings HTTP/1.1" 201 None
2026-09-27 14:43:42,259 INFO ✅ Job posted: 'Asesor Comercial Inglés, Servicios Nube' → WP ID 40238
2026-09-27 14:43:42,259 INFO ✅ SUCCESS — 'Asesor Comercial Inglés, Servicios Nube' → WP ID=40238 🔗 https://colombia.mimusjobs.com/job/asesor-comercial-ingles-servicios-nube-2/
2026-09-27 14:43:43,260 INFO 📊 Running totals — posted: 155 | skipped: 5 | failed: 0
2026-09-27 14:43:43,260 INFO Fetching listing page 9: https://co.computrabajo.com/empleos-en-bogota-dc?p=9
2026-09-27 14:43:43,366 DEBUG https://co.computrabajo.com:443 "GET /empleos-en-bogota-dc?p=9 HTTP/1.1" 200 None
2026-09-27 14:43:43,371 DEBUG     GET https://co.computrabajo.com/empleos-en-bogota-dc?p=9 → HTTP 200 (326,286 chars)
2026-09-27 14:43:43,407 INFO Found 20 job URLs on page 9
2026-09-27 14:43:43,408 DEBUG     job 1: https://co.computrabajo.com/ofertas-de-trabajo/oferta-de-trabajo-de-terapeuta-respiratorio-domiciliario-en-bogota-dc-en-bogota-dc-BE865FCEF28F0CBB61373E686DCF3405
2026-09-27 14:43:43,408 DEBUG     job 2: https://co.computrabajo.com/ofertas-de-trabajo/oferta-de-trabajo-de-tecnologo-electrico-electromecanico-o-de-mantenimiento-industrial-en-bogota-dc-86B1A451524E24AA61373E686DCF3405
2026-09-27 14:43:43,408 DEBUG     job 3: https://co.computrabajo.com/ofertas-de-trabajo/oferta-de-trabajo-de-analista-noc-hibrido-en-bogota-dc-D6328DE5EC48DC3E61373E686DCF3405
2026-09-27 14:43:43,408 DEBUG     job 4: https://co.computrabajo.com/ofertas-de-trabajo/oferta-de-trabajo-de-merchandiser-canal-moderno-bogota-suba-occidente-en-bogota-dc-F986BB65EBAD913F61373E686DCF3405
2026-09-27 14:43:43,408 DEBUG     job 5: https://co.computrabajo.com/ofertas-de-trabajo/oferta-de-trabajo-de-analista-master-relaciones-laborales-en-bogota-dc-B36D979F85A708A661373E686DCF3405
2026-09-27 14:43:43,408 DEBUG     job 6: https://co.computrabajo.com/ofertas-de-trabajo/oferta-de-trabajo-de-coordinador-de-logistica-y-planeacion-de-demanda-en-bogota-dc-A7857C2BB06E452561373E686DCF3405
2026-09-27 14:43:43,408 DEBUG     job 7: https://co.computrabajo.com/ofertas-de-trabajo/oferta-de-trabajo-de-operarioa-de-maquina-plana-industrial-electronica-contratacion-inmediata-cota-funza-siberia-en-bogota-dc-25D59246415DD94861373E686DCF3405
2026-09-27 14:43:43,408 DEBUG     job 8: https://co.computrabajo.com/ofertas-de-trabajo/oferta-de-trabajo-de-meseroa-norte-bogota-en-bogota-dc-3AD96E16046DACC461373E686DCF3405
2026-09-27 14:43:43,408 DEBUG     job 9: https://co.computrabajo.com/ofertas-de-trabajo/oferta-de-trabajo-de-auxiliar-de-aseoservicios-generales-norte-bogota-en-bogota-dc-490C04407850546961373E686DCF3405
2026-09-27 14:43:43,408 DEBUG     job 10: https://co.computrabajo.com/ofertas-de-trabajo/oferta-de-trabajo-de--auxiliar-administrativo-vacante-inclusiva-para-personas-con-discapacidad--en-bogota-dc-D2F60BBF494F83F961373E686DCF3405
2026-09-27 14:43:43,408 DEBUG     job 11: https://co.computrabajo.com/ofertas-de-trabajo/oferta-de-trabajo-de-administrador-de-punto-dispensacion-farmacia-chia-cundinamarca-en-bogota-dc-8A734E686894425A61373E686DCF3405
2026-09-27 14:43:43,408 DEBUG     job 12: https://co.computrabajo.com/ofertas-de-trabajo/oferta-de-trabajo-de-auxiliar-de-bodega-experiencia-en-transporte-de-carga-en-bogota-dc-A720CD7A59E47FA461373E686DCF3405
2026-09-27 14:43:43,408 DEBUG     job 13: https://co.computrabajo.com/ofertas-de-trabajo/oferta-de-trabajo-de-conductores-c1-c2-c3-bogota-en-bogota-dc-73A587FB6C9D81C061373E686DCF3405
2026-09-27 14:43:43,408 DEBUG     job 14: https://co.computrabajo.com/ofertas-de-trabajo/oferta-de-trabajo-de-conductores-de-minivan-para-la-ciudad-de-bogota-en-bogota-dc-8F8288192A89F59661373E686DCF3405
2026-09-27 14:43:43,408 DEBUG     job 15: https://co.computrabajo.com/ofertas-de-trabajo/oferta-de-trabajo-de-agente-call-center-venta-de-medicamentos-en-bogota-dc-1F22B660BA75925E61373E686DCF3405
2026-09-27 14:43:43,408 DEBUG     job 16: https://co.computrabajo.com/ofertas-de-trabajo/oferta-de-trabajo-de-asesor-comercial-principal-centro-de-experiencia-tecnologia-electrodomesticos-en-bogota-dc-17E37F689788719761373E686DCF3405
2026-09-27 14:43:43,408 DEBUG     job 17: https://co.computrabajo.com/ofertas-de-trabajo/oferta-de-trabajo-de-ingeniero-de-modelacion-bim-parque-del-virrey-en-bogota-dc-9470D9FD81B1102261373E686DCF3405
2026-09-27 14:43:43,408 DEBUG     job 18: https://co.computrabajo.com/ofertas-de-trabajo/oferta-de-trabajo-de-practicante-trade-marketing-bogota-en-bogota-dc-70435509CAF0DED961373E686DCF3405
2026-09-27 14:43:43,408 DEBUG     job 19: https://co.computrabajo.com/ofertas-de-trabajo/oferta-de-trabajo-de-lider-de-servicios-generales-en-bogota-dc-FB832E37D9237FFD61373E686DCF3405
2026-09-27 14:43:43,408 DEBUG     job 20: https://co.computrabajo.com/ofertas-de-trabajo/oferta-de-trabajo-de-asesor-servicio-al-cliente-via-chatasignacion-de-citas-bachiller-contrato-indefinido-en-bogota-dc-F1D89C6F3713CEE861373E686DCF3405
2026-09-27 14:43:43,408 INFO ── https://co.computrabajo.com/empleos-en-bogota-dc | page 9 | job 1/20: https://co.computrabajo.com/ofertas-de-trabajo/oferta-de-trabajo-de-terapeuta-respiratorio-domiciliario-en-bogota-dc-en-bogota-dc-BE865FCEF28F0CBB61373E686DCF3405
2026-09-27 14:43:43,549 DEBUG https://co.computrabajo.com:443 "GET /ofertas-de-trabajo/oferta-de-trabajo-de-terapeuta-respiratorio-domiciliario-en-bogota-dc-en-bogota-dc-BE865FCEF28F0CBB61373E686DCF3405 HTTP/1.1" 200 None
2026-09-27 14:43:43,552 DEBUG     GET https://co.computrabajo.com/ofertas-de-trabajo/oferta-de-trabajo-de-terapeuta-respiratorio-domiciliario-en-bogota-dc-en-bogota-dc-BE865FCEF28F0CBB61373E686DCF3405 → HTTP 200 (179,655 chars)
2026-09-27 14:43:43,573 INFO     ┌─ SCRAPED JOB ─────────────────────────────────────────
    │ URL          : https://co.computrabajo.com/ofertas-de-trabajo/oferta-de-trabajo-de-terapeuta-respiratorio-domiciliario-en-bogota-dc-en-bogota-dc-BE865FCEF28F0CBB61373E686DCF3405
    │ Title        : terapeuta respiratorio - Domiciliario en Bogota D.C
    │ Company      : EMMANUEL INSTITUTO DE REHABILITACION Y HABILITACION INFANTIL S.A.S
    │ Location     : Bogotá, D.C.
    │ Job type     : temporary
    │ Salary       : 5000000 COP
    │ Industry     : Salud / Medicina
    │ Date posted  : 2026-09-03
    │ Deadline     : 2026-11-02
    │ External ID  : D4C26BBD2447AAB5
    │ Description  : Grupo empresarial Emmanuel solicita para su equipo de trabajo Terapeuta Respiratorio para atención de paciente crónico a nivel domiciliario en Bogota (NO OFRECEMOS MEDIO DE TRANSPORTE), se recomienda …
    └───────────────────────────────────────────────────────
2026-09-27 14:43:44,741 DEBUG https://colombia.mimusjobs.com:443 "GET /wp-json/wp/v2/companies?slug=emmanuel-instituto-de-rehabilitacion-y-habilitacion-infantil-s-a-s HTTP/1.1" 200 None
2026-09-27 14:43:44,742 INFO ⏭ Company exists: EMMANUEL INSTITUTO DE REHABILITACION Y HABILITACION INFANTIL S.A.S
2026-09-27 14:43:46,563 DEBUG https://colombia.mimusjobs.com:443 "GET /wp-json/wp/v2/job-listings?slug=terapeuta-respiratorio---domiciliario-en-bogota-d-c HTTP/1.1" 200 None
2026-09-27 14:43:46,564 INFO ⏭ Job already on WP: terapeuta respiratorio - Domiciliario en Bogota D.C
2026-09-27 14:43:46,564 INFO ✅ SUCCESS — 'terapeuta respiratorio - Domiciliario en Bogota D.C' → WP ID=17170 🔗 https://colombia.mimusjobs.com/job/terapeuta-respiratorio-domiciliario-en-bogota-d-c/
2026-09-27 14:43:47,564 INFO ── https://co.computrabajo.com/empleos-en-bogota-dc | page 9 | job 2/20: https://co.computrabajo.com/ofertas-de-trabajo/oferta-de-trabajo-de-tecnologo-electrico-electromecanico-o-de-mantenimiento-industrial-en-bogota-dc-86B1A451524E24AA61373E686DCF3405
2026-09-27 14:43:47,646 DEBUG https://co.computrabajo.com:443 "GET /ofertas-de-trabajo/oferta-de-trabajo-de-tecnologo-electrico-electromecanico-o-de-mantenimiento-industrial-en-bogota-dc-86B1A451524E24AA61373E686DCF3405 HTTP/1.1" 200 None
2026-09-27 14:43:47,649 DEBUG     GET https://co.computrabajo.com/ofertas-de-trabajo/oferta-de-trabajo-de-tecnologo-electrico-electromecanico-o-de-mantenimiento-industrial-en-bogota-dc-86B1A451524E24AA61373E686DCF3405 → HTTP 200 (167,048 chars)
2026-09-27 14:43:47,667 INFO     ┌─ SCRAPED JOB ─────────────────────────────────────────
    │ URL          : https://co.computrabajo.com/ofertas-de-trabajo/oferta-de-trabajo-de-tecnologo-electrico-electromecanico-o-de-mantenimiento-industrial-en-bogota-dc-86B1A451524E24AA61373E686DCF3405
    │ Title        : Tecnologo electrico / electromecánico o de mantenimiento industrial
    │ Company      : CENTRO DE EMPLEO Y TALENTO COLSUBSIDIO
    │ Location     : Bogotá, D.C.
    │ Job type     : full-time
    │ Salary       : 2524000 COP
    │ Industry     : RRHH / Personal
    │ Date posted  : 2026-09-11
    │ Deadline     : 2026-11-10
    │ External ID  : 7AA3FDE1981F3DFE
    │ Description  : Importante empresa del sector de mantenimiento e infraestructura requiere para su equipo de trabajo un Tecnólogo de Mantenimiento Eléctrico o Electromecánico, con experiencia mínima de 3 años certific…
    └───────────────────────────────────────────────────────
2026-09-27 14:43:50,285 DEBUG https://colombia.mimusjobs.com:443 "GET /wp-json/wp/v2/companies?slug=centro-de-empleo-y-talento-colsubsidio HTTP/1.1" 200 None
2026-09-27 14:43:50,286 INFO ⏭ Company exists: CENTRO DE EMPLEO Y TALENTO COLSUBSIDIO
2026-09-27 14:43:50,857 DEBUG https://colombia.mimusjobs.com:443 "GET /wp-json/wp/v2/job-listings?slug=tecnologo-electrico---electromec-nico-o-de-mantenimiento-industrial HTTP/1.1" 200 None
2026-09-27 14:43:50,861 DEBUG https://ii.ct-stc.com:443 "GET /1/logos/empresas/2026/04/08//agenciadeempleocolsubsidio215531thumbnail.png HTTP/1.1" 200 12609
2026-09-27 14:43:53,228 DEBUG https://colombia.mimusjobs.com:443 "POST /wp-json/wp/v2/media HTTP/1.1" 201 None
2026-09-27 14:43:54,529 DEBUG https://colombia.mimusjobs.com:443 "POST /wp-json/wp/v2/job-listings HTTP/1.1" 201 None
2026-09-27 14:43:54,530 INFO ✅ Job posted: 'Tecnologo electrico / electromecánico o de mantenimiento industrial' → WP ID 40242
2026-09-27 14:43:54,530 INFO ✅ SUCCESS — 'Tecnologo electrico / electromecánico o de mantenimiento industrial' → WP ID=40242 🔗 https://colombia.mimusjobs.com/job/tecnologo-electrico-electromecanico-o-de-mantenimiento-industrial-2/
2026-09-27 14:43:55,530 INFO ── https://co.computrabajo.com/empleos-en-bogota-dc | page 9 | job 3/20: https://co.computrabajo.com/ofertas-de-trabajo/oferta-de-trabajo-de-analista-noc-hibrido-en-bogota-dc-D6328DE5EC48DC3E61373E686DCF3405
2026-09-27 14:43:55,857 DEBUG https://co.computrabajo.com:443 "GET /ofertas-de-trabajo/oferta-de-trabajo-de-analista-noc-hibrido-en-bogota-dc-D6328DE5EC48DC3E61373E686DCF3405 HTTP/1.1" 200 None
2026-09-27 14:43:55,859 DEBUG     GET https://co.computrabajo.com/ofertas-de-trabajo/oferta-de-trabajo-de-analista-noc-hibrido-en-bogota-dc-D6328DE5EC48DC3E61373E686DCF3405 → HTTP 200 (176,846 chars)
2026-09-27 14:43:55,880 INFO     ┌─ SCRAPED JOB ─────────────────────────────────────────
    │ URL          : https://co.computrabajo.com/ofertas-de-trabajo/oferta-de-trabajo-de-analista-noc-hibrido-en-bogota-dc-D6328DE5EC48DC3E61373E686DCF3405
    │ Title        : Analista NOC - Hibrido
    │ Company      : TP
    │ Location     : Bogotá, D.C.
    │ Job type     : full-time
    │ Salary       : (not listed)
    │ Industry     : Telecomunicaciones
    │ Date posted  : 2026-09-03
    │ Deadline     : 2026-11-02
    │ External ID  : 157348E9A94892F8
    │ Description  : ¡ÚNETE A TP COMO ANALISTA NOC!
 
TP es una compañía global de servicios digitales para negocios. Nuestra escala global y presencia local nos permiten ser una fuerza para el bien al apoyar a nuestras c…
    └───────────────────────────────────────────────────────
2026-09-27 14:43:56,455 DEBUG https://colombia.mimusjobs.com:443 "GET /wp-json/wp/v2/companies?slug=tp HTTP/1.1" 200 None
2026-09-27 14:43:56,455 INFO ⏭ Company exists: TP
2026-09-27 14:43:57,992 DEBUG https://colombia.mimusjobs.com:443 "GET /wp-json/wp/v2/job-listings?slug=analista-noc---hibrido HTTP/1.1" 200 None
2026-09-27 14:43:57,993 INFO ⏭ Job already on WP: Analista NOC - Hibrido
2026-09-27 14:43:57,993 INFO ✅ SUCCESS — 'Analista NOC - Hibrido' → WP ID=16981 🔗 https://colombia.mimusjobs.com/job/analista-noc-hibrido/
2026-09-27 14:43:58,993 INFO ── https://co.computrabajo.com/empleos-en-bogota-dc | page 9 | job 4/20: https://co.computrabajo.com/ofertas-de-trabajo/oferta-de-trabajo-de-merchandiser-canal-moderno-bogota-suba-occidente-en-bogota-dc-F986BB65EBAD913F61373E686DCF3405
2026-09-27 14:43:59,076 DEBUG https://co.computrabajo.com:443 "GET /ofertas-de-trabajo/oferta-de-trabajo-de-merchandiser-canal-moderno-bogota-suba-occidente-en-bogota-dc-F986BB65EBAD913F61373E686DCF3405 HTTP/1.1" 200 None
2026-09-27 14:43:59,080 DEBUG     GET https://co.computrabajo.com/ofertas-de-trabajo/oferta-de-trabajo-de-merchandiser-canal-moderno-bogota-suba-occidente-en-bogota-dc-F986BB65EBAD913F61373E686DCF3405 → HTTP 200 (187,563 chars)
2026-09-27 14:43:59,103 INFO     ┌─ SCRAPED JOB ─────────────────────────────────────────
    │ URL          : https://co.computrabajo.com/ofertas-de-trabajo/oferta-de-trabajo-de-merchandiser-canal-moderno-bogota-suba-occidente-en-bogota-dc-F986BB65EBAD913F61373E686DCF3405
    │ Title        : Merchandiser Canal Moderno - Bogotá Suba occidente
    │ Company      : Eficacia
    │ Location     : Bogotá, D.C.
    │ Job type     : full-time
    │ Salary       : 1750000 COP
    │ Industry     : RRHH / Personal
    │ Date posted  : 2026-09-04
    │ Deadline     : 2026-11-03
    │ External ID  : 119737001A46F099
    │ Description  : ¡Oportunidad Laboral en Bogotá! · Merchandiser Canal Moderno
 Zona: Suba Occidente de Bogotá · Buscamos Bachiller con mínimo 6 meses de experiencia en merchandising, impulso, ventas, mercadeo o activi…
    └───────────────────────────────────────────────────────
2026-09-27 14:43:59,981 DEBUG https://colombia.mimusjobs.com:443 "GET /wp-json/wp/v2/companies?slug=eficacia HTTP/1.1" 200 None
2026-09-27 14:43:59,981 INFO ⏭ Company exists: Eficacia
2026-09-27 14:44:00,684 DEBUG https://colombia.mimusjobs.com:443 "GET /wp-json/wp/v2/job-listings?slug=merchandiser-canal-moderno---bogot--suba-occidente HTTP/1.1" 200 None
2026-09-27 14:44:00,709 DEBUG https://ii.ct-stc.com:443 "GET /1/logos/empresas/2017/05/19/eficacia-sa-119737001A46F099142249thumbnail.png HTTP/1.1" 200 475075
2026-09-27 14:44:10,304 DEBUG https://colombia.mimusjobs.com:443 "POST /wp-json/wp/v2/media HTTP/1.1" 201 None
2026-09-27 14:44:12,622 DEBUG https://colombia.mimusjobs.com:443 "POST /wp-json/wp/v2/job-listings HTTP/1.1" 201 None
2026-09-27 14:44:12,622 INFO ✅ Job posted: 'Merchandiser Canal Moderno - Bogotá Suba occidente' → WP ID 40248
2026-09-27 14:44:12,622 INFO ✅ SUCCESS — 'Merchandiser Canal Moderno - Bogotá Suba occidente' → WP ID=40248 🔗 https://colombia.mimusjobs.com/job/merchandiser-canal-moderno-bogota-suba-occidente-2/
2026-09-27 14:44:13,623 INFO ── https://co.computrabajo.com/empleos-en-bogota-dc | page 9 | job 5/20: https://co.computrabajo.com/ofertas-de-trabajo/oferta-de-trabajo-de-analista-master-relaciones-laborales-en-bogota-dc-B36D979F85A708A661373E686DCF3405
2026-09-27 14:44:13,830 DEBUG https://co.computrabajo.com:443 "GET /ofertas-de-trabajo/oferta-de-trabajo-de-analista-master-relaciones-laborales-en-bogota-dc-B36D979F85A708A661373E686DCF3405 HTTP/1.1" 200 None
2026-09-27 14:44:13,833 DEBUG     GET https://co.computrabajo.com/ofertas-de-trabajo/oferta-de-trabajo-de-analista-master-relaciones-laborales-en-bogota-dc-B36D979F85A708A661373E686DCF3405 → HTTP 200 (174,200 chars)
2026-09-27 14:44:13,854 INFO     ┌─ SCRAPED JOB ─────────────────────────────────────────
    │ URL          : https://co.computrabajo.com/ofertas-de-trabajo/oferta-de-trabajo-de-analista-master-relaciones-laborales-en-bogota-dc-B36D979F85A708A661373E686DCF3405
    │ Title        : Analista master relaciones laborales
    │ Company      : Dar Ayuda Temporal
    │ Location     : Bogotá, D.C.
    │ Job type     : full-time
    │ Salary       : 4000000 COP
    │ Industry     : RRHH / Personal
    │ Date posted  : 2026-09-03
    │ Deadline     : 2026-11-02
    │ External ID  : 2E134E3F93C933CB
    │ Description  : Estamos buscando al mejor personal!
¡Haz parte de nuestro equipo!
Reconocida compañía del sector financiero requiere para su equipo de trabajo Analista Mr ATH en BOGOTÁ, profesional en Profesional en …
    └───────────────────────────────────────────────────────
2026-09-27 14:44:15,408 DEBUG https://colombia.mimusjobs.com:443 "GET /wp-json/wp/v2/companies?slug=dar-ayuda-temporal HTTP/1.1" 200 None
2026-09-27 14:44:15,409 INFO ⏭ Company exists: Dar Ayuda Temporal
2026-09-27 14:44:16,647 DEBUG https://colombia.mimusjobs.com:443 "GET /wp-json/wp/v2/job-listings?slug=analista-master-relaciones-laborales HTTP/1.1" 200 None
2026-09-27 14:44:16,647 INFO ⏭ Job already on WP: Analista master relaciones laborales
2026-09-27 14:44:16,647 INFO ✅ SUCCESS — 'Analista master relaciones laborales' → WP ID=16689 🔗 https://colombia.mimusjobs.com/job/analista-master-relaciones-laborales/
2026-09-27 14:44:17,647 INFO ── https://co.computrabajo.com/empleos-en-bogota-dc | page 9 | job 6/20: https://co.computrabajo.com/ofertas-de-trabajo/oferta-de-trabajo-de-coordinador-de-logistica-y-planeacion-de-demanda-en-bogota-dc-A7857C2BB06E452561373E686DCF3405
2026-09-27 14:44:17,728 DEBUG https://co.computrabajo.com:443 "GET /ofertas-de-trabajo/oferta-de-trabajo-de-coordinador-de-logistica-y-planeacion-de-demanda-en-bogota-dc-A7857C2BB06E452561373E686DCF3405 HTTP/1.1" 200 None
2026-09-27 14:44:17,731 DEBUG     GET https://co.computrabajo.com/ofertas-de-trabajo/oferta-de-trabajo-de-coordinador-de-logistica-y-planeacion-de-demanda-en-bogota-dc-A7857C2BB06E452561373E686DCF3405 → HTTP 200 (172,641 chars)
2026-09-27 14:44:17,751 INFO     ┌─ SCRAPED JOB ─────────────────────────────────────────
    │ URL          : https://co.computrabajo.com/ofertas-de-trabajo/oferta-de-trabajo-de-coordinador-de-logistica-y-planeacion-de-demanda-en-bogota-dc-A7857C2BB06E452561373E686DCF3405
    │ Title        : Coordinador de Logística y Planeación de Demanda
    │ Company      : Michael Page
    │ Location     : Bogotá, D.C.
    │ Job type     : full-time
    │ Salary       : 6899985 COP
    │ Industry     : Servicios Profesionales
    │ Date posted  : 2026-09-19
    │ Deadline     : 2026-11-18
    │ External ID  : 298FF5DDFA511508
    │ Description  : Buscamos Coordinador(a) de Logística y Planeación de Demanda ¿Tienes experiencia liderando procesos de abastecimiento, logística, importaciones y planeación de demanda? Esta es una excelente oportunid…
    └───────────────────────────────────────────────────────
2026-09-27 14:44:18,932 DEBUG https://colombia.mimusjobs.com:443 "GET /wp-json/wp/v2/companies?slug=michael-page HTTP/1.1" 200 None
2026-09-27 14:44:18,932 INFO ⏭ Company exists: Michael Page
2026-09-27 14:44:19,590 DEBUG https://colombia.mimusjobs.com:443 "GET /wp-json/wp/v2/job-listings?slug=coordinador-de-log-stica-y-planeaci-n-de-demanda HTTP/1.1" 200 None
2026-09-27 14:44:19,615 DEBUG https://ii.ct-stc.com:443 "GET /1/logos/empresas/2025/02/06/page-interim-298FF5DDFA511508165520thumbnail.png HTTP/1.1" 200 3911
2026-09-27 14:44:20,573 DEBUG https://colombia.mimusjobs.com:443 "POST /wp-json/wp/v2/media HTTP/1.1" 201 None
2026-09-27 14:44:22,552 DEBUG https://colombia.mimusjobs.com:443 "POST /wp-json/wp/v2/job-listings HTTP/1.1" 201 None
2026-09-27 14:44:22,553 INFO ✅ Job posted: 'Coordinador de Logística y Planeación de Demanda' → WP ID 40251
2026-09-27 14:44:22,553 INFO ✅ SUCCESS — 'Coordinador de Logística y Planeación de Demanda' → WP ID=40251 🔗 https://colombia.mimusjobs.com/job/coordinador-de-logistica-y-planeacion-de-demanda-2/
2026-09-27 14:44:23,553 INFO ── https://co.computrabajo.com/empleos-en-bogota-dc | page 9 | job 7/20: https://co.computrabajo.com/ofertas-de-trabajo/oferta-de-trabajo-de-operarioa-de-maquina-plana-industrial-electronica-contratacion-inmediata-cota-funza-siberia-en-bogota-dc-25D59246415DD94861373E686DCF3405
2026-09-27 14:44:23,639 DEBUG https://co.computrabajo.com:443 "GET /ofertas-de-trabajo/oferta-de-trabajo-de-operarioa-de-maquina-plana-industrial-electronica-contratacion-inmediata-cota-funza-siberia-en-bogota-dc-25D59246415DD94861373E686DCF3405 HTTP/1.1" 200 None
2026-09-27 14:44:23,642 DEBUG     GET https://co.computrabajo.com/ofertas-de-trabajo/oferta-de-trabajo-de-operarioa-de-maquina-plana-industrial-electronica-contratacion-inmediata-cota-funza-siberia-en-bogota-dc-25D59246415DD94861373E686DCF3405 → HTTP 200 (176,543 chars)
2026-09-27 14:44:23,664 INFO     ┌─ SCRAPED JOB ─────────────────────────────────────────
    │ URL          : https://co.computrabajo.com/ofertas-de-trabajo/oferta-de-trabajo-de-operarioa-de-maquina-plana-industrial-electronica-contratacion-inmediata-cota-funza-siberia-en-bogota-dc-25D59246415DD94861373E686DCF3405
    │ Title        : Operario(a) de Máquina Plana Industrial Electrónica contratación Inmediata - Cota, Funza, Siberia
    │ Company      : Productividad Empresarial SAS
    │ Location     : Bogotá, D.C.
    │ Job type     : full-time
    │ Salary       : 2000000 COP
    │ Industry     : RRHH / Personal
    │ Date posted  : 2026-09-11
    │ Deadline     : 2026-11-10
    │ External ID  : 159A8948D2C691D1
    │ Description  : ¡Proceso de selección inmediato! · Operario(a) de Máquina Plana Industrial Electrónica
Miguel Caballero, importante empresa del sector de confección y soluciones de protección, se encuentra en búsqued…
    └───────────────────────────────────────────────────────
2026-09-27 14:44:24,284 DEBUG https://colombia.mimusjobs.com:443 "GET /wp-json/wp/v2/companies?slug=productividad-empresarial-sas HTTP/1.1" 200 None
2026-09-27 14:44:24,285 INFO ⏭ Company exists: Productividad Empresarial SAS
2026-09-27 14:44:24,927 DEBUG https://colombia.mimusjobs.com:443 "GET /wp-json/wp/v2/job-listings?slug=operario-a--de-m-quina-plana-industrial-electr-nica-contrataci-n-inmediata---cot HTTP/1.1" 200 None
2026-09-27 14:44:24,950 DEBUG https://ii.ct-stc.com:443 "GET /1/logos/empresas/2019/06/20/c5ca3124e9cc489183f8213107537thumbnail.png HTTP/1.1" 200 9022
2026-09-27 14:44:26,096 DEBUG https://colombia.mimusjobs.com:443 "POST /wp-json/wp/v2/media HTTP/1.1" 201 None
2026-09-27 14:44:28,156 DEBUG https://colombia.mimusjobs.com:443 "POST /wp-json/wp/v2/job-listings HTTP/1.1" 201 None
2026-09-27 14:44:28,157 INFO ✅ Job posted: 'Operario(a) de Máquina Plana Industrial Electrónica contratación Inmediata - Cota, Funza, Siberia' → WP ID 40255
2026-09-27 14:44:28,157 INFO ✅ SUCCESS — 'Operario(a) de Máquina Plana Industrial Electrónica contratación Inmediata - Cota, Funza, Siberia' → WP ID=40255 🔗 https://colombia.mimusjobs.com/job/operarioa-de-maquina-plana-industrial-electronica-contratacion-inmediata-cota-funza-siberia-2/
2026-09-27 14:44:29,157 INFO ── https://co.computrabajo.com/empleos-en-bogota-dc | page 9 | job 8/20: https://co.computrabajo.com/ofertas-de-trabajo/oferta-de-trabajo-de-meseroa-norte-bogota-en-bogota-dc-3AD96E16046DACC461373E686DCF3405
2026-09-27 14:44:29,238 DEBUG https://co.computrabajo.com:443 "GET /ofertas-de-trabajo/oferta-de-trabajo-de-meseroa-norte-bogota-en-bogota-dc-3AD96E16046DACC461373E686DCF3405 HTTP/1.1" 200 None
2026-09-27 14:44:29,241 DEBUG     GET https://co.computrabajo.com/ofertas-de-trabajo/oferta-de-trabajo-de-meseroa-norte-bogota-en-bogota-dc-3AD96E16046DACC461373E686DCF3405 → HTTP 200 (169,712 chars)
2026-09-27 14:44:29,287 INFO     ┌─ SCRAPED JOB ─────────────────────────────────────────
    │ URL          : https://co.computrabajo.com/ofertas-de-trabajo/oferta-de-trabajo-de-meseroa-norte-bogota-en-bogota-dc-3AD96E16046DACC461373E686DCF3405
    │ Title        : Mesero/a - Norte Bogotá
    │ Company      : Redes Humanas
    │ Location     : Bogotá, D.C.
    │ Job type     : full-time
    │ Salary       : 1436000 COP
    │ Industry     : RRHH / Personal
    │ Date posted  : 2026-09-11
    │ Deadline     : 2026-11-10
    │ External ID  : ECA909969518720F
    │ Description  : Empresa del sector alimentos se encuentra en búsqueda de Mesero(a) bachiller, con mínimo 1 año de experiencia en servicio al cliente en puntos de venta, preparación de bebidas frías y calientes y apoy…
    └───────────────────────────────────────────────────────
2026-09-27 14:44:30,239 DEBUG https://colombia.mimusjobs.com:443 "GET /wp-json/wp/v2/companies?slug=redes-humanas HTTP/1.1" 200 None
2026-09-27 14:44:30,240 INFO ⏭ Company exists: Redes Humanas
2026-09-27 14:44:31,013 DEBUG https://colombia.mimusjobs.com:443 "GET /wp-json/wp/v2/job-listings?slug=mesero-a---norte-bogot- HTTP/1.1" 200 None
2026-09-27 14:44:31,077 DEBUG https://ii.ct-stc.com:443 "GET /1/logos/empresas/2017/05/31/redes-humanas-sa-ECA909969518720F161617thumbnail.png HTTP/1.1" 200 3079
2026-09-27 14:44:32,063 DEBUG https://colombia.mimusjobs.com:443 "POST /wp-json/wp/v2/media HTTP/1.1" 201 None
2026-09-27 14:44:34,401 DEBUG https://colombia.mimusjobs.com:443 "POST /wp-json/wp/v2/job-listings HTTP/1.1" 201 None
2026-09-27 14:44:34,402 INFO ✅ Job posted: 'Mesero/a - Norte Bogotá' → WP ID 40257
2026-09-27 14:44:34,402 INFO ✅ SUCCESS — 'Mesero/a - Norte Bogotá' → WP ID=40257 🔗 https://colombia.mimusjobs.com/job/mesero-a-norte-bogota-2/
2026-09-27 14:44:35,402 INFO ── https://co.computrabajo.com/empleos-en-bogota-dc | page 9 | job 9/20: https://co.computrabajo.com/ofertas-de-trabajo/oferta-de-trabajo-de-auxiliar-de-aseoservicios-generales-norte-bogota-en-bogota-dc-490C04407850546961373E686DCF3405
2026-09-27 14:44:35,485 DEBUG https://co.computrabajo.com:443 "GET /ofertas-de-trabajo/oferta-de-trabajo-de-auxiliar-de-aseoservicios-generales-norte-bogota-en-bogota-dc-490C04407850546961373E686DCF3405 HTTP/1.1" 200 None
2026-09-27 14:44:35,488 DEBUG     GET https://co.computrabajo.com/ofertas-de-trabajo/oferta-de-trabajo-de-auxiliar-de-aseoservicios-generales-norte-bogota-en-bogota-dc-490C04407850546961373E686DCF3405 → HTTP 200 (171,681 chars)
2026-09-27 14:44:35,508 INFO     ┌─ SCRAPED JOB ─────────────────────────────────────────
    │ URL          : https://co.computrabajo.com/ofertas-de-trabajo/oferta-de-trabajo-de-auxiliar-de-aseoservicios-generales-norte-bogota-en-bogota-dc-490C04407850546961373E686DCF3405
    │ Title        : auxiliar de aseo/servicios generales - norte bogota
    │ Company      : Trabajadores Temporales S.A.S.
    │ Location     : Bogotá, D.C.
    │ Job type     : full-time
    │ Salary       : 1750905 COP
    │ Industry     : RRHH / Personal
    │ Date posted  : 2026-08-26
    │ Deadline     : 2026-10-25
    │ External ID  : F5DF6D2185A507CC
    │ Description  : Importante empresa del sector cárnico busca de Auxiliar de Saneamiento Funciones principales: Realizar la clasificación de cortes en la banda transportadora de acuerdo a la programación de producción …
    └───────────────────────────────────────────────────────
2026-09-27 14:44:36,753 DEBUG https://colombia.mimusjobs.com:443 "GET /wp-json/wp/v2/companies?slug=trabajadores-temporales-s-a-s- HTTP/1.1" 200 None
2026-09-27 14:44:36,753 INFO ⏭ Company exists: Trabajadores Temporales S.A.S.
2026-09-27 14:44:37,555 DEBUG https://colombia.mimusjobs.com:443 "GET /wp-json/wp/v2/job-listings?slug=auxiliar-de-aseo-servicios-generales---norte-bogota HTTP/1.1" 200 None
2026-09-27 14:44:37,556 INFO ⏭ Job already on WP: auxiliar de aseo/servicios generales - norte bogota
2026-09-27 14:44:37,556 INFO ✅ SUCCESS — 'auxiliar de aseo/servicios generales - norte bogota' → WP ID=17048 🔗 https://colombia.mimusjobs.com/job/auxiliar-de-aseo-servicios-generales-norte-bogota/
2026-09-27 14:44:38,556 INFO ── https://co.computrabajo.com/empleos-en-bogota-dc | page 9 | job 10/20: https://co.computrabajo.com/ofertas-de-trabajo/oferta-de-trabajo-de--auxiliar-administrativo-vacante-inclusiva-para-personas-con-discapacidad--en-bogota-dc-D2F60BBF494F83F961373E686DCF3405
2026-09-27 14:44:38,674 DEBUG https://co.computrabajo.com:443 "GET /ofertas-de-trabajo/oferta-de-trabajo-de--auxiliar-administrativo-vacante-inclusiva-para-personas-con-discapacidad--en-bogota-dc-D2F60BBF494F83F961373E686DCF3405 HTTP/1.1" 200 None
2026-09-27 14:44:38,676 DEBUG     GET https://co.computrabajo.com/ofertas-de-trabajo/oferta-de-trabajo-de--auxiliar-administrativo-vacante-inclusiva-para-personas-con-discapacidad--en-bogota-dc-D2F60BBF494F83F961373E686DCF3405 → HTTP 200 (168,973 chars)
2026-09-27 14:44:38,695 INFO     ┌─ SCRAPED JOB ─────────────────────────────────────────
    │ URL          : https://co.computrabajo.com/ofertas-de-trabajo/oferta-de-trabajo-de--auxiliar-administrativo-vacante-inclusiva-para-personas-con-discapacidad--en-bogota-dc-D2F60BBF494F83F961373E686DCF3405
    │ Title        : Auxiliar administrativo Vacante inclusiva para personas con discapacidad
    │ Company      : CENTRO DE EMPLEO Y TALENTO COLSUBSIDIO
    │ Location     : Bogotá, D.C.
    │ Job type     : full-time
    │ Salary       : 1750905 COP
    │ Industry     : RRHH / Personal
    │ Date posted  : 2026-09-11
    │ Deadline     : 2026-11-10
    │ External ID  : 7AA3FDE1981F3DFE
    │ Description  : Importante empresa requiere Auxiliar administrativo. · Bachiller con 6 meses de experiencia. · Funciones: 
- Gestión documental y archivo.
- Digitalización de documentos.
- Actualización de bases de d…
    └───────────────────────────────────────────────────────
2026-09-27 14:44:39,516 DEBUG https://colombia.mimusjobs.com:443 "GET /wp-json/wp/v2/companies?slug=centro-de-empleo-y-talento-colsubsidio HTTP/1.1" 200 None
2026-09-27 14:44:39,517 INFO ⏭ Company exists: CENTRO DE EMPLEO Y TALENTO COLSUBSIDIO
2026-09-27 14:44:40,305 DEBUG https://colombia.mimusjobs.com:443 "GET /wp-json/wp/v2/job-listings?slug=auxiliar-administrativo-vacante-inclusiva-para-personas-con-discapacidad HTTP/1.1" 200 None
2026-09-27 14:44:40,305 INFO ⏭ Job already on WP: Auxiliar administrativo Vacante inclusiva para personas con discapacidad
2026-09-27 14:44:40,305 INFO ✅ SUCCESS — 'Auxiliar administrativo Vacante inclusiva para personas con discapacidad' → WP ID=15927 🔗 https://colombia.mimusjobs.com/job/auxiliar-administrativo-vacante-inclusiva-para-personas-con-discapacidad/
2026-09-27 14:44:41,306 INFO ── https://co.computrabajo.com/empleos-en-bogota-dc | page 9 | job 11/20: https://co.computrabajo.com/ofertas-de-trabajo/oferta-de-trabajo-de-administrador-de-punto-dispensacion-farmacia-chia-cundinamarca-en-bogota-dc-8A734E686894425A61373E686DCF3405
2026-09-27 14:44:41,414 DEBUG https://co.computrabajo.com:443 "GET /ofertas-de-trabajo/oferta-de-trabajo-de-administrador-de-punto-dispensacion-farmacia-chia-cundinamarca-en-bogota-dc-8A734E686894425A61373E686DCF3405 HTTP/1.1" 200 None
2026-09-27 14:44:41,417 DEBUG     GET https://co.computrabajo.com/ofertas-de-trabajo/oferta-de-trabajo-de-administrador-de-punto-dispensacion-farmacia-chia-cundinamarca-en-bogota-dc-8A734E686894425A61373E686DCF3405 → HTTP 200 (153,357 chars)
2026-09-27 14:44:41,434 WARNING No JobPosting JSON-LD found, using HTML fallback: https://co.computrabajo.com/ofertas-de-trabajo/oferta-de-trabajo-de-administrador-de-punto-dispensacion-farmacia-chia-cundinamarca-en-bogota-dc-8A734E686894425A61373E686DCF3405
2026-09-27 14:44:41,435 INFO     ┌─ SCRAPED JOB ─────────────────────────────────────────
    │ URL          : https://co.computrabajo.com/ofertas-de-trabajo/oferta-de-trabajo-de-administrador-de-punto-dispensacion-farmacia-chia-cundinamarca-en-bogota-dc-8A734E686894425A61373E686DCF3405
    │ Title        : Administrador de punto dispensación (Farmacia) - Chia Cundinamarca
    │ Company      : Importante empresa del sector
    │ Location     : Bogotá, D.C., Bogotá, D.C.
    │ Job type     : full-time
    │ Salary       : $ 3.000.000,00 (Mensual) COP
    │ Industry     : (none)
    │ Date posted  : (unknown)
    │ Deadline     : (estimated: )
    │ External ID  : (none)
    │ Description  : Esta oportunidad puede ser para ti, lee los siguientes requisitos y si cumples, aplica con tu hoja de vida actualizada para participar en esta convocatoria: Importante empresa del sector farmacéutico …
    └───────────────────────────────────────────────────────
2026-09-27 14:44:43,250 DEBUG https://colombia.mimusjobs.com:443 "GET /wp-json/wp/v2/companies?slug=importante-empresa-del-sector HTTP/1.1" 200 None
2026-09-27 14:44:43,251 INFO ⏭ Company exists: Importante empresa del sector
2026-09-27 14:44:44,057 DEBUG https://colombia.mimusjobs.com:443 "GET /wp-json/wp/v2/job-listings?slug=administrador-de-punto-dispensaci-n--farmacia----chia-cundinamarca HTTP/1.1" 200 None
2026-09-27 14:44:45,450 DEBUG https://colombia.mimusjobs.com:443 "POST /wp-json/wp/v2/job-listings HTTP/1.1" 201 None
2026-09-27 14:44:45,450 INFO ✅ Job posted: 'Administrador de punto dispensación (Farmacia) - Chia Cundinamarca' → WP ID 40259
2026-09-27 14:44:45,450 INFO ✅ SUCCESS — 'Administrador de punto dispensación (Farmacia) - Chia Cundinamarca' → WP ID=40259 🔗 https://colombia.mimusjobs.com/job/administrador-de-punto-dispensacion-farmacia-chia-cundinamarca-2/
2026-09-27 14:44:46,451 INFO ── https://co.computrabajo.com/empleos-en-bogota-dc | page 9 | job 12/20: https://co.computrabajo.com/ofertas-de-trabajo/oferta-de-trabajo-de-auxiliar-de-bodega-experiencia-en-transporte-de-carga-en-bogota-dc-A720CD7A59E47FA461373E686DCF3405
2026-09-27 14:44:46,548 DEBUG https://co.computrabajo.com:443 "GET /ofertas-de-trabajo/oferta-de-trabajo-de-auxiliar-de-bodega-experiencia-en-transporte-de-carga-en-bogota-dc-A720CD7A59E47FA461373E686DCF3405 HTTP/1.1" 200 None
2026-09-27 14:44:46,550 DEBUG     GET https://co.computrabajo.com/ofertas-de-trabajo/oferta-de-trabajo-de-auxiliar-de-bodega-experiencia-en-transporte-de-carga-en-bogota-dc-A720CD7A59E47FA461373E686DCF3405 → HTTP 200 (176,160 chars)
2026-09-27 14:44:46,573 INFO     ┌─ SCRAPED JOB ─────────────────────────────────────────
    │ URL          : https://co.computrabajo.com/ofertas-de-trabajo/oferta-de-trabajo-de-auxiliar-de-bodega-experiencia-en-transporte-de-carga-en-bogota-dc-A720CD7A59E47FA461373E686DCF3405
    │ Title        : Auxiliar de Bodega - Experiencia en Transporte de Carga
    │ Company      : Interactua Servicios Ltda.
    │ Location     : Bogotá, D.C.
    │ Job type     : full-time
    │ Salary       : 1750905 COP
    │ Industry     : RRHH / Personal
    │ Date posted  : 2026-09-03
    │ Deadline     : 2026-11-02
    │ External ID  : FFAC17E36E38E169
    │ Description  : Importante empresa del sector transporte se encuentra en búsqueda de Auxiliar de Bodega con experiencia en empresas de transporte de carga. Si eres una persona responsable, dinámica y con disposición …
    └───────────────────────────────────────────────────────
2026-09-27 14:44:47,753 DEBUG https://colombia.mimusjobs.com:443 "GET /wp-json/wp/v2/companies?slug=interactua-servicios-ltda- HTTP/1.1" 200 None
2026-09-27 14:44:47,753 INFO ⏭ Company exists: Interactua Servicios Ltda.
2026-09-27 14:44:48,798 DEBUG https://colombia.mimusjobs.com:443 "GET /wp-json/wp/v2/job-listings?slug=auxiliar-de-bodega---experiencia-en-transporte-de-carga HTTP/1.1" 200 None
2026-09-27 14:44:48,799 INFO ⏭ Job already on WP: Auxiliar de Bodega - Experiencia en Transporte de Carga
2026-09-27 14:44:48,799 INFO ✅ SUCCESS — 'Auxiliar de Bodega - Experiencia en Transporte de Carga' → WP ID=16708 🔗 https://colombia.mimusjobs.com/job/auxiliar-de-bodega-experiencia-en-transporte-de-carga/
2026-09-27 14:44:49,799 INFO ── https://co.computrabajo.com/empleos-en-bogota-dc | page 9 | job 13/20: https://co.computrabajo.com/ofertas-de-trabajo/oferta-de-trabajo-de-conductores-c1-c2-c3-bogota-en-bogota-dc-73A587FB6C9D81C061373E686DCF3405
2026-09-27 14:44:49,909 DEBUG https://co.computrabajo.com:443 "GET /ofertas-de-trabajo/oferta-de-trabajo-de-conductores-c1-c2-c3-bogota-en-bogota-dc-73A587FB6C9D81C061373E686DCF3405 HTTP/1.1" 200 None
2026-09-27 14:44:49,911 DEBUG     GET https://co.computrabajo.com/ofertas-de-trabajo/oferta-de-trabajo-de-conductores-c1-c2-c3-bogota-en-bogota-dc-73A587FB6C9D81C061373E686DCF3405 → HTTP 200 (149,320 chars)
2026-09-27 14:44:49,926 WARNING No JobPosting JSON-LD found, using HTML fallback: https://co.computrabajo.com/ofertas-de-trabajo/oferta-de-trabajo-de-conductores-c1-c2-c3-bogota-en-bogota-dc-73A587FB6C9D81C061373E686DCF3405
2026-09-27 14:44:49,928 INFO     ┌─ SCRAPED JOB ─────────────────────────────────────────
    │ URL          : https://co.computrabajo.com/ofertas-de-trabajo/oferta-de-trabajo-de-conductores-c1-c2-c3-bogota-en-bogota-dc-73A587FB6C9D81C061373E686DCF3405
    │ Title        : Conductores C1, C2, C3 / Bogota
    │ Company      : Importante empresa del sector
    │ Location     : Bogotá, D.C., Bogotá, D.C.
    │ Job type     : full-time
    │ Salary       : A convenir COP
    │ Industry     : (none)
    │ Date posted  : (unknown)
    │ Deadline     : (estimated: )
    │ External ID  : (none)
    │ Description  : ¡Buscamos Conductores para Bogota! ¡Haz parte de una empresa líder en logística y transporte!
¿Tienes experiencia como conductor y buscas estabilidad laboral? Esta es tu oportunidad de vincularte a un…
    └───────────────────────────────────────────────────────
2026-09-27 14:44:50,852 DEBUG https://colombia.mimusjobs.com:443 "GET /wp-json/wp/v2/companies?slug=importante-empresa-del-sector HTTP/1.1" 200 None
2026-09-27 14:44:50,853 INFO ⏭ Company exists: Importante empresa del sector
2026-09-27 14:44:51,921 DEBUG https://colombia.mimusjobs.com:443 "GET /wp-json/wp/v2/job-listings?slug=conductores-c1--c2--c3---bogota HTTP/1.1" 200 None
2026-09-27 14:44:51,922 INFO ⏭ Job already on WP: Conductores C1, C2, C3 / Bogota
2026-09-27 14:44:51,922 INFO ✅ SUCCESS — 'Conductores C1, C2, C3 / Bogota' → WP ID=17025 🔗 https://colombia.mimusjobs.com/job/conductores-c1-c2-c3-bogota/
2026-09-27 14:44:52,922 INFO ── https://co.computrabajo.com/empleos-en-bogota-dc | page 9 | job 14/20: https://co.computrabajo.com/ofertas-de-trabajo/oferta-de-trabajo-de-conductores-de-minivan-para-la-ciudad-de-bogota-en-bogota-dc-8F8288192A89F59661373E686DCF3405
2026-09-27 14:44:53,021 DEBUG https://co.computrabajo.com:443 "GET /ofertas-de-trabajo/oferta-de-trabajo-de-conductores-de-minivan-para-la-ciudad-de-bogota-en-bogota-dc-8F8288192A89F59661373E686DCF3405 HTTP/1.1" 200 None
2026-09-27 14:44:53,023 DEBUG     GET https://co.computrabajo.com/ofertas-de-trabajo/oferta-de-trabajo-de-conductores-de-minivan-para-la-ciudad-de-bogota-en-bogota-dc-8F8288192A89F59661373E686DCF3405 → HTTP 200 (149,783 chars)
2026-09-27 14:44:53,039 WARNING No JobPosting JSON-LD found, using HTML fallback: https://co.computrabajo.com/ofertas-de-trabajo/oferta-de-trabajo-de-conductores-de-minivan-para-la-ciudad-de-bogota-en-bogota-dc-8F8288192A89F59661373E686DCF3405
2026-09-27 14:44:53,040 INFO     ┌─ SCRAPED JOB ─────────────────────────────────────────
    │ URL          : https://co.computrabajo.com/ofertas-de-trabajo/oferta-de-trabajo-de-conductores-de-minivan-para-la-ciudad-de-bogota-en-bogota-dc-8F8288192A89F59661373E686DCF3405
    │ Title        : Conductores de minivan para la ciudad de Bogotá
    │ Company      : Importante empresa del sector
    │ Location     : Bogotá, D.C., Bogotá, D.C.
    │ Job type     : full-time
    │ Salary       : A convenir COP
    │ Industry     : (none)
    │ Date posted  : (unknown)
    │ Deadline     : (estimated: )
    │ External ID  : (none)
    │ Description  : ¡Buscamos Conductores para Bogota! ¡Haz parte de una empresa líder en logística y transporte!
¿Tienes experiencia como conductor y buscas estabilidad laboral? Esta es tu oportunidad de vincularte a un…
    └───────────────────────────────────────────────────────
2026-09-27 14:44:53,792 DEBUG https://colombia.mimusjobs.com:443 "GET /wp-json/wp/v2/companies?slug=importante-empresa-del-sector HTTP/1.1" 200 None
2026-09-27 14:44:53,792 INFO ⏭ Company exists: Importante empresa del sector
2026-09-27 14:44:54,461 DEBUG https://colombia.mimusjobs.com:443 "GET /wp-json/wp/v2/job-listings?slug=conductores-de-minivan-para-la-ciudad-de-bogot- HTTP/1.1" 200 None
2026-09-27 14:44:55,487 DEBUG https://colombia.mimusjobs.com:443 "POST /wp-json/wp/v2/job-listings HTTP/1.1" 201 None
2026-09-27 14:44:55,488 INFO ✅ Job posted: 'Conductores de minivan para la ciudad de Bogotá' → WP ID 40260
2026-09-27 14:44:55,488 INFO ✅ SUCCESS — 'Conductores de minivan para la ciudad de Bogotá' → WP ID=40260 🔗 https://colombia.mimusjobs.com/job/conductores-de-minivan-para-la-ciudad-de-bogota-2/
2026-09-27 14:44:56,488 INFO ── https://co.computrabajo.com/empleos-en-bogota-dc | page 9 | job 15/20: https://co.computrabajo.com/ofertas-de-trabajo/oferta-de-trabajo-de-agente-call-center-venta-de-medicamentos-en-bogota-dc-1F22B660BA75925E61373E686DCF3405
2026-09-27 14:44:56,568 DEBUG https://co.computrabajo.com:443 "GET /ofertas-de-trabajo/oferta-de-trabajo-de-agente-call-center-venta-de-medicamentos-en-bogota-dc-1F22B660BA75925E61373E686DCF3405 HTTP/1.1" 200 None
2026-09-27 14:44:56,570 DEBUG     GET https://co.computrabajo.com/ofertas-de-trabajo/oferta-de-trabajo-de-agente-call-center-venta-de-medicamentos-en-bogota-dc-1F22B660BA75925E61373E686DCF3405 → HTTP 200 (152,154 chars)
2026-09-27 14:44:56,586 WARNING No JobPosting JSON-LD found, using HTML fallback: https://co.computrabajo.com/ofertas-de-trabajo/oferta-de-trabajo-de-agente-call-center-venta-de-medicamentos-en-bogota-dc-1F22B660BA75925E61373E686DCF3405
2026-09-27 14:44:56,587 INFO     ┌─ SCRAPED JOB ─────────────────────────────────────────
    │ URL          : https://co.computrabajo.com/ofertas-de-trabajo/oferta-de-trabajo-de-agente-call-center-venta-de-medicamentos-en-bogota-dc-1F22B660BA75925E61373E686DCF3405
    │ Title        : agente call center - venta de medicamentos
    │ Company      : Importante empresa del sector
    │ Location     : Bogotá, D.C., Bogotá, D.C.
    │ Job type     : full-time
    │ Salary       : $ 2.000.000,00 (Mensual) COP
    │ Industry     : (none)
    │ Date posted  : (unknown)
    │ Deadline     : (estimated: )
    │ External ID  : (none)
    │ Description  : Importante empresa del sector farmacéutico se encuentra en la búsqueda de talento comercial para la venta y dispensación de medicamentos. Se requiere personal con formación como Técnico Auxiliar de Fa…
    └───────────────────────────────────────────────────────
2026-09-27 14:44:57,289 DEBUG https://colombia.mimusjobs.com:443 "GET /wp-json/wp/v2/companies?slug=importante-empresa-del-sector HTTP/1.1" 200 None
2026-09-27 14:44:57,290 INFO ⏭ Company exists: Importante empresa del sector
2026-09-27 14:44:58,004 DEBUG https://colombia.mimusjobs.com:443 "GET /wp-json/wp/v2/job-listings?slug=agente-call-center---venta-de-medicamentos HTTP/1.1" 200 None
2026-09-27 14:44:58,004 INFO ⏭ Job already on WP: agente call center - venta de medicamentos
2026-09-27 14:44:58,004 INFO ✅ SUCCESS — 'agente call center - venta de medicamentos' → WP ID=17212 🔗 https://colombia.mimusjobs.com/job/agente-call-center-venta-de-medicamentos/
2026-09-27 14:44:59,005 INFO ── https://co.computrabajo.com/empleos-en-bogota-dc | page 9 | job 16/20: https://co.computrabajo.com/ofertas-de-trabajo/oferta-de-trabajo-de-asesor-comercial-principal-centro-de-experiencia-tecnologia-electrodomesticos-en-bogota-dc-17E37F689788719761373E686DCF3405
2026-09-27 14:44:59,084 DEBUG https://co.computrabajo.com:443 "GET /ofertas-de-trabajo/oferta-de-trabajo-de-asesor-comercial-principal-centro-de-experiencia-tecnologia-electrodomesticos-en-bogota-dc-17E37F689788719761373E686DCF3405 HTTP/1.1" 200 None
2026-09-27 14:44:59,086 DEBUG     GET https://co.computrabajo.com/ofertas-de-trabajo/oferta-de-trabajo-de-asesor-comercial-principal-centro-de-experiencia-tecnologia-electrodomesticos-en-bogota-dc-17E37F689788719761373E686DCF3405 → HTTP 200 (154,251 chars)
2026-09-27 14:44:59,102 WARNING No JobPosting JSON-LD found, using HTML fallback: https://co.computrabajo.com/ofertas-de-trabajo/oferta-de-trabajo-de-asesor-comercial-principal-centro-de-experiencia-tecnologia-electrodomesticos-en-bogota-dc-17E37F689788719761373E686DCF3405
2026-09-27 14:44:59,103 INFO     ┌─ SCRAPED JOB ─────────────────────────────────────────
    │ URL          : https://co.computrabajo.com/ofertas-de-trabajo/oferta-de-trabajo-de-asesor-comercial-principal-centro-de-experiencia-tecnologia-electrodomesticos-en-bogota-dc-17E37F689788719761373E686DCF3405
    │ Title        : Asesor Comercial Principal/ Centro de Experiencia - Tecnologia / Electrodomesticos
    │ Company      : Importante empresa del sector
    │ Location     : Bogotá, D.C., Bogotá, D.C.
    │ Job type     : full-time
    │ Salary       : A convenir COP
    │ Industry     : (none)
    │ Date posted  : (unknown)
    │ Deadline     : (estimated: )
    │ External ID  : (none)
    │ Description  : ¡Haz parte del mundo de las telecomunicaciones y rompe tus propios límites!
Buscamos Asesores Principales TOP que quieran brillar representando una reconocida marca del sector telecomunicaciones.
¡Ten…
    └───────────────────────────────────────────────────────
2026-09-27 14:44:59,788 DEBUG https://colombia.mimusjobs.com:443 "GET /wp-json/wp/v2/companies?slug=importante-empresa-del-sector HTTP/1.1" 200 None
2026-09-27 14:44:59,788 INFO ⏭ Company exists: Importante empresa del sector
2026-09-27 14:45:00,905 DEBUG https://colombia.mimusjobs.com:443 "GET /wp-json/wp/v2/job-listings?slug=asesor-comercial-principal--centro-de-experiencia---tecnologia---electrodomestic HTTP/1.1" 200 None
2026-09-27 14:45:01,861 DEBUG https://colombia.mimusjobs.com:443 "POST /wp-json/wp/v2/job-listings HTTP/1.1" 201 None
2026-09-27 14:45:01,862 INFO ✅ Job posted: 'Asesor Comercial Principal/ Centro de Experiencia - Tecnologia / Electrodomesticos' → WP ID 40261
2026-09-27 14:45:01,862 INFO ✅ SUCCESS — 'Asesor Comercial Principal/ Centro de Experiencia - Tecnologia / Electrodomesticos' → WP ID=40261 🔗 https://colombia.mimusjobs.com/job/asesor-comercial-principal-centro-de-experiencia-tecnologia-electrodomesticos-2/
2026-09-27 14:45:02,862 INFO ── https://co.computrabajo.com/empleos-en-bogota-dc | page 9 | job 17/20: https://co.computrabajo.com/ofertas-de-trabajo/oferta-de-trabajo-de-ingeniero-de-modelacion-bim-parque-del-virrey-en-bogota-dc-9470D9FD81B1102261373E686DCF3405
2026-09-27 14:45:02,944 DEBUG https://co.computrabajo.com:443 "GET /ofertas-de-trabajo/oferta-de-trabajo-de-ingeniero-de-modelacion-bim-parque-del-virrey-en-bogota-dc-9470D9FD81B1102261373E686DCF3405 HTTP/1.1" 200 None
2026-09-27 14:45:02,947 DEBUG     GET https://co.computrabajo.com/ofertas-de-trabajo/oferta-de-trabajo-de-ingeniero-de-modelacion-bim-parque-del-virrey-en-bogota-dc-9470D9FD81B1102261373E686DCF3405 → HTTP 200 (175,991 chars)
2026-09-27 14:45:02,969 INFO     ┌─ SCRAPED JOB ─────────────────────────────────────────
    │ URL          : https://co.computrabajo.com/ofertas-de-trabajo/oferta-de-trabajo-de-ingeniero-de-modelacion-bim-parque-del-virrey-en-bogota-dc-9470D9FD81B1102261373E686DCF3405
    │ Title        : Ingeniero de Modelación BIM / Parque del Virrey
    │ Company      : Adecco Colombia S.A.
    │ Location     : Bogotá, D.C.
    │ Job type     : full-time
    │ Salary       : (not listed)
    │ Industry     : RRHH / Personal
    │ Date posted  : 2026-09-11
    │ Deadline     : 2026-11-10
    │ External ID  : F9FF1FBA81D6FD54
    │ Description  : ¡BUSCAMOS UN INGENIERO DE MODELACIÓN BIM!
Desde ADECCO COLOMBIA buscamos un INGENIERO DE MODELACIÓN BIM para trabajar con importante empresa dedicada a la consultoría, ingeniería y arquitectura. Para …
    └───────────────────────────────────────────────────────
2026-09-27 14:45:03,946 DEBUG https://colombia.mimusjobs.com:443 "GET /wp-json/wp/v2/companies?slug=adecco-colombia-s-a- HTTP/1.1" 200 None
2026-09-27 14:45:03,946 INFO ⏭ Company exists: Adecco Colombia S.A.
2026-09-27 14:45:04,889 DEBUG https://colombia.mimusjobs.com:443 "GET /wp-json/wp/v2/job-listings?slug=ingeniero-de-modelaci-n-bim---parque-del-virrey HTTP/1.1" 200 None
2026-09-27 14:45:04,912 DEBUG https://ii.ct-stc.com:443 "GET /1/logos/empresas/2025/07/22//adecco-colombia-sa174640thumbnail.png HTTP/1.1" 200 6638
2026-09-27 14:45:05,958 DEBUG https://colombia.mimusjobs.com:443 "POST /wp-json/wp/v2/media HTTP/1.1" 201 None
2026-09-27 14:45:08,588 DEBUG https://colombia.mimusjobs.com:443 "POST /wp-json/wp/v2/job-listings HTTP/1.1" 201 None
2026-09-27 14:45:08,588 INFO ✅ Job posted: 'Ingeniero de Modelación BIM / Parque del Virrey' → WP ID 40263
2026-09-27 14:45:08,588 INFO ✅ SUCCESS — 'Ingeniero de Modelación BIM / Parque del Virrey' → WP ID=40263 🔗 https://colombia.mimusjobs.com/job/ingeniero-de-modelacion-bim-parque-del-virrey-2/
2026-09-27 14:45:09,588 INFO ── https://co.computrabajo.com/empleos-en-bogota-dc | page 9 | job 18/20: https://co.computrabajo.com/ofertas-de-trabajo/oferta-de-trabajo-de-practicante-trade-marketing-bogota-en-bogota-dc-70435509CAF0DED961373E686DCF3405
2026-09-27 14:45:09,694 DEBUG https://co.computrabajo.com:443 "GET /ofertas-de-trabajo/oferta-de-trabajo-de-practicante-trade-marketing-bogota-en-bogota-dc-70435509CAF0DED961373E686DCF3405 HTTP/1.1" 200 None
2026-09-27 14:45:09,700 DEBUG     GET https://co.computrabajo.com/ofertas-de-trabajo/oferta-de-trabajo-de-practicante-trade-marketing-bogota-en-bogota-dc-70435509CAF0DED961373E686DCF3405 → HTTP 200 (175,951 chars)
2026-09-27 14:45:09,721 INFO     ┌─ SCRAPED JOB ─────────────────────────────────────────
    │ URL          : https://co.computrabajo.com/ofertas-de-trabajo/oferta-de-trabajo-de-practicante-trade-marketing-bogota-en-bogota-dc-70435509CAF0DED961373E686DCF3405
    │ Title        : Practicante Trade Marketing - Bogotá
    │ Company      : Adecco Colombia S.A.
    │ Location     : Bogotá, D.C.
    │ Job type     : full-time
    │ Salary       : (not listed)
    │ Industry     : RRHH / Personal
    │ Date posted  : 2026-09-11
    │ Deadline     : 2026-11-10
    │ External ID  : F9FF1FBA81D6FD54
    │ Description  : Ubicación: Bogotá D.C.
Modalidad: Híbrida (Lunes y jueves presencial, con posibilidad de modificaciones)
Horario: Lunes a viernes de 8:00 a.m. a 5:00 p.m. · Perfil requerido
Buscamos un(a) Practicante…
    └───────────────────────────────────────────────────────
2026-09-27 14:45:10,303 DEBUG https://colombia.mimusjobs.com:443 "GET /wp-json/wp/v2/companies?slug=adecco-colombia-s-a- HTTP/1.1" 200 None
2026-09-27 14:45:10,304 INFO ⏭ Company exists: Adecco Colombia S.A.
2026-09-27 14:45:11,286 DEBUG https://colombia.mimusjobs.com:443 "GET /wp-json/wp/v2/job-listings?slug=practicante-trade-marketing---bogot- HTTP/1.1" 200 None
2026-09-27 14:45:11,291 DEBUG https://ii.ct-stc.com:443 "GET /1/logos/empresas/2025/07/22//adecco-colombia-sa174640thumbnail.png HTTP/1.1" 200 6638
2026-09-27 14:45:12,748 DEBUG https://colombia.mimusjobs.com:443 "POST /wp-json/wp/v2/media HTTP/1.1" 201 None
